,runtime,sim_time,surface_moisture,timestep,wind_direction,wind_speed,canopy_moisture,run_max_mem_rss_bytes,area,steps_fire
0,5475,4503,0.1,600,65.0,2.235,1.0,1934680,560976.0,600
1,9737,11382,0.05,600,90.0,4.47,0.9,2470180,1981888.0,600
2,501,3937,0.12,600,270.0,2.235,0.95,517424,359488.0,600
3,4325,4921,0.1,600,137.0,3.0,1.1,2454040,1053216.0,600
4,9008,14997,0.15,600,360.0,4.47,1.0,3919432,648024.0,600
5,20920,27251,0.25,600,90.0,2.235,0.9,3917792,648024.0,600
6,10910,16374,0.05,600,270.0,2.235,1.0,2427368,1981888.0,600
7,123,5983,0.15,600,180.0,4.47,0.9,2275800,648024.0,600
8,3057,5945,0.1,600,120.0,6.705,1.0,1337436,646416.0,600
9,20212,8543,0.09,600,195.0,3.129,0.9,4232996,648024.0,600
10,19934,6705,0.1,600,90.0,1.341,0.9,4245740,648024.0,600
11,2684,4225,0.3,600,120.0,15.0,0.5,2659032,820864.0,600
12,23708,8543,0.07,600,195.0,6.705,0.9,4232916,648024.0,600
13,2625,4225,0.1,600,180.0,20.0,0.3,2659828,820864.0,600
14,1727,4225,0.3,600,120.0,5.0,0.3,2658900,820864.0,600
15,3446,5918,0.1,600,60.0,2.235,1.0,2461544,646416.0,600
16,2250,19838,0.2,600,60.0,6.705,0.9,452076,294840.0,600
17,4081,3824,0.05,600,15.0,4.47,1.0,1938784,560976.0,600
18,4442,3824,0.05,600,75.0,4.47,1.0,1938596,560976.0,600
19,20272,6640,0.15,600,60.0,2.235,1.2,4229724,648024.0,600
20,14131,11359,0.05,600,180.0,2.235,1.0,2470848,1981888.0,600
21,1464,11719,0.15,600,60.0,4.47,0.9,451720,294840.0,600
22,4186,4225,0.1,600,90.0,15.0,0.4,2659060,820864.0,600
23,10477,11359,0.1,600,150.0,3.129,0.8,2470240,1981888.0,600
24,750,5223,0.15,600,90.0,4.47,0.9,452140,294840.0,600
25,17446,8543,0.11,600,225.0,3.129,0.9,4231776,648024.0,600
26,10847,13493,0.1,600,60.0,4.47,0.9,2428228,1981888.0,600
27,19426,8543,0.07,600,255.0,6.705,0.9,4232372,648024.0,600
28,12541,11382,0.05,600,120.0,4.47,0.9,2470180,1981888.0,600
29,3046,5918,0.25,600,90.0,4.47,0.9,2461984,646416.0,600
30,3285,5918,0.2,600,90.0,2.235,0.9,2461768,646416.0,600
31,2474,5945,0.15,600,90.0,2.235,0.9,1336984,646416.0,600
32,3318,5918,0.1,600,60.0,2.235,0.9,2449560,646416.0,600
33,9782,27251,0.2,600,120.0,4.47,1.0,3919392,648024.0,600
34,656,5223,0.1,600,60.0,4.47,0.9,452028,294840.0,600
35,2760,19838,0.25,600,60.0,2.235,0.9,452020,294840.0,600
36,838,3937,0.07,600,300.0,4.47,0.95,517480,359488.0,600
37,456,4235,0.12,600,240.0,2.235,1.0,517044,359488.0,600
38,2455,6748,0.1,600,120.0,3.576,0.9,1338992,646416.0,600
39,889,4228,0.07,600,270.0,4.47,1.0,516752,359488.0,600
40,1074,5295,0.07,600,200.0,1.341,1.2,646732,538244.0,600
41,10369,11359,0.1,600,150.0,2.235,1.0,2468564,1981888.0,600
42,2279,5918,0.15,600,60.0,6.705,1.0,2461908,646416.0,600
43,590,4157,0.12,600,10.0,2.0,1.0,436472,294840.0,600
44,10956,16374,0.09,600,270.0,6.705,1.0,2427368,1981888.0,600
45,720,5223,0.2,600,90.0,4.47,0.9,451920,294840.0,600
46,3541,5945,0.2,600,120.0,2.235,0.9,1337008,646416.0,600
47,16622,10603,0.07,600,180.0,2.682,0.9,2466308,1981888.0,600
48,545,4228,0.07,600,300.0,4.47,1.0,516456,359488.0,600
49,3338,4225,0.1,600,60.0,20.0,0.3,2659664,820864.0,600
50,7980,6906,0.15,600,240.0,4.47,1.1,2565372,820080.0,600
51,10512,11359,0.07,600,180.0,3.129,1.0,2468600,1981888.0,600
52,376,4228,0.07,600,270.0,6.705,1.1,516636,359488.0,600
53,694,4005,0.09,600,90.0,2.235,0.0,452008,294840.0,600
54,14330,7313,0.15,600,300.0,6.705,1.1,2551920,820080.0,600
55,3372,5460,0.1,600,60.0,2.235,0.9,1336912,646416.0,600
56,2178,5945,0.15,600,60.0,2.235,1.0,1336892,646416.0,600
57,11217,7313,0.2,600,300.0,6.705,0.9,2551760,820080.0,600
58,11517,11359,0.1,600,210.0,4.023,1.0,2468696,1981888.0,600
59,3388,5918,0.1,600,120.0,6.705,0.9,2450140,646416.0,600
60,1688,5663,0.1,600,345.0,5.364,1.2,1629996,437720.0,600
61,2469,4225,0.2,600,120.0,5.0,0.3,2659520,820864.0,600
62,2062,5918,0.1,600,60.0,6.705,0.9,2461988,646416.0,600
63,12656,10603,0.07,600,210.0,1.788,0.9,2469876,1981888.0,600
64,743,4228,0.05,600,270.0,6.705,1.1,516604,359488.0,600
65,3286,19838,0.15,600,60.0,4.47,1.0,452192,294840.0,600
66,932,3989,0.1,600,90.0,2.235,0.9,850220,460200.0,600
67,8048,7313,0.15,600,240.0,6.705,0.9,2551996,820080.0,600
68,1478,4225,0.3,600,120.0,20.0,0.4,2659012,820864.0,600
79,11995,27251,0.15,600,60.0,6.705,0.9,3920864,648024.0,600
80,15971,11382,0.07,600,60.0,4.47,0.9,2470216,1981888.0,600
81,3615,5945,0.25,600,120.0,2.235,0.9,1336668,646416.0,600
82,2656,4225,0.3,600,60.0,5.0,0.4,2659168,820864.0,600
83,588,4228,0.07,600,300.0,6.705,1.1,516628,359488.0,600
84,2260,5918,0.15,600,90.0,4.47,0.9,2461860,646416.0,600
85,8943,27251,0.1,600,60.0,6.705,0.9,3920832,648024.0,600
86,13697,13493,0.1,600,120.0,4.47,0.9,2428284,1981888.0,600
87,656,4005,0.1,600,90.0,2.235,0.9,402776,294840.0,600
88,6907,4225,0.2,600,120.0,20.0,0.5,2659332,820864.0,600
89,3245,8648,0.12,600,58.0,2.0,1.0,1142716,756648.0,600
90,1787,4225,0.1,600,90.0,5.0,0.5,2659552,820864.0,600
91,2664,9396,0.2,600,60.0,2.235,0.9,2456600,646416.0,600
92,9854,14997,0.08,600,30.0,6.705,1.1,3919584,648024.0,600
93,2702,4225,0.3,600,180.0,5.0,0.3,2659292,820864.0,600
94,1946,9396,0.25,600,90.0,4.47,1.0,2456584,646416.0,600
95,2380,5918,0.2,600,120.0,4.47,0.9,2461876,646416.0,600
96,4051,5732,0.07,600,0.0,4.0,1.0,2451900,1053216.0,600
97,7040,7313,0.15,600,270.0,6.705,1.1,2551792,820080.0,600
98,14998,10603,0.05,600,150.0,2.682,0.9,2469996,1981888.0,600
99,1364,11719,0.1,600,60.0,2.235,1.0,451856,294840.0,600
100,983,5651,0.1,600,60.0,4.47,0.9,1749284,560976.0,600
101,7475,4225,0.1,600,60.0,10.0,0.4,2658864,820864.0,600
102,7448,4225,0.3,600,180.0,10.0,0.3,2658884,820864.0,600
103,3256,4613,0.05,600,270.0,3.0,0.9,2458424,646416.0,600
104,1675,6748,0.05,600,60.0,3.576,0.9,1339152,646416.0,600
105,2354,4636,0.05,600,270.0,3.0,0.9,2458944,646416.0,600
106,2093,4225,0.2,600,120.0,15.0,0.4,2659132,820864.0,600
107,768,5295,0.03,600,200.0,1.341,1.2,646656,538244.0,600
108,2297,4225,0.3,600,120.0,5.0,0.4,2658932,820864.0,600
109,2210,6748,0.05,600,90.0,3.576,0.9,1339104,646416.0,600
110,2746,5460,0.1,600,120.0,2.235,0.9,1336888,646416.0,600
111,4501,1948,0.12,120,270.0,4.470272686633884,1.0,5597148,2534136.0,120
112,2748,4225,0.2,600,120.0,5.0,0.3,2659324,820864.0,600
113,1852,3831,0.1,600,30.0,4.47,0.9,1264408,720564.0,600
114,5618,14997,0.08,600,30.0,6.705,1.0,3919720,648024.0,600
115,12855,11382,0.07,600,60.0,2.682,1.0,2470288,1981888.0,600
116,13264,10666,0.1,600,60.0,2.235,0.9,2467736,1981888.0,600
117,1143,5460,0.1,600,60.0,4.47,0.9,1336896,646416.0,600
118,17527,8543,0.11,600,255.0,3.129,0.9,4231528,648024.0,600
119,534,4228,0.09,600,270.0,6.705,1.0,516584,359488.0,600
120,2443,5918,0.15,600,90.0,6.705,0.9,2461852,646416.0,600
121,590,4005,0.1,600,60.0,6.705,0.0,452088,294840.0,600
122,3329,4225,0.1,600,120.0,10.0,0.3,2659812,820864.0,600
123,2901,19838,0.25,600,120.0,6.705,0.9,452080,294840.0,600
124,3245,19838,0.15,600,120.0,2.235,0.9,452188,294840.0,600
125,753,3916,0.05,600,240.0,4.47,1.0,516500,359488.0,600
126,2715,9396,0.1,600,60.0,4.47,0.9,2456580,646416.0,600
127,581,3937,0.05,600,240.0,2.235,0.95,517756,359488.0,600
128,2149,5918,0.15,600,120.0,4.47,0.9,2462160,646416.0,600
129,8528,11359,0.1,600,150.0,4.023,0.8,2468544,1981888.0,600
130,2823,4225,0.1,600,90.0,5.0,0.4,2659404,820864.0,600
131,22197,6640,0.08,600,90.0,4.47,1.2,4229496,648024.0,600
132,450,4228,0.07,600,240.0,6.705,1.0,516788,359488.0,600
133,651,4005,0.1,600,120.0,2.235,0.9,452336,294840.0,600
134,9189,15425,0.1,600,90.0,2.235,0.9,3902976,648024.0,600
135,15083,11382,0.12,600,90.0,4.47,1.0,2469936,1981888.0,600
136,7745,6906,0.1,600,270.0,6.705,0.9,2565340,820080.0,600
137,8109,13800,0.12,120,220.0,5.0,1.0,3528120,795096.0,120
138,508,3917,0.1,600,270.0,2.235,0.9,516608,359488.0,600
139,11305,11382,0.05,600,150.0,4.47,0.9,2469440,1981888.0,600
140,15613,11382,0.07,600,210.0,2.682,0.9,2471364,1981888.0,600
141,7476,14997,0.1,600,360.0,4.47,1.1,3916640,648024.0,600
142,11191,10603,0.12,600,150.0,1.788,0.9,2468628,1981888.0,600
143,10523,11359,0.07,600,180.0,4.023,1.0,2468772,1981888.0,600
144,14282,16374,0.05,600,240.0,6.705,0.9,2427740,1981888.0,600
145,4221,6748,0.03,600,120.0,1.341,0.9,1338772,646416.0,600
146,19867,27251,0.1,600,120.0,4.47,0.9,3920132,648024.0,600
147,10112,11382,0.07,600,210.0,4.47,0.9,2471276,1981888.0,600
148,9578,7313,0.1,600,270.0,4.47,1.1,2551752,820080.0,600
149,4127,4503,0.05,600,35.0,4.47,1.0,1935840,560976.0,600
150,2047,4225,0.1,600,90.0,5.0,0.3,2659312,820864.0,600
151,10415,11382,0.12,600,60.0,1.788,1.0,2469948,1981888.0,600
152,5179,9810,0.1,600,120.0,2.235,0.9,2290228,820080.0,600
153,2651,5725,0.12,600,135.0,2.0,1.0,1355464,727380.0,600
154,2269,6748,0.15,600,60.0,2.235,0.9,1336324,646416.0,600
155,15159,27251,0.2,600,90.0,2.235,1.0,3917132,648024.0,600
156,11007,6906,0.2,600,240.0,6.705,1.1,2565520,820080.0,600
157,13384,27251,0.25,600,60.0,4.47,0.9,3920512,648024.0,600
158,10397,11382,0.07,600,120.0,4.47,0.9,2470260,1981888.0,600
159,12213,27251,0.15,600,90.0,2.235,0.9,3919796,648024.0,600
160,1829,5945,0.25,600,60.0,4.47,0.9,1336988,646416.0,600
161,10558,14997,0.08,600,360.0,4.47,1.1,3919092,648024.0,600
162,161,177,0.12,30,181.0,3.129190880643719,1.0,1261160,720564.0,30
163,12889,11382,0.07,600,90.0,2.682,0.9,2466344,1981888.0,600
164,3077,9396,0.25,600,90.0,6.705,1.0,2456580,646416.0,600
165,10850,13493,0.15,600,90.0,4.47,0.9,2428036,1981888.0,600
166,19623,8543,0.07,600,225.0,3.129,0.9,4233032,648024.0,600
167,7105,5460,0.15,600,90.0,2.235,0.9,1344032,646416.0,600
168,1029,5295,0.05,600,230.0,1.341,1.2,646948,538244.0,600
169,2346,5918,0.15,600,90.0,2.235,0.9,2461700,646416.0,600
170,15050,8543,0.07,600,195.0,4.917,0.9,4232716,648024.0,600
171,639,5223,0.1,600,60.0,6.705,0.9,451984,294840.0,600
172,4063,5918,0.2,600,120.0,2.235,0.9,2461888,646416.0,600
173,7248,6906,0.1,600,300.0,6.705,0.9,2565292,820080.0,600
174,1775,4225,0.1,600,90.0,5.0,0.5,2659440,820864.0,600
175,5493,3824,0.15,600,45.0,4.47,1.0,1938304,560976.0,600
176,1723,5651,0.1,600,90.0,2.235,0.9,1749264,560976.0,600
177,2901,9396,0.25,600,90.0,2.235,1.0,2456572,646416.0,600
178,1242,4594,0.1,600,90.0,2.235,0.9,1380696,404480.0,600
179,1813,19838,0.25,600,120.0,2.235,0.9,452128,294840.0,600
180,1589,4225,0.3,600,60.0,15.0,0.3,2659212,820864.0,600
181,484,5223,0.1,600,90.0,2.235,0.9,452040,294840.0,600
182,7628,4225,0.2,600,60.0,10.0,0.4,2659632,820864.0,600
183,576,4342,0.12,600,0.0,2.0,1.0,468076,325752.0,600
184,497,3937,0.12,600,300.0,4.47,0.95,517548,359488.0,600
185,14158,8543,0.11,600,255.0,6.705,0.9,4232196,648024.0,600
186,1914,5945,0.2,600,120.0,4.47,1.0,1336704,646416.0,600
187,566,5223,0.2,600,60.0,4.47,0.9,452068,294840.0,600
188,1537,19838,0.15,600,120.0,4.47,1.0,451996,294840.0,600
189,561,4228,0.05,600,300.0,4.47,1.1,516680,359488.0,600
190,10040,11382,0.05,600,120.0,1.788,0.9,2470348,1981888.0,600
191,14944,6910,0.15,600,180.0,2.235,0.9,4672840,908352.0,600
192,2689,5945,0.25,600,60.0,2.235,1.0,1336892,646416.0,600
193,270,174,0.12,30,134.0,2.235136343316942,1.0,2655060,820864.0,30
194,547,4235,0.09,600,270.0,4.47,1.0,516996,359488.0,600
195,3596,4636,0.1,600,270.0,3.0,0.9,2459128,646416.0,600
196,2450,4225,0.2,600,180.0,20.0,0.3,2659340,820864.0,600
197,1866,4225,0.3,600,120.0,15.0,0.4,2658812,820864.0,600
198,11469,27251,0.15,600,120.0,6.705,1.0,3920804,648024.0,600
199,13825,6906,0.1,600,270.0,2.235,0.9,2565308,820080.0,600
200,2715,19838,0.1,600,90.0,6.705,1.0,452108,294840.0,600
201,7691,4225,0.2,600,120.0,10.0,0.4,2659168,820864.0,600
202,828,4235,0.09,600,300.0,2.235,1.0,516960,359488.0,600
203,11775,11382,0.07,600,120.0,1.788,1.0,2470128,1981888.0,600
204,3542,4225,0.1,600,120.0,15.0,0.3,2659348,820864.0,600
205,2401,4669,0.25,600,270.0,3.0,0.9,1332636,646416.0,600
206,2775,4225,0.1,600,120.0,15.0,0.5,2659604,820864.0,600
207,2827,6748,0.05,600,120.0,2.235,0.9,1338996,646416.0,600
208,9845,16374,0.09,600,270.0,4.47,1.0,2427412,1981888.0,600
209,3067,9396,0.25,600,120.0,4.47,0.9,2456512,646416.0,600
210,2591,5983,0.1,600,210.0,6.705,0.9,2275696,648024.0,600
211,511,3937,0.12,600,240.0,2.235,0.95,517644,359488.0,600
212,737,5223,0.2,600,90.0,2.235,0.9,452252,294840.0,600
213,9167,7313,0.2,600,240.0,4.47,1.1,2551800,820080.0,600
214,2872,5945,0.25,600,60.0,6.705,0.9,1337008,646416.0,600
215,2645,4225,0.1,600,120.0,5.0,0.5,2659852,820864.0,600
216,7705,4225,0.2,600,90.0,5.0,0.3,2659248,820864.0,600
217,87,191,0.12,30,225.0,2.235136343316942,1.0,1350368,404480.0,30
218,11979,16374,0.05,600,300.0,4.47,0.9,2427604,1981888.0,600
219,651,4235,0.12,600,300.0,2.235,1.0,516928,359488.0,600
220,1782,4225,0.1,600,180.0,20.0,0.5,2659632,820864.0,600
221,13130,27251,0.15,600,90.0,6.705,1.0,3919496,648024.0,600
222,87,99,0.12,30,139.0,2.235136343316942,1.0,819240,460200.0,30
223,1327,11719,0.15,600,90.0,2.235,1.0,451672,294840.0,600
224,2742,5945,0.15,600,120.0,2.235,0.9,1336876,646416.0,600
225,3236,5918,0.15,600,60.0,2.235,0.9,2461576,646416.0,600
226,7686,4225,0.2,600,90.0,10.0,0.3,2659200,820864.0,600
227,549,800,0.12,20,220.0,5.0,1.0,3523232,795096.0,20
228,25563,8543,0.07,600,255.0,3.129,0.9,4231812,648024.0,600
229,1530,4225,0.2,600,180.0,15.0,0.4,2659344,820864.0,600
230,9170,6906,0.15,600,300.0,6.705,0.9,2565272,820080.0,600
231,639,4228,0.07,600,270.0,4.47,1.1,516544,359488.0,600
232,11176,27251,0.2,600,90.0,6.705,1.0,3919620,648024.0,600
233,507,3937,0.12,600,300.0,2.235,0.95,517668,359488.0,600
234,2582,4225,0.2,600,180.0,5.0,0.5,2659252,820864.0,600
235,642,4228,0.05,600,240.0,2.235,1.0,516900,359488.0,600
236,2557,9396,0.15,600,90.0,2.235,0.9,2456536,646416.0,600
237,788,4005,0.1,600,120.0,2.235,0.9,452480,294840.0,600
238,21100,7313,0.2,600,240.0,4.47,0.9,2551940,820080.0,600
239,1340,9396,0.1,600,60.0,2.235,1.0,2456648,646416.0,600
240,10433,11359,0.07,600,180.0,4.023,0.8,2470756,1981888.0,600
241,13835,16374,0.07,600,300.0,4.47,0.9,2427328,1981888.0,600
242,7470,4225,0.1,600,120.0,10.0,0.4,2659700,820864.0,600
243,4455,4225,0.1,600,60.0,5.0,0.4,2659716,820864.0,600
244,2858,5918,0.2,600,60.0,4.47,0.9,2462164,646416.0,600
245,1923,19838,0.1,600,120.0,4.47,1.0,452192,294840.0,600
246,2385,9396,0.1,600,120.0,6.705,0.9,2457392,646416.0,600
247,388,4228,0.09,600,240.0,2.235,1.1,516600,359488.0,600
248,513,4005,0.1,600,90.0,2.235,0.9,452408,294840.0,600
249,2548,4225,0.2,600,180.0,20.0,0.4,2659448,820864.0,600
250,473,4228,0.05,600,240.0,2.235,1.1,516776,359488.0,600
251,15819,7313,0.1,600,300.0,2.235,1.1,2551772,820080.0,600
252,3567,3824,0.15,600,15.0,2.235,1.0,1938508,560976.0,600
253,1344,11719,0.1,600,90.0,2.235,0.9,451708,294840.0,600
254,3148,4669,0.1,600,270.0,3.0,0.9,1332604,646416.0,600
255,2037,5918,0.2,600,90.0,4.47,0.9,2461964,646416.0,600
256,1705,4225,0.1,600,180.0,15.0,0.5,2660120,820864.0,600
257,11956,7313,0.15,600,240.0,2.235,0.9,2552024,820080.0,600
258,13243,10666,0.2,600,90.0,4.47,0.9,2467156,1981888.0,600
259,2991,5918,0.15,600,120.0,6.705,1.0,2462384,646416.0,600
260,6746,7313,0.15,600,270.0,4.47,0.9,2551616,820080.0,600
261,9698,14997,0.08,600,330.0,4.47,1.0,3919724,648024.0,600
262,20076,6910,0.1,600,180.0,2.235,0.9,4672904,908352.0,600
263,10234,6910,0.2,600,210.0,4.47,0.9,4674148,908352.0,600
264,13306,16374,0.09,600,300.0,2.235,0.9,2427544,1981888.0,600
265,16299,8543,0.07,600,225.0,4.917,0.9,4233188,648024.0,600
266,797,4228,0.07,600,240.0,2.235,1.0,516752,359488.0,600
267,16999,6906,0.15,600,300.0,2.235,1.1,2565276,820080.0,600
268,4185,4225,0.3,600,180.0,15.0,0.5,2658896,820864.0,600
269,8996,11983,0.12,600,25.0,1.0,1.0,2290620,1158360.0,600
270,17150,11382,0.07,600,60.0,2.682,0.9,2470168,1981888.0,600
271,14741,27251,0.25,600,60.0,6.705,0.9,3920860,648024.0,600
272,1461,11719,0.1,600,60.0,4.47,0.9,451632,294840.0,600
273,4507,6084,0.1,600,90.0,2.235,0.9,2285244,820080.0,600
274,9913,16374,0.05,600,270.0,4.47,1.0,2427420,1981888.0,600
275,11084,11382,0.12,600,90.0,2.682,0.9,2470192,1981888.0,600
276,2610,4225,0.2,600,180.0,10.0,0.4,2659400,820864.0,600
277,2538,4225,0.1,600,90.0,15.0,0.3,2659364,820864.0,600
278,13912,6906,0.1,600,270.0,2.235,1.1,2565332,820080.0,600
279,9290,11382,0.12,600,180.0,4.47,0.9,2469044,1981888.0,600
280,10085,11359,0.1,600,180.0,3.129,1.0,2468504,1981888.0,600
281,11826,27251,0.2,600,120.0,6.705,0.9,3920352,648024.0,600
282,7632,14997,0.1,600,360.0,6.705,1.1,3919272,648024.0,600
283,9800,6906,0.2,600,270.0,4.47,0.9,2565348,820080.0,600
284,4615,4503,0.1,600,65.0,8.941,1.0,1935164,560976.0,600
285,2911,5945,0.2,600,90.0,2.235,1.0,1336904,646416.0,600
286,2990,4225,0.2,600,90.0,20.0,0.5,2659008,820864.0,600
287,1630,4225,0.1,600,120.0,15.0,0.5,2659492,820864.0,600
288,16227,10603,0.07,600,150.0,1.788,0.9,2469924,1981888.0,600
289,15664,4225,0.3,600,180.0,20.0,0.4,2658772,820864.0,600
290,1078,5295,0.07,600,230.0,5.364,1.2,646744,538244.0,600
291,26,10,0.1,10,60.0,2.235,0.9,2462260,646416.0,10
292,1895,9396,0.2,600,60.0,6.705,1.0,2456588,646416.0,600
293,1514,4225,0.3,600,120.0,5.0,0.4,2658932,820864.0,600
294,2677,4225,0.2,600,120.0,15.0,0.5,2659156,820864.0,600
295,19742,8543,0.07,600,225.0,6.705,0.9,4233468,648024.0,600
296,1123,4307,0.1,600,44.0,2.235,0.9,1727192,560976.0,600
297,1690,5945,0.25,600,120.0,6.705,1.0,1337140,646416.0,600
298,1982,5945,0.1,600,90.0,6.705,1.0,1337048,646416.0,600
299,7536,11359,0.07,600,210.0,4.023,1.0,2468732,1981888.0,600
300,2348,6748,0.03,600,90.0,3.576,0.9,1338968,646416.0,600
301,21302,6705,0.05,600,60.0,2.682,0.9,4247252,648024.0,600
302,13785,11382,0.05,600,60.0,4.47,1.0,2468960,1981888.0,600
303,3524,5918,0.25,600,90.0,2.235,1.0,2461920,646416.0,600
304,2670,5918,0.25,600,120.0,2.235,0.9,2461740,646416.0,600
305,1292,5460,0.15,600,120.0,4.47,0.9,1337376,646416.0,600
306,2595,4225,0.1,600,120.0,5.0,0.5,2659688,820864.0,600
307,12046,14997,0.08,600,30.0,5.364,1.0,3919744,648024.0,600
308,3015,5918,0.2,600,60.0,4.47,1.0,2462088,646416.0,600
309,2720,4225,0.1,600,60.0,10.0,0.3,2659644,820864.0,600
310,2675,9396,0.15,600,90.0,6.705,1.0,2456584,646416.0,600
311,616,5223,0.15,600,60.0,2.235,0.9,451892,294840.0,600
312,2439,6748,0.1,600,120.0,2.235,0.9,1339196,646416.0,600
313,3369,5918,0.1,600,120.0,2.235,0.9,2449628,646416.0,600
314,2082,4556,0.12,600,106.0,2.0,1.0,1380016,727380.0,600
315,1544,4225,0.3,600,180.0,5.0,0.3,2659092,820864.0,600
316,8060,10666,0.15,600,60.0,4.47,0.9,2469632,1981888.0,600
317,4082,5945,0.25,600,90.0,2.235,1.0,1337008,646416.0,600
318,8533,6906,0.15,600,270.0,4.47,1.1,2565376,820080.0,600
319,1303,11719,0.1,600,90.0,4.47,1.0,451612,294840.0,600
320,11079,11359,0.05,600,180.0,4.023,1.0,2468964,1981888.0,600
321,14295,8543,0.11,600,225.0,6.705,0.9,4233340,648024.0,600
322,13974,6906,0.1,600,300.0,2.235,1.1,2565412,820080.0,600
323,2452,4671,0.25,600,270.0,3.0,0.9,3917444,648024.0,600
324,11494,11382,0.12,600,210.0,2.682,0.9,2471304,1981888.0,600
325,1524,4225,0.2,600,180.0,15.0,0.3,2659364,820864.0,600
326,997,3699,0.1,600,100.0,3.0,0.3,1351572,404480.0,600
327,2243,4225,0.3,600,90.0,5.0,0.3,2658708,820864.0,600
328,7621,14997,0.08,600,330.0,4.47,1.1,3919660,648024.0,600
329,755,4228,0.09,600,240.0,6.705,1.0,516484,359488.0,600
330,609,4005,0.1,600,120.0,4.47,0.0,451936,294840.0,600
331,2203,19838,0.25,600,120.0,6.705,1.0,452368,294840.0,600
332,2742,19838,0.15,600,90.0,6.705,1.0,452196,294840.0,600
333,554,4005,0.1,600,90.0,2.235,0.9,452580,294840.0,600
334,12401,11382,0.05,600,150.0,1.788,0.9,2469184,1981888.0,600
335,2205,4225,0.2,600,180.0,10.0,0.3,2659156,820864.0,600
336,1710,5945,0.1,600,90.0,6.705,0.9,1337024,646416.0,600
337,18760,6910,0.15,600,150.0,2.235,0.9,4672804,908352.0,600
338,11440,16374,0.05,600,270.0,6.705,1.0,2427584,1981888.0,600
339,2689,4225,0.3,600,60.0,10.0,0.5,2659264,820864.0,600
340,8922,4225,0.2,600,180.0,5.0,0.4,2658396,820864.0,600
341,4222,4225,0.1,600,120.0,5.0,0.3,2659616,820864.0,600
342,9920,10603,0.05,600,210.0,2.682,0.9,2470084,1981888.0,600
343,116,100,0.12,10,0.0,5.0,1.0,3498292,795096.0,10
344,1417,11719,0.1,600,60.0,4.47,1.0,451656,294840.0,600
345,8537,13493,0.2,600,120.0,6.705,0.9,2428016,1981888.0,600
346,11178,6910,0.2,600,180.0,4.47,0.9,4672788,908352.0,600
347,13991,11359,0.1,600,210.0,4.023,0.8,2468668,1981888.0,600
348,7998,7313,0.2,600,270.0,4.47,1.1,2551824,820080.0,600
349,1982,3831,0.1,600,0.0,4.47,0.9,1264588,720564.0,600
350,2669,6748,0.15,600,90.0,2.235,0.9,1336564,646416.0,600
351,2785,5983,0.2,600,180.0,4.47,0.9,2275420,648024.0,600
352,13711,10603,0.12,600,210.0,2.682,0.9,2469568,1981888.0,600
353,38,120,0.1,30,100.0,3.0,0.3,419284,360000.0,30
354,38222,22227,0.08,600,0.0,2.0,1.0,8292568,2543220.0,600
355,3137,9396,0.15,600,90.0,2.235,1.0,2456576,646416.0,600
356,13397,14997,0.1,600,30.0,4.47,1.0,3919744,648024.0,600
357,3808,9810,0.1,600,60.0,2.235,0.9,2289736,820080.0,600
358,10281,14997,0.1,600,330.0,6.705,1.0,3919408,648024.0,600
359,1148,5295,0.03,600,230.0,5.364,1.2,646904,538244.0,600
360,2101,5945,0.1,600,120.0,4.47,1.0,1337288,646416.0,600
361,2123,5918,0.15,600,120.0,4.47,1.0,2462264,646416.0,600
362,9290,14997,0.1,600,360.0,6.705,1.0,3919256,648024.0,600
363,451,4228,0.05,600,270.0,4.47,1.1,516624,359488.0,600
364,8948,6906,0.15,600,270.0,6.705,1.1,2565220,820080.0,600
365,3470,6430,0.12,600,225.0,2.0,1.0,3035428,983808.0,600
366,2086,5002,0.12,600,180.0,3.0,1.0,2452008,1053216.0,600
367,6615,4225,0.3,600,120.0,10.0,0.5,2658816,820864.0,600
368,12949,27251,0.25,600,60.0,6.705,1.0,3920588,648024.0,600
369,1988,5945,0.25,600,60.0,4.47,1.0,1336904,646416.0,600
370,3242,4671,0.25,600,270.0,3.0,0.9,1335652,646416.0,600
371,13291,10951,0.06,600,85.0,4.023,1.0,3897060,962800.0,600
372,11948,11359,0.07,600,210.0,2.235,0.8,2468824,1981888.0,600
373,2700,19838,0.25,600,90.0,6.705,1.0,452104,294840.0,600
374,7940,14997,0.08,600,30.0,4.47,1.1,3919396,648024.0,600
375,2447,5460,0.15,600,120.0,2.235,0.9,1344172,646416.0,600
376,4183,4225,0.2,600,180.0,10.0,0.3,2659160,820864.0,600
377,4208,4225,0.1,600,60.0,10.0,0.5,2659960,820864.0,600
378,1626,4005,0.07,600,120.0,2.235,0.0,452104,294840.0,600
379,462,4005,0.07,600,90.0,2.235,0.0,452088,294840.0,600
380,13868,6906,0.2,600,240.0,6.705,0.9,2565464,820080.0,600
381,483,4005,0.09,600,60.0,6.705,0.0,451920,294840.0,600
382,12326,11359,0.05,600,210.0,3.129,0.8,2468868,1981888.0,600
383,10044,27251,0.2,600,60.0,4.47,0.9,3920132,648024.0,600
384,13240,27251,0.1,600,90.0,6.705,0.9,3919932,648024.0,600
385,13400,10666,0.1,600,60.0,4.47,0.9,2469756,1981888.0,600
386,898,4235,0.07,600,240.0,4.47,1.0,517008,359488.0,600
387,14770,16374,0.05,600,300.0,6.705,0.9,2427896,1981888.0,600
388,6980,14997,0.15,600,360.0,5.364,1.1,3919416,648024.0,600
389,1019,4005,0.1,600,120.0,6.705,0.0,452020,294840.0,600
390,8134,6906,0.2,600,300.0,4.47,1.1,2565252,820080.0,600
391,3396,4613,0.1,600,270.0,3.0,0.9,1651228,640000.0,600
392,1554,4225,0.3,600,60.0,20.0,0.3,2659328,820864.0,600
393,3342,9396,0.15,600,120.0,4.47,1.0,2456960,646416.0,600
394,2999,4671,0.05,600,270.0,3.0,0.9,1340968,646416.0,600
395,13503,10666,0.2,600,120.0,2.235,0.9,2467532,1981888.0,600
396,17695,8543,0.09,600,195.0,4.917,0.9,4233172,648024.0,600
397,1097,5223,0.15,600,60.0,4.47,0.9,451892,294840.0,600
398,10985,11382,0.05,600,180.0,2.682,0.9,2471324,1981888.0,600
399,2186,19838,0.1,600,120.0,2.235,0.9,452160,294840.0,600
400,2481,5167,0.12,600,133.0,4.0,1.0,1378648,727380.0,600
401,393,4235,0.07,600,240.0,2.235,1.0,517136,359488.0,600
402,2861,4225,0.2,600,120.0,5.0,0.5,2659584,820864.0,600
403,811,4228,0.07,600,300.0,2.235,1.1,516772,359488.0,600
404,2103,6748,0.05,600,120.0,3.576,0.9,1339176,646416.0,600
405,2968,9396,0.25,600,60.0,2.235,0.9,2456728,646416.0,600
406,1313,5945,0.25,600,90.0,4.47,0.9,1336880,646416.0,600
407,498,3937,0.05,600,300.0,4.47,0.95,517768,359488.0,600
408,2801,9396,0.15,600,90.0,4.47,1.0,2456572,646416.0,600
409,12699,10666,0.1,600,60.0,6.705,0.9,2469632,1981888.0,600
410,3913,5965,0.1,600,90.0,2.235,0.9,3929228,648024.0,600
411,2111,6748,0.1,600,90.0,3.576,0.9,1339028,646416.0,600
412,12244,6640,0.1,600,90.0,4.47,1.2,4229552,648024.0,600
413,50,20,0.12,1,0.0,5.0,1.0,3497960,795096.0,1
414,1908,5945,0.2,600,120.0,4.47,0.9,1336936,646416.0,600
415,592,5223,0.2,600,90.0,6.705,0.9,452004,294840.0,600
416,11406,16374,0.07,600,240.0,2.235,1.0,2427584,1981888.0,600
417,2874,4225,0.3,600,90.0,20.0,0.4,2658568,820864.0,600
418,746,3917,0.1,600,240.0,2.235,0.9,516440,359488.0,600
419,7894,4225,0.1,600,60.0,15.0,0.4,2659720,820864.0,600
420,20167,27251,0.2,600,120.0,2.235,0.9,3916948,648024.0,600
421,602,4005,0.1,600,90.0,2.235,0.9,403596,294840.0,600
422,808,4235,0.12,600,270.0,2.235,1.0,516952,359488.0,600
423,10473,6906,0.2,600,270.0,2.235,1.1,2565264,820080.0,600
424,20244,6640,0.1,600,120.0,2.235,1.2,4230960,648024.0,600
425,4347,4225,0.2,600,120.0,20.0,0.4,2659228,820864.0,600
426,14901,13493,0.2,600,60.0,4.47,0.9,2426516,1981888.0,600
427,503,3917,0.1,600,300.0,2.235,0.9,516588,359488.0,600
428,2686,4225,0.1,600,60.0,15.0,0.5,2659800,820864.0,600
429,7929,13800,0.12,120,220.0,5.0,1.0,3528004,795096.0,120
430,13260,6906,0.2,600,270.0,2.235,0.9,2565260,820080.0,600
431,3257,9396,0.25,600,90.0,4.47,0.9,2444108,646416.0,600
432,2393,4225,0.3,600,60.0,5.0,0.4,2659192,820864.0,600
433,1693,4225,0.1,600,90.0,15.0,0.3,2659404,820864.0,600
434,10623,7313,0.2,600,300.0,2.235,0.9,2551696,820080.0,600
435,650,4235,0.09,600,270.0,2.235,1.0,517000,359488.0,600
436,1644,4225,0.2,600,180.0,5.0,0.3,2659276,820864.0,600
437,12619,27251,0.25,600,60.0,2.235,1.0,3917816,648024.0,600
438,725,5223,0.1,600,120.0,2.235,0.9,452048,294840.0,600
439,12247,10666,0.15,600,90.0,4.47,0.9,2469200,1981888.0,600
440,725,5223,0.1,600,120.0,6.705,0.9,451928,294840.0,600
441,1478,4225,0.2,600,180.0,10.0,0.4,2659224,820864.0,600
442,2383,9396,0.1,600,120.0,4.47,1.0,2457172,646416.0,600
443,7420,6906,0.15,600,300.0,6.705,1.1,2565208,820080.0,600
444,24702,27251,0.1,600,60.0,2.235,1.0,3919288,648024.0,600
445,10,5983,0.2,600,150.0,2.235,1.0,2274992,648024.0,600
446,2573,5918,0.1,600,60.0,4.47,1.0,2461964,646416.0,600
447,11969,27251,0.15,600,90.0,4.47,0.9,3919756,648024.0,600
448,2707,9396,0.1,600,90.0,4.47,1.0,2456648,646416.0,600
449,11462,27251,0.25,600,90.0,6.705,1.0,3919644,648024.0,600
450,7172,14997,0.1,600,30.0,5.364,1.0,3919888,648024.0,600
451,20228,6640,0.15,600,90.0,4.47,1.2,4229420,648024.0,600
452,1250,5295,0.05,600,170.0,5.364,1.2,647024,538244.0,600
453,3473,19838,0.2,600,60.0,4.47,0.9,452208,294840.0,600
454,3613,5945,0.25,600,120.0,2.235,1.0,1336724,646416.0,600
455,2523,19838,0.2,600,120.0,6.705,1.0,452088,294840.0,600
456,1064,4622,0.1,600,270.0,2.0,1.0,1331440,417648.0,600
457,3342,4225,0.1,600,60.0,15.0,0.3,2659828,820864.0,600
458,2420,6748,0.05,600,90.0,2.235,0.9,1339020,646416.0,600
459,1485,4225,0.3,600,90.0,10.0,0.4,2658744,820864.0,600
460,11544,11359,0.1,600,150.0,3.129,1.0,2468588,1981888.0,600
461,2694,4225,0.1,600,60.0,5.0,0.3,2659820,820864.0,600
462,2264,4225,0.2,600,120.0,10.0,0.3,2659240,820864.0,600
463,435,9396,0.15,600,60.0,2.235,0.9,2456360,646416.0,600
464,19982,6705,0.1,600,60.0,1.341,0.9,4245296,648024.0,600
465,2171,6748,0.1,600,60.0,3.576,0.9,1338904,646416.0,600
466,12767,10603,0.07,600,150.0,2.682,0.9,2470076,1981888.0,600
467,7458,4225,0.3,600,60.0,15.0,0.4,2659368,820864.0,600
468,11201,11382,0.07,600,180.0,1.788,0.9,2470196,1981888.0,600
469,19007,27251,0.1,600,120.0,6.705,0.9,3920992,648024.0,600
470,17735,11382,0.12,600,120.0,2.682,0.9,2470040,1981888.0,600
471,4756,4225,0.1,600,120.0,5.0,0.4,2658836,820864.0,600
472,2577,4225,0.2,600,90.0,5.0,0.5,2659156,820864.0,600
473,2630,4225,0.1,600,60.0,10.0,0.3,2659912,820864.0,600
474,8757,11382,0.05,600,120.0,2.682,0.9,2470200,1981888.0,600
475,11184,7313,0.15,600,270.0,6.705,0.9,2551932,820080.0,600
476,12439,14997,0.1,600,330.0,5.364,1.1,3912204,648024.0,600
477,542,4005,0.1,600,60.0,2.235,0.9,452460,294840.0,600
478,18202,6906,0.2,600,300.0,2.235,1.1,2565332,820080.0,600
479,3247,5918,0.2,600,90.0,2.235,1.0,2461932,646416.0,600
480,5486,4503,0.05,600,5.0,2.235,1.0,1934704,560976.0,600
481,1236,5295,0.07,600,170.0,1.341,1.2,646720,538244.0,600
482,14256,27251,0.25,600,90.0,2.235,1.0,3918448,648024.0,600
483,1440,4225,0.3,600,180.0,15.0,0.4,2658700,820864.0,600
484,13427,11359,0.07,600,150.0,3.129,0.8,2470820,1981888.0,600
485,2248,4225,0.1,600,90.0,10.0,0.5,2659484,820864.0,600
486,19343,8543,0.09,600,255.0,3.129,0.9,4231588,648024.0,600
487,12210,27251,0.1,600,60.0,6.705,1.0,3920600,648024.0,600
488,2258,4225,0.1,600,180.0,15.0,0.5,2660056,820864.0,600
489,9071,6906,0.1,600,240.0,6.705,0.9,2566040,820080.0,600
490,2723,9396,0.2,600,90.0,4.47,0.9,2456596,646416.0,600
491,23802,6705,0.05,600,90.0,1.341,0.9,4246812,648024.0,600
492,16109,10603,0.05,600,150.0,4.47,0.9,2466208,1981888.0,600
493,509,5223,0.15,600,90.0,6.705,0.9,452136,294840.0,600
494,9231,11382,0.05,600,150.0,2.682,0.9,2471352,1981888.0,600
495,2237,4613,0.05,600,270.0,3.0,0.9,2446872,646416.0,600
496,7978,14997,0.08,600,330.0,6.705,1.1,3919500,648024.0,600
497,2119,4225,0.2,600,120.0,15.0,0.4,2659264,820864.0,600
498,1795,6748,0.15,600,90.0,4.47,0.9,1336480,646416.0,600
499,11055,11382,0.05,600,60.0,2.682,1.0,2470364,1981888.0,600
500,4482,4503,0.1,600,35.0,8.941,1.0,1935808,560976.0,600
501,3223,5983,0.2,600,210.0,2.235,0.9,2275384,648024.0,600
502,497,3937,0.07,600,240.0,4.47,0.95,517668,359488.0,600
503,2582,5945,0.1,600,90.0,4.47,1.0,1336928,646416.0,600
504,539,4228,0.05,600,240.0,6.705,1.0,516776,359488.0,600
505,3035,4225,0.2,600,180.0,5.0,0.4,2659464,820864.0,600
506,1169,5651,0.1,600,120.0,2.235,0.9,1749184,560976.0,600
507,447,4235,0.12,600,270.0,4.47,1.0,517080,359488.0,600
508,2201,19838,0.1,600,90.0,2.235,1.0,452272,294840.0,600
509,942,5651,0.1,600,120.0,4.47,0.9,1749268,560976.0,600
510,2793,4225,0.1,600,90.0,10.0,0.3,2659472,820864.0,600
511,19284,27251,0.1,600,90.0,4.47,1.0,3920172,648024.0,600
512,2162,5918,0.2,600,60.0,6.705,1.0,2462132,646416.0,600
513,1104,5295,0.05,600,170.0,1.341,1.2,646944,538244.0,600
514,11529,11359,0.05,600,150.0,3.129,1.0,2470840,1981888.0,600
515,1427,11719,0.15,600,60.0,4.47,1.0,451780,294840.0,600
516,481,4228,0.05,600,300.0,2.235,1.1,516568,359488.0,600
517,10059,14997,0.1,600,330.0,4.47,1.0,3919996,648024.0,600
518,11020,11359,0.05,600,180.0,4.023,0.8,2468928,1981888.0,600
519,8956,10666,0.15,600,90.0,2.235,0.9,2467416,1981888.0,600
520,17461,6640,0.15,600,90.0,2.235,1.2,4229956,648024.0,600
521,2145,5945,0.1,600,60.0,4.47,1.0,1336964,646416.0,600
522,8269,14997,0.15,600,330.0,4.47,1.0,3919448,648024.0,600
523,8616,14997,0.08,600,360.0,6.705,1.1,3919060,648024.0,600
524,8027,15425,0.1,600,120.0,2.235,0.9,3899972,648024.0,600
525,566,4228,0.05,600,270.0,2.235,1.0,516560,359488.0,600
526,3573,4209,0.1,600,100.0,3.0,0.9,3923132,648024.0,600
527,5500,14997,0.15,600,360.0,6.705,1.0,3919176,648024.0,600
528,3053,4552,0.08,600,205.0,2.0,1.0,3761968,744952.0,600
529,8882,10666,0.2,600,60.0,4.47,0.9,2469396,1981888.0,600
530,10998,6906,0.15,600,270.0,2.235,1.1,2565176,820080.0,600
531,12870,7313,0.2,600,300.0,4.47,1.1,2551812,820080.0,600
532,3548,3953,0.0,600,200.0,4.0,1.0,2118756,619584.0,600
533,1731,4682,0.25,600,270.0,3.0,0.9,2261528,648024.0,600
534,37041,10342,0.07,600,0.0,4.0,1.0,16965392,5433648.0,600
535,9609,27251,0.2,600,90.0,4.47,1.0,3918772,648024.0,600
536,3388,5918,0.15,600,120.0,2.235,0.9,2461908,646416.0,600
537,7243,6906,0.2,600,270.0,6.705,1.1,2565320,820080.0,600
538,7490,7313,0.1,600,300.0,4.47,0.9,2551620,820080.0,600
539,774,3937,0.05,600,300.0,6.705,0.95,517648,359488.0,600
540,12683,6906,0.15,600,300.0,2.235,0.9,2565292,820080.0,600
541,8320,7313,0.2,600,240.0,6.705,1.1,2552132,820080.0,600
542,7633,4225,0.1,600,90.0,20.0,0.4,2659432,820864.0,600
543,1474,4613,0.25,600,270.0,3.0,0.9,2458232,646416.0,600
544,2309,4613,0.1,600,270.0,3.0,0.9,1650904,640000.0,600
545,374,4228,0.09,600,300.0,4.47,1.1,516680,359488.0,600
546,14940,27251,0.15,600,90.0,6.705,0.9,3920048,648024.0,600
547,2455,5918,0.2,600,90.0,6.705,1.0,2461860,646416.0,600
548,2623,5918,0.2,600,90.0,6.705,0.9,2449416,646416.0,600
549,1617,4225,0.1,600,120.0,15.0,0.3,2659460,820864.0,600
550,1222,4594,0.1,600,60.0,2.235,0.9,1380256,404480.0,600
551,2401,4225,0.3,600,120.0,5.0,0.5,2658956,820864.0,600
552,2709,4225,0.2,600,120.0,5.0,0.4,2659300,820864.0,600
553,13736,10951,0.06,600,145.0,4.023,1.0,3896808,962800.0,600
554,477,5223,0.15,600,90.0,2.235,0.9,452072,294840.0,600
555,2006,5983,0.2,600,150.0,6.705,1.0,2275484,648024.0,600
556,16127,7313,0.2,600,270.0,2.235,1.1,2551924,820080.0,600
557,686,5223,0.2,600,60.0,6.705,0.9,451956,294840.0,600
558,1567,11719,0.15,600,120.0,2.235,0.9,451856,294840.0,600
559,2762,5983,0.25,600,150.0,6.705,1.0,2275744,648024.0,600
560,11774,13493,0.15,600,60.0,4.47,0.9,2426096,1981888.0,600
561,499,3937,0.05,600,240.0,4.47,0.95,517656,359488.0,600
562,9313,11359,0.1,600,180.0,2.235,1.0,2470724,1981888.0,600
563,4222,4225,0.2,600,120.0,5.0,0.4,2659456,820864.0,600
564,12364,7313,0.15,600,270.0,4.47,1.1,2551576,820080.0,600
565,1516,4225,0.2,600,180.0,15.0,0.5,2659500,820864.0,600
566,9740,11382,0.07,600,120.0,2.682,1.0,2470008,1981888.0,600
567,897,4228,0.09,600,270.0,2.235,1.0,516704,359488.0,600
568,11625,11359,0.1,600,210.0,2.235,1.0,2468536,1981888.0,600
569,9667,10666,0.2,600,60.0,2.235,0.9,2469168,1981888.0,600
570,12617,11359,0.07,600,150.0,2.235,0.8,2470780,1981888.0,600
571,2139,5918,0.25,600,120.0,6.705,1.0,2462224,646416.0,600
572,493,4235,0.07,600,300.0,2.235,1.0,516880,359488.0,600
573,802,4228,0.07,600,240.0,6.705,1.1,516480,359488.0,600
574,11066,11382,0.05,600,60.0,4.47,0.9,2470764,1981888.0,600
575,7989,10666,0.1,600,90.0,6.705,0.9,2469700,1981888.0,600
576,2842,4672,0.05,600,270.0,3.0,0.9,3879140,648024.0,600
577,453,4228,0.09,600,300.0,6.705,1.0,516628,359488.0,600
578,20857,6705,0.05,600,90.0,2.682,0.9,4247052,648024.0,600
579,1058,4307,0.1,600,74.0,2.235,0.9,1727196,560976.0,600
580,4162,5918,0.1,600,60.0,2.235,0.9,2461884,646416.0,600
581,11826,10666,0.1,600,90.0,2.235,0.9,2467312,1981888.0,600
582,875,5223,0.15,600,120.0,4.47,0.9,451952,294840.0,600
583,19339,8543,0.09,600,195.0,6.705,0.9,4233224,648024.0,600
584,3304,4672,0.1,600,270.0,3.0,0.9,3878812,648024.0,600
585,7837,15837,0.12,600,0.0,2.235136343316942,1.0,1593896,1045000.0,600
586,2366,5918,0.1,600,90.0,2.235,0.9,2461872,646416.0,600
587,55,20,0.12,1,0.0,5.0,1.0,3504732,795096.0,1
588,933,5663,0.1,600,285.0,5.364,1.2,1630176,437720.0,600
589,38941,22208,0.08,600,0.0,4.0,1.0,4896472,3127200.0,600
590,31104,15154,0.07,600,0.0,3.0,1.0,8056664,3537360.0,600
591,10827,10666,0.1,600,120.0,4.47,0.9,2469728,1981888.0,600
592,48,20,0.12,1,0.0,5.0,1.0,3500140,795096.0,1
593,6546,4503,0.05,600,5.0,4.47,1.0,1934928,560976.0,600
594,468,4228,0.07,600,270.0,6.705,1.0,516588,359488.0,600
595,13453,14997,0.15,600,330.0,6.705,1.1,3919500,648024.0,600
596,2751,5945,0.15,600,90.0,4.47,1.0,1336892,646416.0,600
597,570,4005,0.09,600,120.0,2.235,0.0,451956,294840.0,600
598,1986,4225,0.2,600,90.0,5.0,0.5,2658908,820864.0,600
599,2167,19838,0.15,600,120.0,6.705,0.9,452204,294840.0,600
600,1952,19838,0.15,600,60.0,4.47,0.9,452192,294840.0,600
601,13193,11382,0.07,600,120.0,2.682,0.9,2470144,1981888.0,600
602,7587,10666,0.2,600,120.0,4.47,0.9,2468956,1981888.0,600
603,2112,4225,0.12,600,150.0,2.0,1.0,1372212,727380.0,600
604,11838,16374,0.07,600,300.0,4.47,1.0,2427600,1981888.0,600
605,2744,6748,0.05,600,90.0,1.341,0.9,1338836,646416.0,600
606,9820,11382,0.12,600,120.0,2.682,1.0,2470060,1981888.0,600
607,14293,11359,0.07,600,210.0,4.023,0.8,2468732,1981888.0,600
608,13376,10603,0.12,600,180.0,1.788,0.9,2469744,1981888.0,600
609,11493,10603,0.05,600,180.0,1.788,0.9,2468016,1981888.0,600
610,7488,4225,0.1,600,180.0,5.0,0.5,2659948,820864.0,600
611,13361,11359,0.07,600,180.0,2.235,1.0,2468716,1981888.0,600
612,623,4005,0.07,600,90.0,4.47,0.0,451880,294840.0,600
613,17944,27251,0.1,600,90.0,2.235,1.0,3919844,648024.0,600
614,2502,4225,0.2,600,180.0,20.0,0.5,2659472,820864.0,600
615,2239,19838,0.1,600,60.0,4.47,0.9,451972,294840.0,600
616,3819,19838,0.25,600,60.0,4.47,1.0,452152,294840.0,600
617,545,4235,0.07,600,270.0,4.47,1.0,516788,359488.0,600
618,632,4005,0.07,600,60.0,6.705,0.0,452088,294840.0,600
619,2625,6748,0.05,600,60.0,2.235,0.9,1339020,646416.0,600
620,7151,7313,0.2,600,300.0,6.705,1.1,2551856,820080.0,600
621,8565,11382,0.05,600,180.0,4.47,0.9,2469280,1981888.0,600
622,12574,16374,0.07,600,240.0,6.705,1.0,2427664,1981888.0,600
623,2880,4225,0.2,600,90.0,10.0,0.4,2659280,820864.0,600
624,12571,11382,0.12,600,60.0,2.682,1.0,2469760,1981888.0,600
625,2870,5918,0.15,600,60.0,6.705,0.9,2461968,646416.0,600
626,2301,5945,0.25,600,60.0,2.235,0.9,1336972,646416.0,600
627,10689,10666,0.15,600,120.0,4.47,0.9,2469676,1981888.0,600
628,17477,27251,0.2,600,120.0,2.235,1.0,3916888,648024.0,600
629,18183,6906,0.15,600,240.0,2.235,0.9,2565368,820080.0,600
630,536,4228,0.05,600,300.0,6.705,1.1,516684,359488.0,600
631,4576,4503,0.1,600,35.0,2.235,1.0,1934960,560976.0,600
632,1819,19838,0.15,600,90.0,2.235,0.9,452168,294840.0,600
633,1894,9396,0.25,600,90.0,6.705,0.9,2456468,646416.0,600
634,7375,3824,0.05,600,15.0,2.235,1.0,1938328,560976.0,600
635,20766,6705,0.05,600,60.0,1.341,0.9,4245880,648024.0,600
636,2759,5918,0.25,600,120.0,4.47,0.9,2461812,646416.0,600
637,4347,4225,0.2,600,120.0,20.0,0.3,2659228,820864.0,600
638,10336,7313,0.1,600,240.0,6.705,1.1,2552568,820080.0,600
639,11392,10603,0.12,600,180.0,4.47,0.9,2467724,1981888.0,600
640,2157,4225,0.2,600,60.0,5.0,0.3,2659456,820864.0,600
641,559,3937,0.12,600,270.0,6.705,0.95,517752,359488.0,600
642,15694,16374,0.05,600,300.0,4.47,1.0,2427684,1981888.0,600
643,375,4235,0.12,600,240.0,6.705,1.0,516920,359488.0,600
644,53888,21100,0.08,600,270.0,4.0,1.0,16187164,4534236.0,600
645,2514,19838,0.25,600,90.0,4.47,1.0,452332,294840.0,600
646,8583,27251,0.2,600,60.0,2.235,1.0,3917380,648024.0,600
647,9174,14997,0.08,600,360.0,5.364,1.0,3919524,648024.0,600
648,11844,27251,0.2,600,90.0,2.235,0.9,3916872,648024.0,600
649,731,5223,0.15,600,120.0,6.705,0.9,452048,294840.0,600
650,2100,5983,0.2,600,180.0,4.47,1.0,2275356,648024.0,600
651,3540,5945,0.2,600,60.0,4.47,1.0,1336808,646416.0,600
652,2393,5918,0.1,600,90.0,2.235,1.0,2461896,646416.0,600
653,1743,5945,0.25,600,90.0,4.47,1.0,1336740,646416.0,600
654,12791,6906,0.1,600,240.0,4.47,1.1,2565312,820080.0,600
655,2396,5460,0.1,600,90.0,2.235,0.9,1336840,646416.0,600
656,11645,10951,0.06,600,85.0,5.364,1.0,3897048,962800.0,600
657,3177,5918,0.15,600,90.0,6.705,1.0,2461872,646416.0,600
658,7471,14997,0.15,600,30.0,6.705,1.1,3912424,648024.0,600
659,20221,11382,0.05,600,60.0,1.788,0.9,2470232,1981888.0,600
660,12014,11382,0.12,600,120.0,4.47,0.9,2470096,1981888.0,600
661,3084,4225,0.1,600,120.0,10.0,0.5,2660008,820864.0,600
662,440,5983,0.15,600,150.0,2.235,1.0,2275408,648024.0,600
663,2409,3831,0.1,600,330.0,2.235,0.9,1264524,720564.0,600
664,19843,27251,0.15,600,120.0,2.235,0.9,3916460,648024.0,600
665,10490,7313,0.15,600,240.0,4.47,1.1,2551668,820080.0,600
666,79,600,0.3,30,5.0,6.0,1.1,419128,360000.0,30
667,48,20,0.12,1,0.0,5.0,1.0,3534216,795096.0,1
668,2718,5983,0.25,600,210.0,2.235,0.9,2274684,648024.0,600
669,2772,9396,0.25,600,60.0,4.47,0.9,2456580,646416.0,600
670,4020,9810,0.1,600,90.0,2.235,0.9,2289800,820080.0,600
671,14158,27251,0.2,600,120.0,4.47,0.9,3917560,648024.0,600
672,8801,16374,0.07,600,240.0,6.705,0.9,2427616,1981888.0,600
673,2634,5983,0.1,600,210.0,4.47,1.0,2275548,648024.0,600
674,11449,11382,0.12,600,90.0,1.788,1.0,2470216,1981888.0,600
675,12605,11382,0.12,600,150.0,4.47,0.9,2469176,1981888.0,600
676,1783,4225,0.1,600,90.0,5.0,0.3,2659696,820864.0,600
677,19460,11382,0.07,600,90.0,1.788,1.0,2470156,1981888.0,600
678,1315,5945,0.15,600,90.0,4.47,0.9,1336784,646416.0,600
679,362,9396,0.15,600,60.0,2.235,1.0,2456576,646416.0,600
680,2858,6748,0.03,600,90.0,2.235,0.9,1339216,646416.0,600
681,2239,4225,0.2,600,60.0,10.0,0.5,2659412,820864.0,600
682,2177,4225,0.3,600,90.0,10.0,0.5,2658728,820864.0,600
683,15968,27251,0.1,600,120.0,6.705,1.0,3921012,648024.0,600
685,4979,4853,0.12,600,55.0,2.0,1.0,2694976,686196.0,600
686,11399,6906,0.15,600,270.0,2.235,0.9,2565464,820080.0,600
687,15824,27251,0.15,600,120.0,6.705,0.9,3920884,648024.0,600
688,10784,10666,0.2,600,60.0,6.705,0.9,2469440,1981888.0,600
689,27724,10103,0.03,600,225.0,2.0,0.8,10623524,2967424.0,600
690,2091,4674,0.1,600,270.0,3.0,0.9,1864944,646416.0,600
691,1942,19838,0.1,600,120.0,6.705,1.0,452032,294840.0,600
692,8148,13493,0.1,600,90.0,6.705,0.9,2428216,1981888.0,600
693,18464,27251,0.1,600,90.0,6.705,1.0,3920536,648024.0,600
694,9544,10603,0.05,600,180.0,4.47,0.9,2469852,1981888.0,600
695,7601,6906,0.2,600,300.0,6.705,0.9,2565228,820080.0,600
696,12435,13493,0.1,600,120.0,2.235,0.9,2426164,1981888.0,600
697,7312,14997,0.15,600,360.0,5.364,1.0,3912080,648024.0,600
698,2964,5918,0.1,600,90.0,6.705,1.0,2461836,646416.0,600
699,3992,4677,0.25,600,270.0,3.0,0.9,2246364,648024.0,600
700,10670,11382,0.12,600,180.0,2.682,0.9,2469156,1981888.0,600
701,2074,4225,0.2,600,120.0,15.0,0.5,2659172,820864.0,600
702,17171,6910,0.15,600,180.0,6.705,0.9,4672756,908352.0,600
703,729,5223,0.15,600,60.0,6.705,0.9,451948,294840.0,600
704,7933,6910,0.15,600,180.0,4.47,0.9,4672452,908352.0,600
705,34030,21994,0.12,600,144.0,2.0,1.0,8283300,2543220.0,600
706,1707,4225,0.1,600,60.0,20.0,0.5,2659756,820864.0,600
708,2703,9396,0.2,600,90.0,6.705,0.9,2456676,646416.0,600
709,758,5983,0.1,600,180.0,6.705,0.9,2275828,648024.0,600
710,14472,6910,0.1,600,180.0,6.705,0.9,4673336,908352.0,600
711,15643,16374,0.05,600,300.0,6.705,1.0,2427596,1981888.0,600
712,5166,4503,0.05,600,35.0,2.235,1.0,1934740,560976.0,600
713,2610,5945,0.2,600,60.0,6.705,1.0,1337132,646416.0,600
714,14866,11382,0.12,600,150.0,1.788,0.9,2471180,1981888.0,600
715,39667,8543,0.09,600,255.0,6.705,0.9,4231360,648024.0,600
716,375,4235,0.12,600,300.0,6.705,1.0,516972,359488.0,600
717,685,4854,0.08,600,0.0,4.0,1.0,502732,359488.0,600
718,2261,4225,0.2,600,180.0,15.0,0.5,2659256,820864.0,600
719,10345,7313,0.2,600,240.0,2.235,1.1,2551552,820080.0,600
720,10484,16374,0.05,600,300.0,2.235,1.0,2427624,1981888.0,600
721,12541,6906,0.1,600,240.0,4.47,0.9,2565396,820080.0,600
722,8575,16374,0.09,600,300.0,6.705,1.0,2427500,1981888.0,600
723,10035,10666,0.15,600,90.0,6.705,0.9,2467456,1981888.0,600
724,2502,19838,0.25,600,90.0,6.705,0.9,452124,294840.0,600
725,2267,5983,0.25,600,150.0,2.235,0.9,2274808,648024.0,600
726,5826,7313,0.1,600,300.0,4.47,1.1,2551644,820080.0,600
727,2723,5918,0.25,600,90.0,6.705,0.9,2449460,646416.0,600
728,1981,4636,0.25,600,270.0,3.0,0.9,2458808,646416.0,600
729,2456,4225,0.2,600,180.0,15.0,0.3,2659280,820864.0,600
730,2543,4225,0.2,600,60.0,5.0,0.5,2659472,820864.0,600
731,2263,5983,0.15,600,210.0,4.47,0.9,2275508,648024.0,600
732,15662,27251,0.15,600,90.0,4.47,1.0,3919556,648024.0,600
733,12407,6906,0.2,600,240.0,4.47,0.9,2565500,820080.0,600
734,553,4235,0.07,600,300.0,4.47,1.0,516896,359488.0,600
735,6613,10603,0.07,600,180.0,4.47,0.9,2469832,1981888.0,600
736,1703,5945,0.1,600,60.0,4.47,0.9,1336712,646416.0,600
737,23461,6910,0.2,600,180.0,6.705,0.9,4672612,908352.0,600
738,2817,9396,0.1,600,90.0,6.705,0.9,2456776,646416.0,600
739,31642,16451,0.18,600,0.0,4.0,1.0,13527668,3116640.0,600
740,9983,10603,0.12,600,210.0,1.788,0.9,2469576,1981888.0,600
741,477,4005,0.1,600,60.0,2.235,0.9,451612,294840.0,600
742,2287,4740,0.07,600,137.0,4.47,0.8,3465632,694416.0,600
743,3129,4225,0.1,600,60.0,5.0,0.3,2659608,820864.0,600
744,495,3937,0.05,600,240.0,6.705,0.95,517572,359488.0,600
745,14237,13493,0.15,600,90.0,6.705,0.9,2428416,1981888.0,600
746,1779,4674,0.05,600,270.0,3.0,0.9,1865116,646416.0,600
747,3658,5918,0.2,600,60.0,2.235,0.9,2461836,646416.0,600
748,2265,3831,0.1,600,30.0,2.235,0.9,1264452,720564.0,600
749,6530,9511,0.12,600,149.0,5.0,1.0,3874712,828144.0,600
750,4214,4225,0.1,600,120.0,10.0,0.3,2659928,820864.0,600
751,3077,5983,0.15,600,210.0,4.47,1.0,2275624,648024.0,600
752,11069,14997,0.08,600,330.0,5.364,1.0,3912348,648024.0,600
753,1325,11719,0.1,600,90.0,2.235,1.0,451744,294840.0,600
754,639,4228,0.07,600,270.0,2.235,1.1,516660,359488.0,600
755,2411,4225,0.1,600,180.0,15.0,0.3,2659684,820864.0,600
756,1860,5983,0.25,600,180.0,6.705,1.0,2275460,648024.0,600
757,2579,4225,0.3,600,90.0,5.0,0.5,2658916,820864.0,600
758,2564,5983,0.1,600,180.0,4.47,0.9,2275476,648024.0,600
759,1023,5295,0.05,600,170.0,2.682,1.2,647144,538244.0,600
760,14841,27251,0.2,600,60.0,6.705,1.0,3920812,648024.0,600
761,1645,5945,0.2,600,120.0,6.705,0.9,1337368,646416.0,600
762,4232,4225,0.2,600,90.0,5.0,0.4,2659240,820864.0,600
763,2749,19838,0.15,600,60.0,2.235,0.9,452108,294840.0,600
764,3279,5983,0.15,600,150.0,4.47,1.0,2275448,648024.0,600
765,10959,11382,0.12,600,60.0,4.47,0.9,2470112,1981888.0,600
766,3305,5918,0.1,600,90.0,2.235,0.9,2449484,646416.0,600
767,1716,6748,0.1,600,90.0,2.235,0.9,1338892,646416.0,600
768,415,1077,0.12,60,93.0,2.235136343316942,1.0,1349796,404480.0,60
769,1317,5295,0.03,600,230.0,2.682,1.2,646796,538244.0,600
770,496,3937,0.07,600,270.0,4.47,0.95,517348,359488.0,600
771,10679,12016,0.07,600,90.0,3.0,1.0,2466216,1981888.0,600
772,792,5223,0.1,600,60.0,2.235,0.9,452028,294840.0,600
773,3026,36169,0.15,600,315.0,7.0,1.0,15943772,3930816.0,600
774,535,4005,0.07,600,60.0,2.235,0.0,452012,294840.0,600
775,2728,4225,0.3,600,60.0,10.0,0.5,2659484,820864.0,600
776,1880,6748,0.1,600,60.0,4.47,0.9,1336304,646416.0,600
777,2252,4225,0.3,600,60.0,20.0,0.5,2659268,820864.0,600
778,21807,27251,0.2,600,90.0,4.47,0.9,3918964,648024.0,600
779,1824,4225,0.3,600,180.0,15.0,0.3,2658888,820864.0,600
780,7951,4225,0.2,600,60.0,20.0,0.5,2659536,820864.0,600
781,12372,13493,0.1,600,60.0,2.235,0.9,2428236,1981888.0,600
782,2636,5945,0.15,600,60.0,4.47,1.0,1336932,646416.0,600
783,504,3937,0.07,600,270.0,2.235,0.95,517736,359488.0,600
784,11267,6640,0.15,600,120.0,4.47,1.2,4230532,648024.0,600
785,11226,16374,0.09,600,240.0,2.235,1.0,2427396,1981888.0,600
786,823,3916,0.05,600,270.0,4.47,1.0,516444,359488.0,600
787,2401,19838,0.1,600,60.0,6.705,0.9,452184,294840.0,600
788,1934,4225,0.3,600,90.0,10.0,0.5,2658684,820864.0,600
789,2256,19838,0.1,600,60.0,2.235,1.0,452284,294840.0,600
790,17883,13493,0.15,600,60.0,2.235,0.9,2426080,1981888.0,600
791,5433,5945,0.1,600,120.0,4.47,0.9,1336872,646416.0,600
792,1112,4271,0.1,600,31.0,2.235,0.9,851656,460200.0,600
793,3010,9396,0.15,600,90.0,4.47,0.9,2456540,646416.0,600
794,11278,27251,0.1,600,90.0,2.235,0.9,3919640,648024.0,600
795,3086,5983,0.15,600,210.0,2.235,1.0,2274704,648024.0,600
796,2268,19838,0.2,600,90.0,2.235,1.0,452104,294840.0,600
797,1220,4594,0.1,600,120.0,2.235,0.9,1380260,404480.0,600
798,1583,3779,0.33,600,160.0,25.0,1.11,1126048,465648.0,600
799,1430,5945,0.15,600,90.0,6.705,0.9,1336948,646416.0,600
800,2356,4225,0.3,600,120.0,10.0,0.3,2658960,820864.0,600
801,895,5295,0.05,600,200.0,1.341,1.2,646800,538244.0,600
802,2222,19838,0.1,600,90.0,6.705,0.9,452024,294840.0,600
803,2921,6748,0.15,600,120.0,4.47,0.9,1336552,646416.0,600
804,13238,7313,0.15,600,270.0,2.235,1.1,2551756,820080.0,600
805,568,4228,0.05,600,270.0,2.235,1.1,516628,359488.0,600
806,25866,6705,0.05,600,120.0,2.682,0.9,4247512,648024.0,600
807,6850,14997,0.12,600,0.0,6.705,0.9,3916452,648024.0,600
808,14335,11382,0.05,600,90.0,2.682,1.0,2470224,1981888.0,600
809,11922,6910,0.1,600,210.0,2.235,0.9,4672668,908352.0,600
810,793,9396,0.1,600,90.0,4.47,0.9,2443768,646416.0,600
811,11445,11382,0.07,600,150.0,4.47,0.9,2471340,1981888.0,600
812,2324,5983,0.25,600,210.0,4.47,0.9,2275676,648024.0,600
813,12270,10951,0.06,600,115.0,5.364,1.0,3897340,962800.0,600
814,104,278,0.15,30,74.0,4.0,0.97,2003776,409584.0,30
815,12447,11382,0.07,600,90.0,4.47,1.0,2468856,1981888.0,600
816,10076,14997,0.08,600,360.0,6.705,1.0,3918992,648024.0,600
817,2235,5945,0.2,600,60.0,2.235,1.0,1336980,646416.0,600
818,14801,16374,0.07,600,270.0,4.47,1.0,2427544,1981888.0,600
819,495,3937,0.07,600,240.0,6.705,0.95,517540,359488.0,600
820,2964,4225,0.3,600,120.0,5.0,0.5,2658696,820864.0,600
821,180,206,0.12,30,153.0,2.235136343316942,1.0,1260960,720564.0,30
822,504,4005,0.07,600,90.0,6.705,0.0,452028,294840.0,600
823,11394,11382,0.07,600,60.0,4.47,1.0,2470128,1981888.0,600
824,7756,11359,0.1,600,210.0,3.129,0.8,2468528,1981888.0,600
825,9468,10666,0.2,600,90.0,2.235,0.9,2467492,1981888.0,600
826,2896,5918,0.2,600,120.0,6.705,1.0,2462076,646416.0,600
827,3740,5918,0.2,600,60.0,2.235,1.0,2461848,646416.0,600
828,10338,10603,0.07,600,210.0,4.47,0.9,2469960,1981888.0,600
829,687,4235,0.07,600,270.0,6.705,1.0,517088,359488.0,600
830,63,120,0.1,30,100.0,7.0,0.3,419132,360000.0,30
831,1758,5945,0.15,600,120.0,4.47,0.9,1336776,646416.0,600
832,1176,5295,0.07,600,170.0,2.682,1.2,646772,538244.0,600
833,18709,6705,0.1,600,90.0,2.682,0.9,4246848,648024.0,600
834,20487,11382,0.05,600,60.0,1.788,1.0,2470308,1981888.0,600
835,2887,4667,0.25,600,270.0,3.0,0.9,1871264,646416.0,600
836,536,4235,0.09,600,240.0,6.705,1.0,516852,359488.0,600
837,7284,9601,0.2,600,180.0,3.0,1.0,2423328,1981888.0,600
838,8351,14997,0.1,600,360.0,4.47,1.0,3919212,648024.0,600
839,1878,4225,0.2,600,90.0,10.0,0.5,2659028,820864.0,600
840,10473,10666,0.2,600,120.0,6.705,0.9,2469600,1981888.0,600
841,2232,4225,0.3,600,60.0,10.0,0.4,2659204,820864.0,600
842,4178,4225,0.1,600,90.0,20.0,0.5,2659300,820864.0,600
843,327,4005,0.1,600,120.0,2.235,0.9,401160,294840.0,600
844,4198,4225,0.3,600,120.0,10.0,0.3,2658988,820864.0,600
845,6903,14997,0.15,600,330.0,4.47,1.1,3919324,648024.0,600
846,2680,9396,0.1,600,90.0,2.235,1.0,2456312,646416.0,600
847,2116,4225,0.3,600,180.0,15.0,0.4,2658712,820864.0,600
848,10897,13493,0.15,600,120.0,2.235,0.9,2428112,1981888.0,600
849,1719,5460,0.1,600,120.0,4.47,0.9,1344608,646416.0,600
850,9460,27251,0.1,600,60.0,2.235,0.9,3916744,648024.0,600
851,3552,19838,0.15,600,90.0,4.47,1.0,452228,294840.0,600
852,4957,4503,0.05,600,65.0,2.235,1.0,1934560,560976.0,600
853,11583,7313,0.1,600,300.0,6.705,1.1,2551996,820080.0,600
854,1989,4225,0.3,600,180.0,5.0,0.5,2659304,820864.0,600
855,14138,11359,0.05,600,180.0,2.235,0.8,2470920,1981888.0,600
856,1178,4098,0.12,600,220.0,2.0,1.0,914796,465648.0,600
857,1196,5945,0.15,600,120.0,4.47,1.0,1336832,646416.0,600
858,1318,11719,0.15,600,90.0,2.235,0.9,451876,294840.0,600
859,1064,5295,0.05,600,200.0,2.682,1.2,646812,538244.0,600
860,883,4228,0.07,600,300.0,6.705,1.0,516648,359488.0,600
861,7633,4225,0.3,600,90.0,5.0,0.3,2658872,820864.0,600
862,1648,5945,0.25,600,120.0,4.47,1.0,1336832,646416.0,600
863,1922,19838,0.15,600,120.0,4.47,0.9,452196,294840.0,600
864,2713,5945,0.1,600,60.0,2.235,0.9,1337072,646416.0,600
865,2689,6748,0.05,600,120.0,1.341,0.9,1338680,646416.0,600
866,696,4228,0.07,600,300.0,4.47,1.1,516692,359488.0,600
867,1127,4345,0.1,600,60.0,2.235,0.9,515996,359488.0,600
868,11090,11359,0.05,600,210.0,3.129,1.0,2470740,1981888.0,600
869,1756,4225,0.1,600,180.0,20.0,0.4,2659992,820864.0,600
870,1860,5295,0.07,600,230.0,2.682,1.2,646892,538244.0,600
871,5181,3824,0.05,600,75.0,2.235,1.0,1938248,560976.0,600
872,14322,7313,0.1,600,270.0,2.235,0.9,2552064,820080.0,600
873,277,9396,0.2,600,120.0,4.47,1.0,2456940,646416.0,600
874,16956,6705,0.1,600,120.0,2.682,0.9,4246152,648024.0,600
875,1364,5945,0.2,600,120.0,6.705,1.0,1337224,646416.0,600
876,3038,4225,0.2,600,60.0,15.0,0.5,2659408,820864.0,600
877,20199,27251,0.25,600,120.0,2.235,1.0,3917220,648024.0,600
878,18372,7313,0.1,600,240.0,2.235,0.9,2551880,820080.0,600
879,19645,8543,0.11,600,225.0,4.917,0.9,4233128,648024.0,600
880,2101,5945,0.1,600,90.0,2.235,0.9,1337004,646416.0,600
881,3154,5918,0.25,600,60.0,6.705,0.9,2462100,646416.0,600
882,17614,6906,0.1,600,240.0,2.235,1.1,2565416,820080.0,600
883,2014,4225,0.3,600,90.0,15.0,0.3,2658596,820864.0,600
884,13600,11382,0.05,600,180.0,1.788,0.9,2469860,1981888.0,600
885,22311,6640,0.1,600,90.0,2.235,1.2,4230232,648024.0,600
886,2805,5945,0.15,600,120.0,2.235,1.0,1336912,646416.0,600
887,8639,11382,0.07,600,180.0,4.47,0.9,2471292,1981888.0,600
888,8701,7313,0.2,600,270.0,6.705,1.1,2551728,820080.0,600
889,1356,11719,0.1,600,90.0,4.47,0.9,451844,294840.0,600
890,1365,5295,0.05,600,230.0,2.682,1.2,646900,538244.0,600
891,4238,4225,0.2,600,60.0,15.0,0.5,2659472,820864.0,600
892,693,4228,0.07,600,240.0,4.47,1.1,516624,359488.0,600
893,558,4228,0.07,600,240.0,4.47,1.0,516640,359488.0,600
894,7886,11382,0.12,600,90.0,2.682,1.0,2470084,1981888.0,600
895,2372,4225,0.1,600,180.0,5.0,0.4,2660140,820864.0,600
896,549,4235,0.07,600,240.0,6.705,1.0,516868,359488.0,600
897,582,9396,0.1,600,60.0,2.235,0.9,2456512,646416.0,600
898,4199,4225,0.2,600,120.0,10.0,0.5,2659364,820864.0,600
899,3375,4669,0.05,600,270.0,3.0,0.9,1339884,646416.0,600
900,10915,6906,0.2,600,270.0,4.47,1.1,2565488,820080.0,600
901,15995,6910,0.2,600,210.0,6.705,0.9,4673580,908352.0,600
902,11526,27251,0.1,600,120.0,4.47,1.0,3919504,648024.0,600
903,8263,6906,0.1,600,270.0,4.47,0.9,2565472,820080.0,600
904,2409,4225,0.1,600,180.0,5.0,0.5,2659624,820864.0,600
905,11265,13493,0.15,600,60.0,6.705,0.9,2428192,1981888.0,600
906,16868,7313,0.2,600,270.0,2.235,0.9,2551924,820080.0,600
907,808,4228,0.07,600,240.0,2.235,1.1,516568,359488.0,600
908,3439,5460,0.15,600,60.0,2.235,0.9,1337004,646416.0,600
909,892,4228,0.05,600,240.0,4.47,1.1,516716,359488.0,600
910,10464,7313,0.15,600,270.0,2.235,0.9,2551872,820080.0,600
911,3410,5918,0.2,600,90.0,4.47,1.0,2462048,646416.0,600
912,12075,10951,0.06,600,145.0,5.364,1.0,3898116,962800.0,600
913,8916,14997,0.15,600,360.0,6.705,1.1,3919372,648024.0,600
914,471,4228,0.05,600,240.0,4.47,1.0,516708,359488.0,600
915,2697,9396,0.15,600,60.0,4.47,1.0,2456796,646416.0,600
916,7000,3824,0.15,600,75.0,2.235,1.0,1938368,560976.0,600
917,15350,11359,0.1,600,180.0,2.235,0.8,2470580,1981888.0,600
918,1911,9396,0.1,600,60.0,6.705,0.9,2456488,646416.0,600
919,10470,7313,0.15,600,240.0,2.235,1.1,2551928,820080.0,600
920,12289,10603,0.07,600,210.0,2.682,0.9,2468648,1981888.0,600
921,709,4005,0.1,600,90.0,4.47,0.0,452032,294840.0,600
922,763,4228,0.09,600,300.0,4.47,1.0,516864,359488.0,600
923,2564,5945,0.15,600,60.0,4.47,0.9,1336920,646416.0,600
924,1028,5295,0.03,600,200.0,2.682,1.2,647188,538244.0,600
925,12547,6910,0.2,600,180.0,2.235,0.9,4672708,908352.0,600
926,2617,5945,0.1,600,90.0,2.235,1.0,1336912,646416.0,600
927,7788,4225,0.1,600,180.0,5.0,0.4,2659376,820864.0,600
928,8077,6906,0.15,600,240.0,4.47,0.9,2565408,820080.0,600
929,3406,5918,0.25,600,60.0,2.235,1.0,2461932,646416.0,600
930,6292,11382,0.05,600,120.0,4.47,1.0,2470140,1981888.0,600
931,1021,4233,0.1,600,270.0,3.0,1.0,1334348,417648.0,600
932,14451,27251,0.25,600,90.0,6.705,0.9,3919680,648024.0,600
933,2330,4225,0.3,600,60.0,15.0,0.4,2659292,820864.0,600
934,7655,4225,0.3,600,90.0,15.0,0.4,2658692,820864.0,600
935,23114,8543,0.09,600,255.0,4.917,0.9,4231916,648024.0,600
936,438,3870,0.1,600,90.0,2.235,0.9,401148,294840.0,600
937,17239,11382,0.07,600,120.0,1.788,0.9,2470032,1981888.0,600
938,2397,19838,0.2,600,90.0,4.47,0.9,452084,294840.0,600
939,2587,5945,0.1,600,60.0,2.235,1.0,1336864,646416.0,600
940,3344,6084,0.1,600,120.0,2.235,0.9,2284988,820080.0,600
941,10627,14997,0.1,600,360.0,5.364,1.1,3919440,648024.0,600
942,17141,6906,0.2,600,300.0,2.235,0.9,2569544,820080.0,600
943,96,198,0.12,30,260.0,2.0,1.0,1350552,404480.0,30
944,501,3937,0.12,600,270.0,4.47,0.95,517772,359488.0,600
945,11623,16374,0.09,600,240.0,4.47,0.9,2427396,1981888.0,600
946,435,3870,0.1,600,120.0,2.235,0.9,401276,294840.0,600
947,4118,4503,0.1,600,5.0,8.941,1.0,1935592,560976.0,600
948,2295,19838,0.2,600,90.0,6.705,1.0,452176,294840.0,600
949,11382,11382,0.12,600,210.0,1.788,0.9,2471276,1981888.0,600
950,797,4228,0.05,600,300.0,6.705,1.0,516760,359488.0,600
951,3149,6084,0.1,600,60.0,2.235,0.9,2284564,820080.0,600
952,641,4228,0.09,600,240.0,2.235,1.0,516536,359488.0,600
953,1721,11719,0.15,600,120.0,4.47,0.9,451544,294840.0,600
954,14304,10603,0.05,600,210.0,1.788,0.9,2470176,1981888.0,600
955,494,3937,0.05,600,270.0,6.705,0.95,517504,359488.0,600
956,2288,4225,0.2,600,90.0,15.0,0.4,2659204,820864.0,600
957,16181,6640,0.15,600,60.0,4.47,1.2,4229360,648024.0,600
958,8972,11359,0.07,600,180.0,2.235,0.8,2468688,1981888.0,600
959,12102,11359,0.1,600,180.0,4.023,0.8,2468556,1981888.0,600
960,16527,6910,0.1,600,150.0,2.235,0.9,4672876,908352.0,600
961,8853,11382,0.12,600,60.0,2.682,0.9,2470076,1981888.0,600
962,6359,11382,0.12,600,120.0,4.47,1.0,2469948,1981888.0,600
963,2411,5918,0.25,600,120.0,4.47,1.0,2462024,646416.0,600
964,2779,5460,0.15,600,90.0,4.47,0.9,1337236,646416.0,600
965,16016,6906,0.2,600,240.0,2.235,0.9,2565420,820080.0,600
966,28184,8543,0.07,600,195.0,3.129,0.9,4231344,648024.0,600
967,2220,19838,0.15,600,120.0,2.235,1.0,452108,294840.0,600
968,1329,11719,0.15,600,90.0,4.47,0.9,451716,294840.0,600
969,13412,11382,0.05,600,90.0,1.788,1.0,2470308,1981888.0,600
970,11824,27251,0.25,600,120.0,2.235,0.9,3917400,648024.0,600
971,141,209,0.12,30,180.0,2.235136343316942,1.0,1349796,404480.0,30
972,1115,4345,0.1,600,90.0,2.235,0.9,516112,359488.0,600
973,12477,10603,0.07,600,180.0,1.788,0.9,2470000,1981888.0,600
974,2836,5918,0.2,600,60.0,6.705,0.9,2461972,646416.0,600
975,8248,13800,0.12,120,220.0,5.0,1.0,3527648,795096.0,120
976,586,4005,0.07,600,120.0,6.705,0.0,451980,294840.0,600
977,2373,4613,0.1,600,270.0,3.0,0.9,1651212,640000.0,600
978,10769,14997,0.1,600,330.0,4.47,1.1,3919892,648024.0,600
979,18460,27251,0.25,600,90.0,4.47,0.9,3918872,648024.0,600
980,900,4228,0.09,600,240.0,4.47,1.1,516664,359488.0,600
981,2885,4225,0.1,600,60.0,5.0,0.3,2659712,820864.0,600
982,1567,4225,0.3,600,90.0,15.0,0.5,2658908,820864.0,600
983,1829,4682,0.05,600,270.0,3.0,0.9,2261544,648024.0,600
984,605,4005,0.1,600,120.0,2.235,0.9,403604,294840.0,600
985,11354,10603,0.12,600,150.0,4.47,0.9,2469712,1981888.0,600
986,680,4228,0.09,600,270.0,4.47,1.0,516804,359488.0,600
987,3676,5918,0.25,600,60.0,2.235,0.9,2461928,646416.0,600
988,2820,4225,0.2,600,60.0,20.0,0.3,2659540,820864.0,600
989,3059,4225,0.3,600,180.0,10.0,0.3,2659160,820864.0,600
991,2505,9396,0.2,600,60.0,2.235,1.0,2456660,646416.0,600
992,26938,28334,0.1,600,60.0,2.235,0.9,2467124,1981888.0,600
993,17568,16374,0.07,600,270.0,2.235,0.9,2427452,1981888.0,600
994,657,800,0.12,20,0.0,5.0,1.0,3500360,795096.0,20
995,627,4228,0.09,600,240.0,6.705,1.1,516620,359488.0,600
996,11114,16374,0.09,600,240.0,6.705,0.9,2427376,1981888.0,600
997,1373,11719,0.15,600,90.0,4.47,1.0,451692,294840.0,600
998,1944,6748,0.05,600,60.0,1.341,0.9,1338952,646416.0,600
999,529,3952,0.07,600,270.0,4.0,1.0,502620,359488.0,600
1000,474,4228,0.07,600,270.0,2.235,1.0,516648,359488.0,600
1001,882,5983,0.15,600,180.0,2.235,1.0,2274520,648024.0,600
1002,2495,4225,0.3,600,90.0,5.0,0.4,2658692,820864.0,600
1003,1955,19838,0.25,600,120.0,4.47,0.9,452268,294840.0,600
1004,7432,4503,0.05,600,5.0,8.941,1.0,1935852,560976.0,600
1005,2596,5945,0.1,600,90.0,4.47,0.9,1336604,646416.0,600
1006,3337,9463,0.1,600,60.0,2.235,0.9,1337388,646416.0,600
1007,2067,4225,0.1,600,180.0,10.0,0.4,2660224,820864.0,600
1008,3591,5918,0.15,600,90.0,2.235,1.0,2461896,646416.0,600
1009,539,4228,0.05,600,240.0,6.705,1.1,516612,359488.0,600
1010,24479,6705,0.1,600,120.0,1.341,0.9,4247428,648024.0,600
1011,2682,19838,0.1,600,90.0,4.47,1.0,452276,294840.0,600
1012,12035,7313,0.1,600,240.0,6.705,0.9,2552028,820080.0,600
1013,2759,4225,0.2,600,90.0,15.0,0.3,2659044,820864.0,600
1014,8712,11359,0.05,600,150.0,4.023,0.8,2468704,1981888.0,600
1015,1739,4225,0.1,600,180.0,15.0,0.4,2660292,820864.0,600
1016,6170,14997,0.15,600,360.0,4.47,1.1,3919304,648024.0,600
1017,6130,7313,0.1,600,270.0,6.705,1.1,2551780,820080.0,600
1018,4204,4677,0.05,600,270.0,3.0,0.9,2268384,648024.0,600
1019,19156,16374,0.09,600,270.0,2.235,1.0,2425512,1981888.0,600
1020,2213,4225,0.3,600,180.0,5.0,0.5,2659232,820864.0,600
1021,14405,11359,0.05,600,210.0,2.235,0.8,2468676,1981888.0,600
1022,1932,19838,0.15,600,60.0,2.235,1.0,452208,294840.0,600
1023,537,4235,0.09,600,240.0,4.47,1.0,517084,359488.0,600
1024,16019,6906,0.2,600,240.0,2.235,1.1,2565364,820080.0,600
1025,5923,4225,0.2,600,60.0,5.0,0.4,2659624,820864.0,600
1026,16164,6906,0.15,600,270.0,4.47,0.9,2565348,820080.0,600
1027,3403,5983,0.15,600,150.0,6.705,0.9,2275868,648024.0,600
1028,14220,16374,0.07,600,240.0,4.47,1.0,2427272,1981888.0,600
1029,2129,19838,0.15,600,120.0,6.705,1.0,452120,294840.0,600
1030,2721,4225,0.3,600,180.0,5.0,0.4,2659292,820864.0,600
1031,799,4228,0.09,600,270.0,4.47,1.1,516684,359488.0,600
1032,815,405,0.12,30,194.0,2.235136343316942,1.0,2656500,820864.0,30
1033,1077,6312,0.08,600,0.0,2.0,1.0,564040,405444.0,600
1034,8468,6906,0.2,600,270.0,6.705,0.9,2565240,820080.0,600
1035,1628,4005,0.07,600,120.0,4.47,0.0,455744,294840.0,600
1036,2309,6748,0.03,600,60.0,2.235,0.9,1338748,646416.0,600
1037,9231,11382,0.12,600,120.0,1.788,1.0,2470000,1981888.0,600
1038,751,4228,0.09,600,300.0,6.705,1.1,516536,359488.0,600
1039,2528,5945,0.1,600,120.0,6.705,0.9,1337528,646416.0,600
1040,7072,10666,0.2,600,90.0,6.705,0.9,2467436,1981888.0,600
1041,2330,6748,0.03,600,60.0,3.576,0.9,1339140,646416.0,600
1042,14283,13493,0.2,600,120.0,4.47,0.9,2425988,1981888.0,600
1043,10622,7313,0.1,600,240.0,4.47,1.1,2551900,820080.0,600
1044,10226,10951,0.06,600,85.0,6.705,1.0,3897108,962800.0,600
1045,18016,16374,0.09,600,270.0,4.47,0.9,2427452,1981888.0,600
1046,12114,27251,0.1,600,120.0,2.235,0.9,3916492,648024.0,600
1047,13178,11382,0.07,600,90.0,4.47,0.9,2469972,1981888.0,600
1048,11643,6910,0.15,600,210.0,6.705,0.9,4674120,908352.0,600
1049,150,349,0.12,30,0.0,2.235136343316942,1.0,1350844,404480.0,30
1050,1261,5945,0.2,600,90.0,6.705,1.0,1336972,646416.0,600
1051,1536,19838,0.2,600,60.0,6.705,1.0,452264,294840.0,600
1052,1142,5295,0.07,600,200.0,5.364,1.2,646704,538244.0,600
1053,475,4005,0.07,600,60.0,4.47,0.0,451992,294840.0,600
1054,2245,19838,0.25,600,90.0,2.235,1.0,452012,294840.0,600
1055,8828,14997,0.15,600,330.0,5.364,1.0,3919340,648024.0,600
1056,2347,1741,0.1,60,270.0,4.470272686633884,1.0,1594012,1045000.0,60
1057,1943,4225,0.3,600,180.0,10.0,0.4,2658908,820864.0,600
1058,13191,10951,0.06,600,145.0,6.705,1.0,3897520,962800.0,600
1059,13313,13493,0.15,600,90.0,2.235,0.9,2428300,1981888.0,600
1060,20762,8543,0.11,600,195.0,3.129,0.9,4232732,648024.0,600
1061,2015,5918,0.15,600,90.0,4.47,1.0,2461928,646416.0,600
1062,489,3937,0.12,600,240.0,6.705,0.95,517528,359488.0,600
1063,12166,11359,0.05,600,150.0,3.129,0.8,2468824,1981888.0,600
1064,9220,14997,0.1,600,30.0,5.364,1.1,3919724,648024.0,600
1065,4186,4225,0.2,600,120.0,15.0,0.3,2659132,820864.0,600
1066,429,3870,0.1,600,60.0,2.235,0.9,401364,294840.0,600
1067,733,4235,0.12,600,270.0,6.705,1.0,516916,359488.0,600
1068,12372,6705,0.1,600,60.0,2.682,0.9,4245684,648024.0,600
1069,2898,5336,0.2,600,88.0,2.0,1.0,2450928,1053216.0,600
1070,3320,9463,0.1,600,90.0,2.235,0.9,1337392,646416.0,600
1071,1294,5295,0.03,600,170.0,2.682,1.2,647028,538244.0,600
1072,2174,5945,0.15,600,120.0,6.705,0.9,1337348,646416.0,600
1073,1973,5918,0.25,600,60.0,6.705,1.0,2449276,646416.0,600
1074,8039,6906,0.2,600,300.0,4.47,0.9,2565048,820080.0,600
1075,7787,4225,0.3,600,90.0,10.0,0.3,2658444,820864.0,600
1076,14108,27251,0.1,600,90.0,4.47,0.9,3919496,648024.0,600
1077,7468,15425,0.1,600,60.0,2.235,0.9,3900548,648024.0,600
1078,1992,5945,0.15,600,90.0,6.705,1.0,1337108,646416.0,600
1079,6573,6906,0.15,600,300.0,4.47,1.1,2565288,820080.0,600
1080,18869,11382,0.05,600,210.0,1.788,0.9,2470996,1981888.0,600
1081,686,4005,0.1,600,90.0,2.235,0.9,452480,294840.0,600
1082,9927,11359,0.07,600,210.0,3.129,1.0,2468584,1981888.0,600
1083,1944,19838,0.2,600,120.0,6.705,0.9,452204,294840.0,600
1084,14805,6910,0.2,600,150.0,2.235,0.9,4672808,908352.0,600
1085,677,5983,0.25,600,180.0,6.705,0.9,2275620,648024.0,600
1086,12380,11359,0.1,600,180.0,4.023,1.0,2468784,1981888.0,600
1087,16060,27251,0.2,600,60.0,6.705,0.9,3920832,648024.0,600
1088,12658,27251,0.1,600,60.0,4.47,1.0,3920448,648024.0,600
1089,8338,14997,0.1,600,30.0,6.705,1.0,3919544,648024.0,600
1090,723,800,0.12,20,0.0,5.0,1.0,3507620,795096.0,20
1091,3408,5918,0.1,600,120.0,4.47,0.9,2462452,646416.0,600
1092,10028,4225,0.3,600,180.0,5.0,0.4,2659256,820864.0,600
1093,3412,5918,0.1,600,90.0,4.47,0.9,2462096,646416.0,600
1094,5880,4225,0.1,600,120.0,20.0,0.4,2659544,820864.0,600
1095,11239,11359,0.05,600,150.0,2.235,1.0,2470432,1981888.0,600
1096,1737,4225,0.1,600,60.0,15.0,0.4,2659732,820864.0,600
1098,2468,19838,0.2,600,120.0,2.235,1.0,452164,294840.0,600
1099,15618,11359,0.1,600,210.0,2.235,0.8,2470696,1981888.0,600
1100,13360,11382,0.05,600,90.0,4.47,1.0,2470276,1981888.0,600
1101,2160,4225,0.3,600,120.0,15.0,0.3,2658772,820864.0,600
1102,5645,10953,0.06,600,115.0,4.0,1.0,3507216,962800.0,600
1103,5954,6906,0.2,600,300.0,6.705,1.1,2565412,820080.0,600
1104,520,4005,0.1,600,90.0,2.235,0.0,452060,294840.0,600
1105,13906,16374,0.07,600,240.0,4.47,0.9,2427544,1981888.0,600
1106,10308,10666,0.15,600,120.0,6.705,0.9,2469556,1981888.0,600
1107,1872,19838,0.1,600,120.0,2.235,1.0,452096,294840.0,600
1108,2556,5918,0.15,600,60.0,4.47,0.9,2462056,646416.0,600
1109,2180,19838,0.2,600,60.0,2.235,0.9,452060,294840.0,600
1110,9539,11382,0.12,600,60.0,1.788,0.9,2470160,1981888.0,600
1111,13533,27251,0.2,600,90.0,6.705,0.9,3919464,648024.0,600
1112,11644,11382,0.05,600,90.0,1.788,0.9,2470308,1981888.0,600
1113,645,4669,0.07,600,90.0,3.0,1.0,501060,359488.0,600
1114,11929,11382,0.07,600,90.0,1.788,0.9,2468848,1981888.0,600
1115,12951,11359,0.05,600,210.0,4.023,0.8,2468668,1981888.0,600
1116,4246,4225,0.3,600,60.0,5.0,0.3,2659156,820864.0,600
1117,728,3937,0.12,600,300.0,6.705,0.95,517520,359488.0,600
1118,14675,11382,0.07,600,120.0,4.47,1.0,2470272,1981888.0,600
1119,13442,11382,0.07,600,180.0,2.682,0.9,2469252,1981888.0,600
1120,2632,6748,0.03,600,120.0,2.235,0.9,1339052,646416.0,600
1121,2484,6748,0.03,600,120.0,3.576,0.9,1339692,646416.0,600
1122,550,4005,0.09,600,60.0,2.235,0.0,452020,294840.0,600
1123,2808,4225,0.2,600,60.0,15.0,0.4,2659560,820864.0,600
1124,11315,11382,0.07,600,150.0,1.788,0.9,2471364,1981888.0,600
1125,1865,4225,0.1,600,120.0,15.0,0.3,2659440,820864.0,600
1126,1583,11719,0.15,600,120.0,4.47,1.0,451752,294840.0,600
1127,13937,6910,0.2,600,210.0,2.235,0.9,4672928,908352.0,600
1128,2133,4225,0.3,600,180.0,20.0,0.3,2659120,820864.0,600
1129,615,4005,0.1,600,60.0,2.235,0.9,452012,294840.0,600
1130,985,4307,0.1,600,14.0,2.235,0.9,1727312,560976.0,600
1131,15003,11359,0.05,600,210.0,4.023,1.0,2468696,1981888.0,600
1132,1404,5295,0.07,600,230.0,1.341,1.2,646996,538244.0,600
1133,993,5651,0.1,600,60.0,2.235,0.9,1749368,560976.0,600
1134,1648,5295,0.03,600,230.0,1.341,1.2,647012,538244.0,600
1135,21180,8543,0.11,600,255.0,4.917,0.9,4232220,648024.0,600
1136,9154,16374,0.07,600,300.0,6.705,0.9,2427344,1981888.0,600
1137,2662,4225,0.3,600,180.0,10.0,0.5,2658836,820864.0,600
1138,2288,6748,0.15,600,120.0,2.235,0.9,1336388,646416.0,600
1139,13120,13493,0.1,600,90.0,2.235,0.9,2428212,1981888.0,600
1140,1540,5295,0.07,600,200.0,2.682,1.2,646992,538244.0,600
1141,3478,5945,0.2,600,60.0,4.47,0.9,1336836,646416.0,600
1142,12711,11382,0.05,600,210.0,2.682,0.9,2471408,1981888.0,600
1143,1615,4225,0.3,600,60.0,10.0,0.3,2659356,820864.0,600
1144,19278,8543,0.09,600,225.0,6.705,0.9,4233484,648024.0,600
1145,1979,4225,0.1,600,90.0,20.0,0.3,2659288,820864.0,600
1146,570,5983,0.15,600,180.0,6.705,0.9,2275584,648024.0,600
1147,7058,11382,0.12,600,90.0,1.788,0.9,2470036,1981888.0,600
1148,9973,14997,0.1,600,360.0,5.364,1.0,3919184,648024.0,600
1149,12960,4225,0.1,600,180.0,15.0,0.4,2662624,820864.0,600
1150,824,9396,0.2,600,90.0,4.47,1.0,2456684,646416.0,600
1151,2745,4225,0.1,600,90.0,10.0,0.5,2659484,820864.0,600
1152,797,4005,0.1,600,90.0,2.235,0.9,451600,294840.0,600
1153,2529,4225,0.3,600,90.0,15.0,0.5,2658864,820864.0,600
1154,488,5223,0.2,600,60.0,2.235,0.9,452200,294840.0,600
1155,2532,4225,0.2,600,120.0,5.0,0.5,2659116,820864.0,600
1156,17687,16374,0.05,600,270.0,4.47,0.9,2427352,1981888.0,600
1157,648,4228,0.09,600,300.0,2.235,1.0,516572,359488.0,600
1158,10917,6910,0.1,600,210.0,4.47,0.9,4672688,908352.0,600
1159,507,3937,0.07,600,300.0,6.705,0.95,517548,359488.0,600
1160,3970,4225,0.1,600,90.0,15.0,0.3,2659376,820864.0,600
1161,10626,6910,0.1,600,180.0,4.47,0.9,4673596,908352.0,600
1162,18153,10666,0.1,600,120.0,2.235,0.9,2467576,1981888.0,600
1163,8487,14997,0.08,600,30.0,4.47,1.0,3919728,648024.0,600
1164,1644,4225,0.3,600,60.0,10.0,0.3,2659320,820864.0,600
1165,929,4665,0.09,600,220.0,4.0,1.0,1338092,417648.0,600
1166,789,5295,0.07,600,170.0,5.364,1.2,646896,538244.0,600
1167,17411,16374,0.09,600,270.0,2.235,0.9,2427524,1981888.0,600
1168,9873,11359,0.07,600,180.0,3.129,0.8,2468684,1981888.0,600
1169,1649,5945,0.25,600,90.0,6.705,0.9,1336740,646416.0,600
1170,5600,3824,0.05,600,45.0,4.47,1.0,1939248,560976.0,600
1171,2865,5945,0.25,600,60.0,6.705,1.0,1336732,646416.0,600
1172,11632,16374,0.05,600,240.0,4.47,0.9,2427764,1981888.0,600
1173,473,4005,0.09,600,60.0,4.47,0.0,452008,294840.0,600
1174,463,4228,0.09,600,300.0,2.235,1.1,516808,359488.0,600
1175,7608,6906,0.1,600,300.0,2.235,0.9,2565220,820080.0,600
1176,1951,19838,0.2,600,120.0,4.47,1.0,452192,294840.0,600
1177,1513,4225,0.2,600,90.0,20.0,0.4,2659144,820864.0,600
1178,12621,27251,0.15,600,120.0,2.235,1.0,3916520,648024.0,600
1179,4177,4225,0.3,600,60.0,20.0,0.4,2659460,820864.0,600
1180,2807,4667,0.05,600,270.0,3.0,0.9,1871596,646416.0,600
1181,12894,6906,0.1,600,270.0,4.47,1.1,2565276,820080.0,600
1182,9937,11382,0.05,600,120.0,2.682,1.0,2470144,1981888.0,600
1183,17170,16374,0.07,600,300.0,2.235,0.9,2427568,1981888.0,600
1184,15230,13493,0.15,600,120.0,4.47,0.9,2426072,1981888.0,600
1185,2929,6748,0.1,600,120.0,1.341,0.9,1338792,646416.0,600
1186,3838,6748,0.1,600,60.0,2.235,0.9,1336324,646416.0,600
1187,14449,11382,0.05,600,210.0,4.47,0.9,2469272,1981888.0,600
1188,1554,4225,0.2,600,90.0,15.0,0.5,2658928,820864.0,600
1189,12316,10951,0.06,600,115.0,6.705,1.0,3897248,962800.0,600
1190,8484,6906,0.15,600,300.0,4.47,0.9,2565356,820080.0,600
1191,1648,5295,0.03,600,170.0,5.364,1.2,646796,538244.0,600
1192,2394,5223,0.2,600,120.0,2.235,0.9,455752,294840.0,600
1193,760,4235,0.07,600,300.0,6.705,1.0,516948,359488.0,600
1194,2676,6748,0.1,600,90.0,2.235,0.9,1336308,646416.0,600
1195,2255,4225,0.1,600,90.0,5.0,0.4,2659848,820864.0,600
1196,4198,5945,0.1,600,120.0,2.235,1.0,1336824,646416.0,600
1197,541,4005,0.09,600,120.0,4.47,0.0,452008,294840.0,600
1198,1549,19838,0.25,600,60.0,6.705,1.0,451984,294840.0,600
1199,16130,27251,0.15,600,90.0,2.235,1.0,3916860,648024.0,600
1200,3072,4503,0.1,600,35.0,4.47,1.0,1934792,560976.0,600
1201,12628,7313,0.2,600,300.0,4.47,0.9,2551760,820080.0,600
1202,11240,16374,0.09,600,300.0,6.705,0.9,2427480,1981888.0,600
1203,15214,6661,0.12,600,180.0,2.0,1.0,9373688,2374164.0,600
1204,9426,4225,0.2,600,180.0,15.0,0.4,2658908,820864.0,600
1205,1203,5843,0.15,600,270.0,4.0,1.0,1258240,382536.0,600
1206,2855,4671,0.1,600,270.0,3.0,0.9,1335588,646416.0,600
1207,511,3937,0.05,600,300.0,2.235,0.95,517508,359488.0,600
1208,11450,11382,0.05,600,90.0,2.682,0.9,2470244,1981888.0,600
1209,461,5983,0.2,600,180.0,2.235,0.9,2274360,648024.0,600
1210,480,4005,0.1,600,120.0,2.235,0.0,452152,294840.0,600
1211,1689,5945,0.2,600,90.0,2.235,0.9,1337072,646416.0,600
1212,2769,6748,0.1,600,60.0,1.341,0.9,1338644,646416.0,600
1213,51292,88166,0.12,600,90.0,1.0,0.7,20963080,6051040.0,600
1214,2157,5945,0.1,600,60.0,6.705,1.0,1337204,646416.0,600
1215,2341,19838,0.2,600,120.0,2.235,0.9,451928,294840.0,600
1216,12998,27251,0.25,600,90.0,4.47,1.0,3919108,648024.0,600
1217,1465,4225,0.3,600,90.0,5.0,0.4,2658964,820864.0,600
1218,7450,6906,0.1,600,300.0,4.47,0.9,2565292,820080.0,600
1219,2334,4225,0.1,600,120.0,10.0,0.5,2659840,820864.0,600
1220,8760,14997,0.08,600,360.0,5.364,1.1,3919180,648024.0,600
1221,7176,6906,0.1,600,270.0,6.705,1.1,2565256,820080.0,600
1222,2807,5945,0.15,600,90.0,2.235,1.0,1337000,646416.0,600
1223,2915,9396,0.25,600,90.0,2.235,0.9,2456464,646416.0,600
1224,3661,5918,0.2,600,120.0,2.235,1.0,2449028,646416.0,600
1225,18015,13493,0.1,600,120.0,6.705,0.9,2427832,1981888.0,600
1226,10076,13493,0.2,600,60.0,6.705,0.9,2426096,1981888.0,600
1227,7653,14997,0.15,600,330.0,5.364,1.1,3919104,648024.0,600
1228,122,200,0.12,30,253.0,4.470272686633884,1.0,1261180,720564.0,30
1229,510,3937,0.07,600,300.0,2.235,0.95,517592,359488.0,600
1230,3472,19838,0.15,600,60.0,6.705,0.9,452072,294840.0,600
1231,8692,14997,0.1,600,330.0,6.705,1.1,3912400,648024.0,600
1232,13884,19355,0.12,600,270.0,2.0,1.0,2461892,1053216.0,600
1233,9689,27251,0.2,600,120.0,6.705,1.0,3920588,648024.0,600
1234,20598,27251,0.25,600,120.0,4.47,1.0,3919632,648024.0,600
1235,4190,4225,0.2,600,60.0,15.0,0.3,2659516,820864.0,600
1236,549,451,0.12,30,224.0,2.2351363433169418,1.0,1593532,1045000.0,30
1237,11614,10603,0.12,600,150.0,2.682,0.9,2469876,1981888.0,600
1239,3254,5983,0.25,600,210.0,4.47,1.0,2275468,648024.0,600
1240,17708,16374,0.07,600,240.0,2.235,0.9,2427504,1981888.0,600
1241,523,5223,0.15,600,120.0,2.235,0.9,452120,294840.0,600
1242,14073,11382,0.05,600,60.0,2.682,0.9,2468332,1981888.0,600
1243,2673,5945,0.2,600,60.0,2.235,0.9,1336904,646416.0,600
1244,2197,4225,0.1,600,120.0,10.0,0.4,2659632,820864.0,600
1245,3003,9396,0.1,600,60.0,4.47,1.0,2456656,646416.0,600
1246,86,60,0.1,5,100.0,3.0,0.3,2657716,820864.0,5
1247,15219,11359,0.07,600,150.0,3.129,1.0,2468608,1981888.0,600
1248,1091,4271,0.1,600,1.0,2.235,0.9,851788,460200.0,600
1249,744,4005,0.1,600,60.0,4.47,0.0,452024,294840.0,600
1250,13662,27251,0.25,600,60.0,4.47,1.0,3920504,648024.0,600
1251,3232,5983,0.15,600,210.0,2.235,0.9,2275368,648024.0,600
1252,18059,11382,0.12,600,210.0,4.47,0.9,2471264,1981888.0,600
1253,1949,4225,0.2,600,90.0,10.0,0.4,2659124,820864.0,600
1254,3263,4672,0.25,600,270.0,3.0,0.9,3878596,648024.0,600
1255,2223,4225,0.3,600,120.0,20.0,0.5,2658996,820864.0,600
1256,2308,19838,0.2,600,90.0,2.235,0.9,452040,294840.0,600
1257,3254,6748,0.03,600,90.0,1.341,0.9,1339008,646416.0,600
1258,688,4235,0.12,600,300.0,4.47,1.0,517208,359488.0,600
1259,2724,4613,0.1,600,270.0,3.0,0.9,2446988,646416.0,600
1260,2091,5918,0.25,600,90.0,6.705,1.0,2461968,646416.0,600
1261,6898,14997,0.12,600,330.0,6.705,0.9,3916756,648024.0,600
1262,7318,11359,0.1,600,150.0,2.235,0.8,2468644,1981888.0,600
1263,4887,4119,0.0,600,0.0,2.0,1.0,4160944,1017144.0,600
1264,397,4228,0.05,600,300.0,2.235,1.0,516688,359488.0,600
1265,1485,11719,0.1,600,120.0,2.235,1.0,451864,294840.0,600
1266,16295,6640,0.1,600,60.0,4.47,1.2,4230592,648024.0,600
1267,2567,4225,0.2,600,90.0,10.0,0.5,2659272,820864.0,600
1268,10680,11382,0.12,600,90.0,4.47,0.9,2470024,1981888.0,600
1269,7352,11382,0.12,600,150.0,2.682,0.9,2469072,1981888.0,600
1270,2282,4671,0.1,600,270.0,3.0,0.9,3917396,648024.0,600
1271,17775,27251,0.25,600,120.0,6.705,1.0,3920668,648024.0,600
1272,507,3937,0.07,600,270.0,6.705,0.95,517628,359488.0,600
1273,502,3937,0.12,600,240.0,4.47,0.95,517520,359488.0,600
1274,2346,5945,0.2,600,60.0,6.705,0.9,1336940,646416.0,600
1275,2997,4225,0.3,600,180.0,10.0,0.5,2658828,820864.0,600
1276,605,5223,0.1,600,120.0,4.47,0.9,452188,294840.0,600
1277,3309,5983,0.1,600,210.0,4.47,0.9,2275532,648024.0,600
1278,10901,16374,0.07,600,270.0,2.235,1.0,2427588,1981888.0,600
1279,5037,3824,0.15,600,15.0,4.47,1.0,1938532,560976.0,600
1280,21618,6640,0.08,600,60.0,4.47,1.2,4229764,648024.0,600
1281,3588,5918,0.25,600,90.0,2.235,0.9,2461768,646416.0,600
1282,4837,4423,0.07,600,90.0,2.235,0.9,2927400,738000.0,600
1283,1611,4225,0.2,600,60.0,20.0,0.4,2659716,820864.0,600
1284,12409,6906,0.1,600,240.0,6.705,1.1,2565872,820080.0,600
1285,1843,5945,0.1,600,60.0,6.705,0.9,1336628,646416.0,600
1286,2156,5983,0.1,600,210.0,2.235,1.0,2274572,648024.0,600
1287,2076,4613,0.25,600,270.0,3.0,0.9,2446632,646416.0,600
1288,8559,11359,0.1,600,150.0,4.023,1.0,2470620,1981888.0,600
1289,14049,10666,0.15,600,120.0,2.235,0.9,2469568,1981888.0,600
1290,3018,5918,0.15,600,120.0,2.235,1.0,2461632,646416.0,600
1291,1956,19838,0.1,600,90.0,2.235,0.9,452300,294840.0,600
1292,11379,27251,0.25,600,120.0,4.47,0.9,3919892,648024.0,600
1293,2169,4225,0.2,600,90.0,15.0,0.4,2658740,820864.0,600
1294,3990,4677,0.1,600,270.0,3.0,0.9,2266080,648024.0,600
1295,1692,19838,0.25,600,90.0,2.235,0.9,452180,294840.0,600
1296,700,5223,0.1,600,90.0,4.47,0.9,451892,294840.0,600
1297,1513,4225,0.3,600,120.0,5.0,0.3,2659156,820864.0,600
1298,9430,14997,0.08,600,330.0,6.705,1.0,3919472,648024.0,600
1299,42853,6640,0.08,600,120.0,2.235,1.2,4231116,648024.0,600
1300,2527,5918,0.1,600,120.0,6.705,1.0,2462840,646416.0,600
1301,4420,5965,0.1,600,60.0,2.235,0.9,3929980,648024.0,600
1302,2287,3831,0.1,600,0.0,2.235,0.9,1264276,720564.0,600
1303,599,4005,0.1,600,90.0,2.235,0.9,451812,294840.0,600
1304,2242,19838,0.25,600,90.0,4.47,0.9,452140,294840.0,600
1305,12666,7313,0.2,600,270.0,4.47,0.9,2551804,820080.0,600
1306,2606,19838,0.15,600,60.0,6.705,1.0,452048,294840.0,600
1307,23218,6705,0.05,600,120.0,1.341,0.9,4247632,648024.0,600
1308,2229,5945,0.15,600,120.0,6.705,1.0,1337336,646416.0,600
1309,4897,5918,0.1,600,120.0,2.235,1.0,2461864,646416.0,600
1310,9501,7313,0.15,600,300.0,2.235,1.1,2551836,820080.0,600
1311,20616,14997,0.15,600,30.0,4.47,1.0,3919736,648024.0,600
1312,16758,6640,0.08,600,60.0,2.235,1.2,4229724,648024.0,600
1313,15703,13493,0.2,600,60.0,2.235,0.9,2428140,1981888.0,600
1314,1285,5295,0.03,600,200.0,5.364,1.2,647188,538244.0,600
1315,3928,4225,0.1,600,90.0,10.0,0.3,2659540,820864.0,600
1316,719,800,0.12,20,0.0,5.0,1.0,3525904,795096.0,20
1317,1611,11719,0.15,600,120.0,2.235,1.0,452020,294840.0,600
1318,1715,5945,0.25,600,120.0,4.47,0.9,1336748,646416.0,600
1319,9385,11359,0.07,600,150.0,4.023,1.0,2468676,1981888.0,600
1320,13699,27251,0.1,600,120.0,2.235,1.0,3916536,648024.0,600
1321,9480,11359,0.1,600,210.0,3.129,1.0,2470664,1981888.0,600
1322,2965,9396,0.2,600,90.0,2.235,0.9,2456576,646416.0,600
1323,406,5983,0.2,600,180.0,6.705,1.0,2275636,648024.0,600
1324,2537,5945,0.15,600,60.0,6.705,0.9,1337112,646416.0,600
1325,4476,4503,0.05,600,65.0,8.941,1.0,1935748,560976.0,600
1326,2208,19838,0.15,600,90.0,6.705,0.9,451996,294840.0,600
1327,9590,11359,0.05,600,180.0,3.129,0.8,2468756,1981888.0,600
1328,1463,4225,0.3,600,120.0,20.0,0.3,2658932,820864.0,600
1329,12065,14997,0.08,600,30.0,5.364,1.1,3919724,648024.0,600
1330,12974,11382,0.12,600,60.0,4.47,1.0,2468832,1981888.0,600
1331,1627,4225,0.1,600,120.0,20.0,0.3,2659656,820864.0,600
1332,2170,5983,0.25,600,150.0,6.705,0.9,2275864,648024.0,600
1333,2690,9396,0.2,600,120.0,4.47,0.9,2456784,646416.0,600
1334,2319,6748,0.1,600,60.0,2.235,0.9,1338900,646416.0,600
1335,1577,5918,0.25,600,60.0,4.47,0.9,2461772,646416.0,600
1336,4868,3824,0.15,600,45.0,2.235,1.0,1938412,560976.0,600
1337,7580,6906,0.15,600,240.0,6.705,0.9,2565596,820080.0,600
1338,9555,7313,0.2,600,300.0,2.235,1.1,2551540,820080.0,600
1339,1868,5460,0.1,600,90.0,4.47,0.9,1337024,646416.0,600
1340,2720,19838,0.2,600,60.0,2.235,1.0,452096,294840.0,600
1341,3327,5918,0.1,600,90.0,4.47,1.0,2461892,646416.0,600
1342,951,4307,0.1,600,14.0,4.47,0.9,1727048,560976.0,600
1343,3013,5918,0.1,600,120.0,2.235,0.9,2461892,646416.0,600
1344,418,3916,0.05,600,300.0,4.47,1.0,516468,359488.0,600
1345,497,3937,0.05,600,270.0,4.47,0.95,517572,359488.0,600
1346,2571,4671,0.05,600,270.0,3.0,0.9,3917740,648024.0,600
1347,12638,11359,0.05,600,210.0,2.235,1.0,2470748,1981888.0,600
1348,16734,27251,0.25,600,60.0,2.235,0.9,3918144,648024.0,600
1349,9037,14997,0.15,600,30.0,6.705,1.0,3919604,648024.0,600
1350,2173,4225,0.2,600,120.0,10.0,0.3,2659388,820864.0,600
1351,13702,6910,0.15,600,210.0,2.235,0.9,4673044,908352.0,600
1352,2029,5918,0.2,600,120.0,4.47,1.0,2461988,646416.0,600
1353,8420,11382,0.12,600,180.0,1.788,0.9,2469924,1981888.0,600
1354,1698,4225,0.1,600,60.0,20.0,0.4,2659740,820864.0,600
1355,2017,5918,0.1,600,60.0,4.47,0.9,2461984,646416.0,600
1356,2548,19838,0.2,600,60.0,4.47,1.0,452248,294840.0,600
1357,2427,4225,0.2,600,180.0,10.0,0.5,2659252,820864.0,600
1358,79,60,0.1,5,100.0,3.0,0.3,2657788,820864.0,5
1359,589,9396,0.2,600,60.0,4.47,1.0,2456644,646416.0,600
1360,8898,14997,0.1,600,330.0,5.364,1.0,3912388,648024.0,600
1361,2679,19838,0.1,600,120.0,4.47,0.9,452104,294840.0,600
1362,15776,17327,0.15,600,175.0,3.0,0.5,2463688,1981888.0,600
1363,22191,11359,0.05,600,150.0,2.235,0.8,2470856,1981888.0,600
1364,1175,9396,0.25,600,60.0,2.235,1.0,2456580,646416.0,600
1365,6754,7313,0.1,600,300.0,6.705,0.9,2551572,820080.0,600
1366,10522,13493,0.2,600,90.0,4.47,0.9,2428048,1981888.0,600
1367,1502,11719,0.1,600,120.0,2.235,0.9,451844,294840.0,600
1368,11709,10603,0.05,600,150.0,1.788,0.9,2469928,1981888.0,600
1369,162,5983,0.2,600,180.0,2.235,1.0,2275520,648024.0,600
1370,2631,4225,0.2,600,90.0,20.0,0.3,2659032,820864.0,600
1371,9234,13493,0.2,600,90.0,6.705,0.9,2428028,1981888.0,600
1372,14478,10666,0.1,600,120.0,6.705,0.9,2467172,1981888.0,600
1373,11530,13493,0.2,600,90.0,2.235,0.9,2428092,1981888.0,600
1374,6440,4225,0.1,600,90.0,15.0,0.5,2659452,820864.0,600
1375,2884,5918,0.25,600,90.0,4.47,1.0,2461768,646416.0,600
1376,14027,11382,0.07,600,60.0,1.788,0.9,2470212,1981888.0,600
1377,3910,4225,0.1,600,60.0,10.0,0.4,2659904,820864.0,600
1378,7411,7313,0.2,600,270.0,6.705,0.9,2551548,820080.0,600
1379,8081,11359,0.07,600,150.0,2.235,1.0,2468840,1981888.0,600
1380,1250,5651,0.1,600,90.0,4.47,0.9,1749060,560976.0,600
1381,1903,5918,0.25,600,60.0,4.47,1.0,2462084,646416.0,600
1382,24146,27251,0.15,600,60.0,2.235,1.0,3916324,648024.0,600
1383,2245,9396,0.1,600,90.0,2.235,0.9,2456320,646416.0,600
1384,2207,4225,0.1,600,120.0,5.0,0.3,2659776,820864.0,600
1385,12404,27251,0.1,600,60.0,4.47,0.9,3920560,648024.0,600
1386,2976,19838,0.2,600,90.0,4.47,1.0,452096,294840.0,600
1387,2738,9396,0.15,600,120.0,4.47,0.9,2457032,646416.0,600
1388,1148,5295,0.05,600,230.0,5.364,1.2,646892,538244.0,600
1389,335,4005,0.09,600,90.0,4.47,0.0,452088,294840.0,600
1390,7646,14997,0.1,600,30.0,6.705,1.1,3919456,648024.0,600
1391,709,800,0.12,20,0.0,5.0,1.0,3526052,795096.0,20
1392,9978,13493,0.1,600,90.0,4.47,0.9,2428308,1981888.0,600
1393,1651,5945,0.15,600,60.0,6.705,1.0,1337216,646416.0,600
1394,47,20,0.12,1,0.0,5.0,1.0,3504732,795096.0,1
1395,3060,6748,0.03,600,60.0,1.341,0.9,1338908,646416.0,600
1396,2084,4225,0.3,600,180.0,20.0,0.5,2659016,820864.0,600
1397,1610,11719,0.1,600,120.0,4.47,1.0,451792,294840.0,600
1398,4087,4503,0.05,600,35.0,8.941,1.0,1935808,560976.0,600
1399,14786,16374,0.05,600,240.0,2.235,0.9,2427352,1981888.0,600
1400,13442,10951,0.06,600,115.0,4.023,1.0,3897068,962800.0,600
1401,11415,14997,0.15,600,30.0,5.364,1.0,3919772,648024.0,600
1402,2898,6748,0.15,600,60.0,4.47,0.9,1336484,646416.0,600
1403,4060,4503,0.1,600,5.0,4.47,1.0,1934684,560976.0,600
1404,1818,19838,0.25,600,120.0,2.235,1.0,452004,294840.0,600
1405,2585,5918,0.25,600,120.0,6.705,0.9,2462020,646416.0,600
1406,627,4235,0.09,600,270.0,6.705,1.0,516928,359488.0,600
1407,22399,28334,0.1,600,120.0,2.235,0.9,2466384,1981888.0,600
1408,44,20,0.12,1,0.0,5.0,1.0,3534092,795096.0,1
1409,26600,18459,0.15,600,270.0,4.0,1.0,8275564,2543220.0,600
1410,605,4005,0.1,600,60.0,2.235,0.9,452412,294840.0,600
1411,30317,6640,0.15,600,120.0,2.235,1.2,4230948,648024.0,600
1412,1820,19838,0.1,600,60.0,4.47,1.0,452144,294840.0,600
1413,18492,27251,0.2,600,60.0,2.235,0.9,3917288,648024.0,600
1414,20094,8543,0.11,600,195.0,6.705,0.9,4233288,648024.0,600
1415,440,1114,0.12,60,0.0,2.235136343316942,1.0,1350972,404480.0,60
1416,378,4005,0.1,600,120.0,2.235,0.9,452508,294840.0,600
1417,7465,4225,0.3,600,120.0,10.0,0.4,2659008,820864.0,600
1418,752,5223,0.2,600,120.0,6.705,0.9,451880,294840.0,600
1419,15113,16374,0.05,600,240.0,6.705,1.0,2427532,1981888.0,600
1420,183,190,0.12,30,190.0,2.235136343316942,1.0,2448724,685500.0,30
1421,622,4235,0.12,600,240.0,4.47,1.0,517044,359488.0,600
1422,6581,6906,0.1,600,300.0,4.47,1.1,2565308,820080.0,600
1423,14307,10666,0.15,600,60.0,6.705,0.9,2467308,1981888.0,600
1424,13294,10629,0.09,600,225.0,3.0,1.0,5517084,2335392.0,600
1425,647,4005,0.1,600,60.0,2.235,0.9,452440,294840.0,600
1426,2921,5918,0.1,600,60.0,6.705,1.0,2462188,646416.0,600
1427,14835,7313,0.1,600,270.0,6.705,0.9,2551636,820080.0,600
1428,12904,10603,0.07,600,150.0,4.47,0.9,2470016,1981888.0,600
1429,12320,11382,0.07,600,90.0,2.682,1.0,2470172,1981888.0,600
1430,465,4005,0.1,600,120.0,2.235,0.9,451708,294840.0,600
1431,510,3937,0.05,600,270.0,2.235,0.95,517560,359488.0,600
1432,774,4228,0.05,600,270.0,4.47,1.0,516788,359488.0,600
1433,1938,9396,0.25,600,60.0,4.47,1.0,2456732,646416.0,600
1434,8374,14997,0.15,600,30.0,5.364,1.1,3919820,648024.0,600
1435,2952,5918,0.1,600,120.0,4.47,1.0,2462256,646416.0,600
1436,9344,13493,0.1,600,60.0,6.705,0.9,2426136,1981888.0,600
1437,1965,6748,0.1,600,120.0,4.47,0.9,1336964,646416.0,600
1438,3277,5945,0.1,600,120.0,2.235,0.9,1336664,646416.0,600
1439,1872,5918,0.15,600,60.0,4.47,1.0,2461748,646416.0,600
1440,525,4228,0.09,600,270.0,6.705,1.1,516596,359488.0,600
1441,7274,4225,0.3,600,60.0,15.0,0.5,2659060,820864.0,600
1442,494,4005,0.1,600,90.0,2.235,0.9,451576,294840.0,600
1443,13119,7313,0.1,600,270.0,4.47,0.9,2551696,820080.0,600
1444,10998,16374,0.05,600,270.0,2.235,0.9,2427356,1981888.0,600
1445,1786,4225,0.1,600,180.0,5.0,0.3,2659708,820864.0,600
1446,381,4228,0.09,600,270.0,2.235,1.1,516716,359488.0,600
1447,1819,4682,0.1,600,270.0,3.0,0.9,2263580,648024.0,600
1448,2541,19838,0.1,600,120.0,6.705,0.9,452184,294840.0,600
1449,693,4005,0.09,600,90.0,6.705,0.0,451888,294840.0,600
1450,8359,7313,0.2,600,240.0,6.705,0.9,2551984,820080.0,600
1451,2311,19838,0.25,600,60.0,2.235,1.0,452216,294840.0,600
1452,13339,13493,0.15,600,120.0,6.705,0.9,2426048,1981888.0,600
1453,9588,16374,0.09,600,300.0,4.47,1.0,2427412,1981888.0,600
1454,16875,8543,0.07,600,255.0,4.917,0.9,4232848,648024.0,600
1455,2792,5945,0.2,600,90.0,4.47,1.0,1336856,646416.0,600
1456,8075,7313,0.15,600,240.0,4.47,0.9,2551860,820080.0,600
1457,12006,6906,0.15,600,270.0,6.705,0.9,2565312,820080.0,600
1458,555,4228,0.07,600,300.0,2.235,1.0,516552,359488.0,600
1459,6493,14997,0.08,600,360.0,4.47,1.0,3919052,648024.0,600
1460,2705,5983,0.25,600,180.0,4.47,1.0,2275444,648024.0,600
1461,17339,6640,0.1,600,120.0,4.47,1.2,4230108,648024.0,600
1462,8528,4225,0.2,600,60.0,5.0,0.3,2659484,820864.0,600
1463,12178,6906,0.15,600,240.0,2.235,1.1,2565376,820080.0,600
1464,2408,9463,0.1,600,120.0,2.235,0.9,1337528,646416.0,600
1465,541,4005,0.1,600,90.0,6.705,0.0,452052,294840.0,600
1466,2956,9396,0.1,600,90.0,6.705,1.0,2456484,646416.0,600
1467,5131,10144,0.06,600,0.0,4.0,1.0,3029464,983808.0,600
1468,1375,11719,0.15,600,60.0,2.235,1.0,451456,294840.0,600
1469,2282,4225,0.3,600,120.0,15.0,0.5,2658896,820864.0,600
1470,4042,4225,0.1,600,100.0,3.0,0.3,3906540,828144.0,600
1471,6214,10603,0.12,600,210.0,4.47,0.9,2469648,1981888.0,600
1472,3466,4613,0.1,600,270.0,3.0,0.9,2445364,646416.0,600
1473,21182,28334,0.1,600,90.0,2.235,0.9,2466328,1981888.0,600
1474,14999,6640,0.08,600,120.0,4.47,1.2,4230916,648024.0,600
1475,2958,5983,0.2,600,210.0,4.47,1.0,2275584,648024.0,600
1476,20132,6640,0.08,600,90.0,2.235,1.2,4229384,648024.0,600
1477,3119,5945,0.15,600,60.0,2.235,0.9,1336812,646416.0,600
1478,666,4228,0.05,600,300.0,4.47,1.0,516588,359488.0,600
1479,2340,5918,0.15,600,120.0,6.705,0.9,2462456,646416.0,600
1480,12913,16374,0.05,600,270.0,6.705,0.9,2427340,1981888.0,600
1481,8770,7313,0.15,600,300.0,6.705,0.9,2551636,820080.0,600
1482,1366,11719,0.1,600,60.0,2.235,0.9,451632,294840.0,600
1483,8660,14997,0.12,600,30.0,6.705,0.9,3916960,648024.0,600
1484,916,4235,0.09,600,240.0,2.235,1.0,516888,359488.0,600
1485,12136,7313,0.1,600,240.0,2.235,1.1,2551976,820080.0,600
1486,532,4228,0.05,600,270.0,6.705,1.0,516548,359488.0,600
1487,4205,5922,0.05,600,270.0,4.0,1.0,2454248,1053216.0,600
1488,10137,14997,0.15,600,330.0,6.705,1.0,3912328,648024.0,600
1489,14855,27251,0.15,600,120.0,4.47,0.9,3920548,648024.0,600
1490,12568,10603,0.12,600,180.0,2.682,0.9,2468392,1981888.0,600
1491,7633,4225,0.2,600,180.0,5.0,0.5,2659292,820864.0,600
1492,729,5223,0.1,600,90.0,6.705,0.9,451832,294840.0,600
1493,2641,5918,0.25,600,120.0,2.235,1.0,2461692,646416.0,600
1494,13409,11382,0.07,600,60.0,1.788,1.0,2468796,1981888.0,600
1495,10259,11382,0.07,600,150.0,2.682,0.9,2469152,1981888.0,600
1496,2296,9396,0.15,600,90.0,6.705,0.9,2456556,646416.0,600
1497,2001,6748,0.1,600,90.0,1.341,0.9,1338800,646416.0,600
1498,1102,4271,0.1,600,-29.0,2.235,0.9,851680,460200.0,600
1499,13397,13493,0.2,600,120.0,2.235,0.9,2428132,1981888.0,600
1500,565,4005,0.1,600,60.0,2.235,0.0,451840,294840.0,600
1501,54,102,0.12,30,0.0,2.235136343316942,1.0,1350584,404480.0,30
1502,1674,4225,0.1,600,120.0,15.0,0.4,2659504,820864.0,600
1503,3006,5945,0.2,600,90.0,4.47,0.9,1336768,646416.0,600
1504,16508,16374,0.09,600,240.0,4.47,1.0,2427528,1981888.0,600
1505,8745,14997,0.1,600,30.0,4.47,1.1,3919796,648024.0,600
1506,1372,11719,0.15,600,60.0,2.235,0.9,451628,294840.0,600
1507,9348,7313,0.15,600,300.0,4.47,0.9,2551588,820080.0,600
1508,2592,5460,0.15,600,60.0,4.47,0.9,1336904,646416.0,600
1509,5176,6906,0.1,600,300.0,6.705,1.1,2565184,820080.0,600
1510,4323,5965,0.1,600,120.0,2.235,0.9,3929760,648024.0,600
1511,75,60,0.1,5,100.0,3.0,0.3,2657560,820864.0,5
1512,3539,4503,0.1,600,65.0,4.47,1.0,1934924,560976.0,600
1513,20716,16374,0.09,600,240.0,2.235,0.9,2427468,1981888.0,600
1514,2445,4225,0.1,600,60.0,15.0,0.3,2659660,820864.0,600
1515,2370,5983,0.2,600,210.0,4.47,0.9,2275516,648024.0,600
1516,3106,9396,0.25,600,120.0,4.47,1.0,2457064,646416.0,600
1517,13961,27251,0.15,600,120.0,4.47,1.0,3919624,648024.0,600
1518,14990,11359,0.05,600,180.0,3.129,1.0,2470788,1981888.0,600
1519,3822,4503,0.1,600,5.0,2.235,1.0,1934556,560976.0,600
1520,2596,4225,0.2,600,60.0,10.0,0.5,2659404,820864.0,600
1521,2383,19838,0.1,600,90.0,4.47,0.9,452000,294840.0,600
1522,7394,16070,0.09,600,0.0,4.0,1.0,2985428,983808.0,600
1523,14304,27251,0.2,600,60.0,4.47,1.0,3920500,648024.0,600
1524,17615,11382,0.07,600,210.0,1.788,0.9,2469300,1981888.0,600
1525,12401,6910,0.15,600,210.0,4.47,0.9,4674172,908352.0,600
1526,13833,6906,0.1,600,240.0,2.235,0.9,2565376,820080.0,600
1527,958,4307,0.1,600,44.0,4.47,0.9,1727208,560976.0,600
1528,12154,10603,0.05,600,180.0,2.682,0.9,2470176,1981888.0,600
1529,1644,5945,0.25,600,90.0,6.705,1.0,1337020,646416.0,600
1530,1400,5945,0.2,600,90.0,6.705,0.9,1336944,646416.0,600
1531,2156,19838,0.25,600,60.0,4.47,0.9,452120,294840.0,600
1532,795,5295,0.03,600,170.0,1.341,1.2,646752,538244.0,600
1533,2764,19838,0.1,600,60.0,6.705,1.0,451972,294840.0,600
1534,13168,27251,0.15,600,60.0,4.47,1.0,3920916,648024.0,600
1535,1144,4345,0.1,600,120.0,2.235,0.9,516044,359488.0,600
1536,1602,11719,0.1,600,120.0,4.47,0.9,451644,294840.0,600
1537,467,4005,0.09,600,120.0,6.705,0.0,452040,294840.0,600
1538,2326,4225,0.1,600,60.0,15.0,0.5,2659748,820864.0,600
1539,2591,19838,0.25,600,120.0,4.47,1.0,452228,294840.0,600
1540,531,4005,0.1,600,90.0,2.235,0.9,401184,294840.0,600
1541,18287,27251,0.25,600,120.0,6.705,0.9,3920444,648024.0,600
1542,2408,4225,0.1,600,180.0,10.0,0.3,2660656,820864.0,600
1543,1454,4674,0.25,600,270.0,3.0,0.9,1865136,646416.0,600
1544,12375,27251,0.15,600,60.0,6.705,1.0,3920768,648024.0,600
1545,1290,5663,0.1,600,315.0,5.364,1.2,1630128,437720.0,600
1546,3580,5945,0.2,600,120.0,2.235,1.0,1337040,646416.0,600
1547,27074,6640,0.1,600,60.0,2.235,1.2,4229536,648024.0,600
1548,2667,4225,0.3,600,90.0,20.0,0.5,2658916,820864.0,600
1549,1851,5983,0.25,600,180.0,4.47,0.9,2275588,648024.0,600
1550,7473,4225,0.1,600,90.0,10.0,0.4,2659480,820864.0,600
1551,4188,4225,0.2,600,60.0,15.0,0.4,2659668,820864.0,600
1552,11312,11382,0.05,600,120.0,1.788,1.0,2470172,1981888.0,600
1553,1179,5295,0.05,600,200.0,5.364,1.2,646860,538244.0,600
1554,7640,4225,0.2,600,60.0,10.0,0.3,2659448,820864.0,600
1555,10880,11359,0.1,600,180.0,3.129,0.8,2468700,1981888.0,600
1556,2183,4225,0.2,600,180.0,10.0,0.5,2659196,820864.0,600
1557,394,4235,0.07,600,270.0,2.235,1.0,516964,359488.0,600
1558,10880,7313,0.1,600,270.0,2.235,1.1,2551864,820080.0,600
1559,47546,8543,0.09,600,225.0,4.917,0.9,4232420,648024.0,600
1560,2327,4225,0.3,600,60.0,5.0,0.5,2659312,820864.0,600
1561,649,4228,0.09,600,240.0,4.47,1.0,516676,359488.0,600
1562,1920,19838,0.15,600,90.0,4.47,0.9,452228,294840.0,600
1563,5210,4518,0.11,600,140.0,2.0,1.0,4370972,1171280.0,600
1564,2220,19838,0.2,600,90.0,6.705,0.9,452156,294840.0,600
1565,11568,11382,0.12,600,120.0,1.788,0.9,2469988,1981888.0,600
1566,448,4235,0.09,600,300.0,6.705,1.0,517068,359488.0,600
1567,15841,8543,0.11,600,195.0,4.917,0.9,4232940,648024.0,600
1568,10549,4225,0.1,600,180.0,10.0,0.5,2660280,820864.0,600
1569,9895,11359,0.07,600,210.0,3.129,0.8,2468640,1981888.0,600
1570,10407,7313,0.15,600,300.0,2.235,0.9,2551796,820080.0,600
1571,13060,27251,0.15,600,60.0,2.235,0.9,3916916,648024.0,600
1572,3100,4225,0.2,600,180.0,5.0,0.3,2659412,820864.0,600
1573,2727,5918,0.15,600,60.0,2.235,1.0,2461720,646416.0,600
1574,3261,4225,0.3,600,90.0,20.0,0.3,2658912,820864.0,600
1575,1859,4225,0.1,600,120.0,20.0,0.5,2659284,820864.0,600
1576,9733,16374,0.09,600,300.0,4.47,0.9,2427568,1981888.0,600
1577,526,4005,0.1,600,60.0,2.235,0.9,401132,294840.0,600
1578,8858,11359,0.05,600,150.0,4.023,1.0,2470680,1981888.0,600
1579,577,3937,0.07,600,240.0,2.235,0.95,517488,359488.0,600
1580,11663,27251,0.15,600,60.0,4.47,0.9,3920324,648024.0,600
1581,441,4005,0.1,600,90.0,2.235,0.9,404324,294840.0,600
