,canopy_moisture,run_max_mem_rss_bytes,sim_time,surface_moisture,threads,wind_direction,wind_speed,run_uuid,area,runtime,cpu_usage_total,mem_usage_total,transmitted_packets_total,received_packets_total,transmitted_bandwidth_total,received_bandwidth_total,queue_seconds
0,0.3,9266532.0,23361,0.1,1,90.0,3.0,1bb32008-9285-4f59-9af4-80e86032b966,2543220.0,52937.0,98685.39276561636,31112716287.0,112537.58780180445,230437.91223234488,943907668.546038,1070142412.6492484,41.0
1,0.3,9259976.0,23361,0.1,1,90.0,5.0,268e0b1e-bc75-4a8c-99e1-5c461e8b5ab8,2543220.0,59937.0,93801.1735601968,30556626943.0,89876.37651324984,136835.63010525692,714914987.3635551,608886280.785807,22772.0
2,0.3,9269380.0,23361,0.3,1,90.0,5.0,864bb32b-a6a0-44a1-af75-4f49c1b62289,2543220.0,41143.0,75050.50904848753,31155486719.0,106144.33892580752,205572.9847690506,880196582.5643458,1014655396.8882908,62.0
3,0.3,9264628.0,23361,0.3,1,90.0,3.0,c8d9170f-7a06-4a78-aa90-ae61b674ac7b,2543220.0,52847.0,75215.18194524833,30918324223.0,80041.05435768123,131508.94106242125,681335351.3916065,608816632.1439673,22471.0
4,0.5,9247780.0,23361,0.1,1,90.0,5.0,0b183e45-57e8-4bb3-af74-574dcf346481,2543220.0,59913.0,119886.65552864132,40395382784.0,101578.59345640424,185913.73051245708,903918173.817913,1206749307.892848,22104.0
5,0.5,9247276.0,23361,0.1,1,90.0,3.0,ba8abde8-d9f7-4ff8-bc5e-fc2b663a3419,2543220.0,63561.0,127162.79622413614,40395382784.0,105298.7978448294,190755.67830959748,951064289.343706,1207272541.0426087,22103.0
6,0.5,9271468.0,23361,0.3,1,90.0,3.0,ef7e4ed1-669f-48e9-8a3b-094a74fd50de,2543220.0,50577.0,101188.97832197756,40671760383.0,108707.54461224008,206646.7418262557,939474468.1932774,1211620044.035126,21808.0
7,0.5,9271548.0,23361,0.3,1,90.0,5.0,e20a79f6-6a32-4acf-815e-15ae6d623cad,2543220.0,51425.0,102886.49433839798,40671760383.0,109687.87942515034,207972.66525900684,951642865.7658262,1211794351.611908,21815.0
8,0.3,2515716.0,16486,0.1,1,90.0,3.0,d831798a-7ca2-4bc6-8dee-cadf2a9a9809,1053216.0,8654.0,10107.885418863174,6056783871.0,36428.76794522384,83797.86438009934,74548419.55112764,389706121.6468008,10.0
9,0.3,2516456.0,16486,0.1,1,90.0,5.0,c1eae9ae-2e6e-4224-8818-aa524578c336,1053216.0,12005.0,16835.455257506186,6161612799.0,43859.69976308243,91592.4353451613,113678391.98013368,391741663.363152,9.0
10,0.3,2572408.0,16486,0.3,1,90.0,5.0,333edfe0-fca6-4287-9920-59e4214c1a60,1053216.0,7117.0,7023.081485653944,6300372991.0,45073.200515954406,124394.43262877491,72444008.27643105,804120144.0070037,13.0
11,0.3,2575488.0,16486,0.3,1,90.0,3.0,04b179b0-2e37-43cb-be3a-ff69a9fc0ed3,1053216.0,8190.0,9185.00214095842,6300372991.0,49569.51532675439,129758.4123375,91312397.86764452,806599656.7709073,14.0
12,0.5,2549156.0,16486,0.1,1,90.0,5.0,401c0d26-24ae-4b79-8b87-5fbd6b29280c,1053216.0,8062.0,8936.39111488927,6138953728.0,31297.195866441445,94304.63627567569,68596722.15052703,555088591.6265385,15.0
13,0.5,2564580.0,16486,0.1,1,90.0,3.0,a289adcc-e9e6-487f-9e99-c481e40ad8f1,1053216.0,12647.0,17165.406943167243,6138953728.0,40135.45555791723,103339.54075186308,114708098.2053659,556626878.2489961,14.0
14,0.5,2513124.0,16486,0.3,1,90.0,3.0,75cbd41c-61e3-45af-b852-9e507602269c,1053216.0,7212.0,7191.509803792131,6115147775.0,47013.47022409728,117512.91639141248,73368921.50730179,543120567.5265894,21.0
15,0.5,2513076.0,16486,0.3,1,90.0,5.0,96d151f2-1b7f-4978-ac1e-41addce52693,1053216.0,7407.0,7580.430027866394,6115147775.0,48035.91578609536,118976.9463475337,78225846.06098683,544489202.2503278,21.0
16,0.3,2540536.0,16486,0.1,1,90.0,5.0,d29ab2af-a1d9-4e2e-a464-77a9293784ca,1053216.0,9748.0,12286.914156410585,6026825727.0,30433.98640620915,49837.209004084965,82401903.82715131,324194566.5627876,67.0
17,0.3,2540260.0,16486,0.1,1,90.0,3.0,0b6e31fd-f50b-455c-8120-ecc65e6f1132,1053216.0,10160.0,13130.358562502694,6026825727.0,32001.10543058104,51655.81573119266,89620638.3868419,324026438.2315413,67.0
18,0.3,2531156.0,16486,0.3,1,90.0,5.0,f5b0165a-68ac-4f10-bb57-fec02af52526,1053216.0,8924.0,10657.736581107583,6053441535.0,27978.42837099812,49402.32331186441,77715433.86378416,323354531.48104936,11.0
19,0.3,2531272.0,16486,0.3,1,90.0,3.0,43778eee-4f76-4f5d-ae72-cdce3435a1ab,1053216.0,9024.0,10839.655281983863,6053441535.0,28158.90862962963,49582.19594796296,77852360.66973463,323865721.8639525,9.0
20,0.5,2513608.0,16486,0.1,1,90.0,5.0,d97a2c5e-ab7a-4ed2-8698-3ff2ad33d6d0,1053216.0,10292.0,13384.539685007176,5993885695.0,31541.67067792793,49298.658714414414,87219507.88936785,311944460.3451916,13.0
21,0.5,2513136.0,16486,0.1,1,90.0,3.0,163be4d6-6677-46c4-a2e4-7d035f8ff2f8,1053216.0,10413.0,13628.827307677171,5993885695.0,32044.83984218289,49833.347491150445,89617919.55081417,311951933.8853102,11.0
22,0.5,2513344.0,16486,0.3,1,90.0,3.0,45bae9be-3d9a-4c03-8a30-fb28220b4cfe,1053216.0,8798.0,10405.440092840336,6000611327.0,29183.438604238923,48363.33985375723,77803233.60253564,310873546.8209214,12.0
23,0.5,2513420.0,16486,0.3,1,90.0,5.0,b2a4e554-402d-4e6f-ad3b-e631bbcf6c73,1053216.0,8930.0,10643.84030401137,6000611327.0,29778.35162316384,49047.28210282486,80289769.1223113,311658280.5400057,12.0
24,0.3,2575996.0,16486,0.1,1,90.0,5.0,9340d39e-a555-4b6f-af4c-fde2857ae945,1053216.0,9869.0,12536.690330272617,6258974719.0,31416.75702980769,48861.6444584936,84743705.49951345,324408234.1271476,15.0
25,0.3,2572588.0,16486,0.1,1,90.0,3.0,50c68a3a-8a5e-4d73-badc-678cfecf5795,1053216.0,10184.0,13161.876480864194,6258974719.0,32453.34038295281,49927.87588858447,89387658.41093883,323739293.1353479,14.0
26,0.3,2518388.0,16486,0.3,1,90.0,5.0,d3c600f6-31b5-41c0-822c-b1f84c020a8c,1053216.0,8870.0,10527.710182671502,6012166143.0,29939.40112952381,48006.50436990477,78268552.01043847,312304940.7199439,16.0
27,0.3,2518396.0,16486,0.3,1,90.0,3.0,c14e51ed-8f8c-4e8b-b27a-d4c14c1b200d,1053216.0,9135.0,11062.933799463935,6012166143.0,30649.93925543478,48825.39135235507,80535907.54251811,312119893.73097205,16.0
28,0.5,2543404.0,16486,0.1,1,90.0,5.0,36fec7ec-c2fb-4d3a-bc56-f3b83124f6ae,1053216.0,9869.0,12532.128335605634,6013480959.0,31010.81099728868,48435.66572280703,85050741.27360782,310937268.77135664,18.0
29,0.5,2542948.0,16486,0.1,1,90.0,3.0,0c471835-76bb-4c51-b939-c5c991b26848,1053216.0,10215.0,13234.163389939691,6013480959.0,32229.894411969697,49901.01872590909,90161854.2258018,311930775.64144003,19.0
30,0.5,2513264.0,16486,0.3,1,90.0,5.0,79f97854-31a7-4dfd-a513-fade0431adf9,1053216.0,11467.0,15719.036270989618,5897367551.0,33182.22973154534,52500.55422694764,110032493.18821251,275307854.9576441,20.0
31,0.5,2513280.0,16486,0.3,1,90.0,3.0,288aaf61-a6f4-4f65-b97f-f7c8d4e05f3d,1053216.0,7938.0,8679.154540599942,5897367551.0,21488.34654699074,38848.70975578703,63680191.81416272,273707568.0791014,41.0
32,0.3,2563944.0,16486,0.1,1,90.0,3.0,c27c6b1d-7e14-404d-a576-07ac62c36e0b,1053216.0,12574.0,25911.694499549216,8963600383.0,32791.33679380061,62974.45045865975,114239231.37776318,415559048.2373039,23.0
33,0.3,2563764.0,16486,0.1,1,90.0,5.0,ec639971-40e1-402d-bb7f-aa3477b59afa,1053216.0,8452.0,14569.736558830038,8963600383.0,24353.571296066253,53694.96648778468,68135026.73774907,414278825.555552,18.0
34,0.3,2514636.0,16486,0.3,1,90.0,3.0,cbe2c88b-190d-492a-98e6-bd87af1ee3d5,1053216.0,11600.0,16021.773510460422,6001594367.0,32368.332446741857,65580.23517807017,101178353.21347156,312732801.94489145,23.0
35,0.3,2514760.0,16486,0.3,1,90.0,5.0,a122d589-e2f9-4095-8491-d2bbfc2f54f1,1053216.0,9407.0,11623.13580944899,6001594367.0,27395.95759126187,60714.30440610428,75675027.04142682,312278088.750031,20.0
36,0.5,2578792.0,16486,0.1,1,90.0,5.0,10128092-842d-4d18-9db5-90942bff3039,1053216.0,8235.0,18550.23578810545,12213530623.0,17222.304122920938,33232.47221912736,72222703.50271195,163667889.98695996,24.0
37,0.5,2578296.0,16486,0.1,1,90.0,3.0,a2795167-5781-45e6-b96b-b1575c55f46c,1053216.0,9388.0,23176.89053460137,12213530623.0,19558.182300515386,35472.59394088132,89123235.09511738,164597393.23739925,24.0
38,0.5,2540988.0,16486,0.3,1,90.0,5.0,8a28f607-8442-48c2-a707-1f14e51fa545,1053216.0,8355.0,9502.791897233936,6115635199.0,27205.80848227848,48004.54136518987,80073305.08683544,323509971.4784217,33.0
39,0.5,2541028.0,16486,0.3,1,90.0,3.0,d479d016-e90b-4003-8a65-7b9f5a57ffb7,1053216.0,7671.0,8116.020145532479,6115635199.0,24358.97503703704,44536.04929185186,68562357.57890221,323200358.15454817,30.0
40,0.3,2577620.0,16486,0.1,1,90.0,5.0,905c7f98-4fa4-4fc4-a67c-45b6be1e54a6,1053216.0,9955.0,12707.541674753526,6205865983.0,29057.06829541864,49124.161725118494,86882040.37100679,323385245.7581644,35.0
41,0.3,2577352.0,16486,0.1,1,90.0,3.0,20daa6bc-bcd7-4edc-99c0-ec25b8feb523,1053216.0,10229.0,13266.771721188225,6205865983.0,29715.994087272724,49974.25284590909,89326706.35570455,323617500.53446424,33.0
42,0.3,2559132.0,16486,0.3,1,90.0,5.0,a99ad7be-c8ba-4d50-87ac-da07f8aa9019,1053216.0,11701.0,23563.27120176079,9158782975.0,33162.28310237764,38577.3681663956,110212899.09685524,182025861.2417501,36.0
43,0.3,2561088.0,16486,0.3,1,90.0,3.0,aa327f80-d850-4151-bba4-b95ace3354c0,1053216.0,7710.0,12335.820108658503,9158782975.0,23731.353719607843,27997.940359313725,61615950.34443382,180109634.71155855,32.0
44,0.5,2539688.0,16486,0.1,1,90.0,3.0,514227b2-2de9-41c4-a48d-a7e405460147,1053216.0,10307.0,20120.986403352807,8988971007.0,35922.564625261584,57883.2992284006,99891182.16813318,313038424.14257264,40.0
45,0.5,2571844.0,16486,0.1,1,90.0,5.0,8c904d2d-bb46-4798-99e2-22618ea40aca,1053216.0,8450.0,14572.745906803571,8988971007.0,31099.74617129949,52812.40528127061,73156694.04285154,312307705.7334589,54.0
46,0.5,2513432.0,16486,0.3,1,90.0,5.0,a6522569-0d23-40c8-b27f-2fbab2c51b5a,1053216.0,8755.0,10303.655206020429,6005051391.0,25953.18910721247,46784.52532280701,77931879.57652359,312149177.6397692,44.0
47,0.5,2513156.0,16486,0.3,1,90.0,3.0,48241bbd-fb4e-433a-bccf-d663bcc727cd,1053216.0,9004.0,10810.72714942156,6005051391.0,26565.26789037037,47315.13654259259,79951591.39615372,311003900.7812444,44.0
48,0.3,2557872.0,16486,0.1,1,90.0,3.0,4abae8f1-8658-4d77-9b48-dc5ad82408e9,1053216.0,9669.0,18206.179903699725,8982745087.0,22897.267277096365,42832.45347557755,82066665.59321438,236740317.8330732,41.0
49,0.3,2557860.0,16486,0.1,1,90.0,5.0,70b2f0c9-24a6-45a5-a4ae-fc0925695199,1053216.0,10189.0,19794.57787054841,8982745087.0,24362.33700517504,44694.463340334856,89355356.57082908,237138850.86141613,45.0
50,0.3,2512016.0,16486,0.3,1,90.0,3.0,ff356692-7254-43af-ab37-653145ccbfc1,1053216.0,11418.0,23489.638167946203,8956555263.0,31114.5626190595,34568.145325641024,105367776.59577188,158217059.93554616,50.0
51,0.3,2512244.0,16486,0.3,1,90.0,5.0,f25f479f-2978-45ea-b6ff-bc8a98be5514,1053216.0,8422.0,14458.041210595811,8953077759.0,23927.556316875,26709.566925000003,68168296.82638624,156772480.19970852,47.0
52,0.5,2581140.0,16486,0.1,1,90.0,5.0,195abf96-3f52-4453-908f-4672a6479799,1053216.0,9996.0,12793.402060381786,6143684607.0,20054.327768106123,34128.79039378229,77468003.05972032,293864498.97511065,52.0
53,0.5,2580912.0,16486,0.1,1,90.0,3.0,06dea911-8929-4eb5-83c1-b61a82b724d3,1053216.0,13561.0,19966.05973517571,6143684607.0,27916.915408405832,42658.93026890341,116515611.61921217,295462063.8359582,75.0
54,0.5,2562060.0,16486,0.3,1,90.0,3.0,18801515-6a9a-4d81-b362-1675ec1c677e,1053216.0,11386.0,22671.87521119171,9019056127.0,26192.412355084176,47615.19941033197,110758274.32641809,312682231.2877448,51.0
55,0.5,2514852.0,16486,0.3,1,90.0,5.0,03846fcf-7c13-4c3d-9398-40b6dfe2e11c,1053216.0,7429.0,11532.4773872289,9019056127.0,18485.39697431102,39990.73929069062,59332973.336484544,311045986.5290575,68.0
56,0.3,2517248.0,16486,0.1,1,90.0,3.0,72f6ae8e-3943-48ad-a58c-38a271240b41,1053216.0,10485.0,20676.36024969667,8977645567.0,26841.428684057944,55466.47343408795,99169943.27456564,269475229.2861654,55.0
57,0.3,2517580.0,16486,0.1,1,90.0,5.0,4729d5ba-6811-4ccb-8b59-7f7b968bc6af,1053216.0,8519.0,14752.414239262776,8977645567.0,21794.010826380367,50072.89059222905,72405347.33051942,268465688.36298776,51.0
58,0.3,2540260.0,16486,0.3,1,90.0,5.0,42c191e6-5323-41ff-b069-1a8c3267e873,1053216.0,10994.0,14790.774693233852,6022344703.0,32464.216944951608,54241.85564584703,101134817.23624729,312222439.13281417,57.0
59,0.3,2540128.0,16486,0.3,1,90.0,3.0,79c41d6c-9f09-43a0-8d63-c01a2ac3f734,1053216.0,8394.0,9565.813960286245,6022344703.0,24055.855069811325,44743.55137756813,68441010.98324528,310618391.35234785,56.0
60,0.5,2559740.0,16486,0.1,1,90.0,3.0,eaa5fb6c-5d0b-423e-932e-b4c0ea731a0c,1053216.0,8830.0,15692.682076664509,8969777151.0,28972.9148827099,52294.95542461188,75159152.36211234,293173273.4906934,58.0
61,0.5,2559772.0,16486,0.1,1,90.0,5.0,e43b4a4e-128d-407d-993d-42079ce7b2a6,1053216.0,10169.0,19748.26409831025,8969777151.0,32492.41001885133,56435.32839786002,94476464.17360996,293463027.2275735,63.0
62,0.5,2514824.0,16486,0.3,1,90.0,3.0,147df320-497a-4683-aa23-a0eb7fb7a8f3,1053216.0,8463.0,14578.946199226217,9010692095.0,27985.756698964804,54763.13799089027,76028861.2670998,313064110.732923,61.0
63,0.5,2514764.0,16486,0.3,1,90.0,5.0,e0ab76f3-0835-445c-aff8-3e9934ce91b5,1053216.0,8778.0,15548.842129187577,9010692095.0,28845.307039341085,55744.26712751937,80478924.18402693,312516634.84526336,65.0
64,0.3,2514436.0,16486,0.1,1,90.0,3.0,02d776bf-0f85-4c36-8bac-c0f82e4872b0,1053216.0,9472.0,17608.01309970358,8974393344.0,20418.97263452992,34831.06918205128,81356210.83487864,279082863.60154426,62.0
65,0.3,2514620.0,16486,0.1,1,90.0,5.0,90daca68-bdff-4bf7-bf35-d23905cc12dd,1053216.0,9985.0,19167.82099688772,8974393344.0,21874.39093066038,36466.45913128931,88763982.54067138,279664398.8697918,68.0
66,0.3,2528016.0,16486,0.3,1,90.0,3.0,f61d3e4c-01a2-4d36-b7b2-f646c4a814d3,1053216.0,9650.0,18182.65642923079,9022332927.0,39921.67987860697,60160.16257164179,94554573.05849004,324457251.7615398,7.0
67,0.3,2528112.0,16486,0.3,1,90.0,5.0,9a790567-85ca-445d-a0a0-a45e86567599,1053216.0,7505.0,11708.019921443954,9022332927.0,34136.019833273705,53942.71689702842,64549627.9646696,323525299.08357215,6.0
68,0.5,2530716.0,16486,0.1,1,90.0,5.0,532193f2-b532-4bdb-b486-91432f605c57,1053216.0,9676.0,18251.05996512384,9009364991.0,29673.940982673263,58063.35838217822,82408389.62770262,325105761.0820716,26.0
69,0.5,2530076.0,16486,0.1,1,90.0,3.0,acb0e9e0-2d61-480c-9cde-d2a81b40e8c1,1053216.0,10459.0,20561.402363521564,9009364991.0,31482.81756973684,59904.05358245614,91964756.90714824,324841180.6136298,11.0
70,0.5,2540616.0,16486,0.3,1,90.0,3.0,4b1aa391-dce0-4370-9cca-70c048f1ec12,1053216.0,7981.0,17528.18751996143,12116353023.0,26734.46668620689,65136.48928390804,73579706.52399999,326166677.91457474,12.0
71,0.5,2540636.0,16486,0.3,1,90.0,5.0,365f28f2-d896-469a-98b9-fc4466abe1c1,1053216.0,7957.0,17430.73879430363,12116353023.0,26586.553353793097,64789.206917241376,73174296.85696,324357747.208,12.0
72,0.3,2516624.0,16486,0.1,1,90.0,3.0,94faf9a7-f131-4c9e-8cd2-78b479f60af9,1053216.0,9778.0,18547.502992022924,8987336703.0,26435.03309572294,55711.74195256496,84678910.4392766,311687397.2514559,18.0
73,0.3,2516860.0,16486,0.1,1,90.0,5.0,d8ae8a0c-d173-4aa5-8046-e76d9e113907,1053216.0,10032.0,19309.79249135189,8987336703.0,27170.662736635808,56450.23709636773,89368715.63888471,311947498.6563725,22.0
74,0.3,2538700.0,16486,0.3,1,90.0,5.0,288e6c15-fecd-4411-9867-7729f4a261b9,1053216.0,8230.0,9249.950294680202,6076248063.0,23563.14364030501,40456.48463943356,68602198.421661,311085773.69235814,29.0
75,0.3,2538572.0,16486,0.3,1,90.0,3.0,1c81f84f-463a-409f-aa4d-a4c07a82e500,1053216.0,10672.0,14149.848255935256,6076248063.0,31393.23751148936,49387.982588936175,98606455.75420596,311006008.4586837,29.0
76,0.5,2531576.0,16486,0.1,1,90.0,3.0,6bc34e58-f6f1-484a-b181-e51a1bf8cbca,1053216.0,11935.0,16823.479881072675,5858779135.0,23922.74789929078,44254.430117730495,91381815.59915462,324010655.2966765,179.0
77,0.5,2532096.0,16486,0.1,1,90.0,5.0,dc3bea1b-4fba-4b39-8275-2ff492ac1edf,1053216.0,13219.0,19117.54519955925,5858779135.0,25996.477686666665,46257.748279375,101229972.83640487,324487813.4074617,35.0
78,0.5,2536956.0,16486,0.3,1,90.0,3.0,62914266-3f5c-474e-b00b-be01d582fcbc,1053216.0,6989.0,6756.108826141986,6158360575.0,27026.09532797619,60402.490975892855,61896519.39048393,311892752.5339935,40.0
79,0.5,2536948.0,16486,0.3,1,90.0,5.0,8b209ae5-d6a4-4bcf-b98e-f669e39bcc5b,1053216.0,9040.0,10864.443732196229,6226800639.0,34138.2823199468,68908.76638229589,91753220.86456536,312404272.8537147,39.0
80,0.3,2558568.0,16486,0.1,1,90.0,5.0,8fd491b9-4330-4e56-a3df-7223b716477c,1053216.0,8491.0,19600.373163921275,11935793151.0,24696.22264601228,61246.84847668711,75363217.42004295,312382767.6762636,68.0
81,0.3,2558712.0,16486,0.1,1,90.0,3.0,f0cf5872-7d4d-4d58-ba50-18231df2eb20,1053216.0,9942.0,25420.970749339016,11935793151.0,27316.95283379684,63845.12814897613,94656934.00866504,312760481.5237165,69.0
82,0.3,2582740.0,16486,0.3,1,90.0,5.0,6a4fbf8f-3a56-487a-bcd5-80a169848262,1053216.0,7214.0,14460.994393849338,12654817279.0,33147.12900399639,64803.15828957636,69410790.62133636,326247614.22653687,57.0
83,0.3,2582672.0,16486,0.3,1,90.0,3.0,3cae291b-4468-44a9-964c-18c18b8b1188,1053216.0,7327.0,14923.285096115464,12654817279.0,33385.017938724144,64985.97145992321,71549286.31658763,325569369.52221143,56.0
84,0.5,2541196.0,16486,0.1,1,90.0,3.0,053882bb-9858-49ae-8e86-c73506aaccb1,1053216.0,8250.0,18600.766786465123,11995574271.0,13255.731205627704,20342.702072510823,74193610.31572317,57946013.09361017,64.0
85,0.5,2541800.0,16486,0.1,1,90.0,5.0,6e231d4b-f3cc-4859-b0b1-73d8aa9a347c,1053216.0,8947.0,21415.41310801368,11995574271.0,14661.499367608283,21750.858768738228,83958578.0238789,58367658.1223693,64.0
86,0.5,2514524.0,16486,0.3,1,90.0,5.0,1b06189c-d416-4b8c-b150-a4a80b46a3d5,1053216.0,9938.0,12629.544348927884,5988929535.0,31243.85211658848,81852.30264542802,87185784.39877062,313823205.86919296,35.0
87,0.5,2514448.0,16486,0.3,1,90.0,3.0,25255007-237d-455f-bfe4-09053edb878e,1053216.0,9977.0,12717.257920057384,5988929535.0,31320.88545157233,82010.52461855346,87350310.63723333,314355434.836158,37.0
88,0.3,9253604.0,23361,0.1,1,90.0,3.0,7f6d5912-9792-4f10-bb45-0f886398ec6c,2543220.0,46017.0,116960.33783879915,31444443135.0,82576.85388177521,181233.4927064668,868495103.4388907,791255292.8542751,21.0
89,0.3,9252620.0,23361,0.1,1,90.0,5.0,15fab60a-74a5-4567-85d4-05528524ba85,2543220.0,37231.0,100976.85732994936,31444443135.0,75354.48219422618,172063.9994225893,763117127.7613007,790112504.2308719,17.0
90,0.3,9258976.0,23361,0.3,1,90.0,3.0,30487fd3-9e6a-4192-9a55-406a1f11f696,2543220.0,43028.0,75409.91302526784,20988657663.0,109134.79922561128,246141.0008709546,850649939.7698396,1213900886.6859894,98.0
91,0.3,9258872.0,23361,0.3,1,90.0,5.0,05c01c46-db77-4762-91b4-f4d79d2adef1,2543220.0,35906.0,64627.43761169018,20988657663.0,102696.88890644362,239361.42677087977,758799827.7923634,1212831333.7237806,66.0
92,0.5,9276876.0,23361,0.1,1,90.0,5.0,8f30cd5b-5fb5-49be-be8d-d1acbf953da4,2543220.0,42356.0,77577.31712826926,21006667775.0,97428.32144941905,177817.8316458559,836138812.9874753,1207997317.9823616,56.0
93,0.5,9275340.0,23361,0.1,1,90.0,3.0,260e4fe4-5cf0-41ac-8987-c35d8dfa6d78,2543220.0,43932.0,80717.35478404537,21006667775.0,99424.40409808888,180537.7877299577,860070049.5567784,1208752180.870495,54.0
94,0.5,9252336.0,23361,0.3,1,90.0,5.0,76a64edf-6191-4648-8495-3280990c6367,2543220.0,37169.0,67187.50233807683,20675670015.0,95524.49252020547,175649.24441458168,812514578.3845698,1205450257.2078176,43.0
95,0.5,9252312.0,23361,0.3,1,90.0,3.0,f0a921a1-9b08-486b-aa99-a80ce22ac47a,2543220.0,37784.0,68413.92370676,20675670015.0,96443.73848978637,176738.52207573893,823546315.0776336,1205061089.9097867,43.0
96,0.3,9272720.0,23361,0.1,1,90.0,3.0,6f8b5795-2e10-419e-9ec0-c8e5b17e3d50,2543220.0,47979.0,117317.1835782422,31442321407.0,96688.93459878492,218415.81405230603,871800844.8937601,1210408873.1629307,28.0
97,0.3,9273492.0,23361,0.1,1,90.0,5.0,8c0af050-9180-4f65-92cc-0c022290784a,2543220.0,36423.0,98550.80721945164,31442321407.0,88256.91308240319,207838.3007109789,754196203.9984231,1209066929.6903808,25.0
98,0.3,9259304.0,23361,0.3,1,90.0,3.0,097f0199-7fb5-4b08-a5dd-c92f69efc164,2543220.0,43654.0,77062.42807183843,20963508223.0,84540.16714871954,186022.9058183323,849512241.9513575,1091526867.081437,11.0
99,0.3,9259372.0,23361,0.3,1,90.0,5.0,89118c55-3b87-42c8-82d9-55e840102559,2543220.0,36886.0,66658.25470971799,20963508223.0,78108.15860925289,179286.53834684967,757629876.4809741,1090459872.6691031,15.0
100,0.5,9267480.0,23361,0.1,1,90.0,5.0,b6fa5d74-3694-409c-b136-2fa527891891,2543220.0,41813.0,153021.19980116474,40827039743.0,75880.34082801928,146699.41329939183,846018527.2844772,611173784.7649649,23.0
101,0.5,9266920.0,23361,0.1,1,90.0,3.0,64c5bd2d-882c-489a-8294-a1c3bc98d446,2543220.0,40260.0,146812.53023776552,40826912767.0,74331.64367284677,145044.8187346303,810901473.7402692,610968814.3281577,23.0
102,0.5,9273212.0,23361,0.3,1,90.0,5.0,e9a1b363-c4b6-4482-8961-102359510585,2543220.0,35457.0,63764.45841326667,20670975999.0,97276.45714769085,176310.06954241282,802880045.7248805,1208052615.0807717,17.0
103,0.5,9273316.0,23361,0.3,1,90.0,3.0,4476864f-ca63-4bb6-b779-832fa1f5af9a,2543220.0,36818.0,66481.98140847808,20670975999.0,99174.859289732,178737.74597684434,825193785.8614502,1207619597.318442,15.0
104,0.3,9265012.0,23361,0.1,1,90.0,5.0,bdd44fd0-6cd0-4e5b-9cf6-9b4ebdbe2c68,2543220.0,41768.0,114607.17925661831,31379341311.0,91121.2822955678,202842.3476146604,800049824.472925,1209722459.7901163,59.0
105,0.3,9261192.0,23361,0.1,1,90.0,3.0,0c8c896d-2b3e-499f-860b-96181bdb642e,2543220.0,46207.0,126281.81954881296,31379341311.0,95658.2622783468,208217.2573981916,870532949.3863182,1210270365.066276,62.0
106,0.3,9273116.0,23361,0.3,1,90.0,5.0,ced00e3b-e4b4-41f0-bd11-2369d7f57cef,2543220.0,31287.0,110853.1051598012,41612980223.0,66442.25866460365,137241.32184956202,755915752.9067607,610548157.759618,18.0
107,0.3,9273020.0,23361,0.3,1,90.0,3.0,0bd6bd92-fac6-4cd3-be82-6db0620b3169,2543220.0,35626.0,126754.90470894852,41612980223.0,71060.78700227573,142167.4046855216,847269542.1854732,611396071.097358,18.0
108,0.5,9264556.0,23361,0.1,1,90.0,3.0,7fba382b-a8dc-4f57-b113-0f3886ae6be7,2543220.0,44398.0,157015.38906719274,42001715199.0,64470.310949169136,149411.5338069354,868907018.1864709,619940421.0314634,5.0
109,0.5,9263068.0,23361,0.1,1,90.0,5.0,ef3e2b3e-1071-4853-9aaa-4aa29594955d,2543220.0,37618.0,136231.98279911454,42001715199.0,59630.50967428656,144570.7958294204,774855640.5637991,619046193.2218632,6.0
110,0.5,9256400.0,23361,0.3,1,90.0,5.0,613596ec-befd-4fc8-a682-90ca6f1c9b38,2543220.0,35834.0,96758.36523376446,40553824255.0,81275.54854518728,150370.40511656518,787896031.6102778,1205963628.4763343,56.0
111,0.3,9260596.0,23361,0.1,1,90.0,5.0,1807d3f4-c3b7-46c1-8371-69c3d03b59e1,2543220.0,41573.0,152052.99264340187,41904758783.0,94674.36652750988,237862.1720725165,810332542.7091562,1211659647.9928164,13.0
112,0.3,9259760.0,23361,0.1,1,90.0,3.0,1ecdd892-725c-4d43-815a-792920f3a2d3,2543220.0,43709.0,160606.33399755275,41904758783.0,96517.8525366517,239767.92365209584,845752764.4911097,1212181946.4241042,13.0
113,0.3,9260024.0,23361,0.3,1,90.0,5.0,81cd39e9-e0ab-4fd3-89f0-213e49a5eeb6,2543220.0,36301.0,130975.39222988515,41267204095.0,67912.11175016835,145918.32934710744,812342821.3528652,626084024.49943,59.0
114,0.3,9257292.0,23361,0.3,1,90.0,3.0,2960b595-f1aa-48ec-88c7-62ff29394e30,2543220.0,36495.0,131740.93087437432,41267204095.0,68029.0918414612,146071.22279348553,812343888.8656967,625839946.1469278,59.0
115,0.5,9272304.0,23361,0.1,1,90.0,5.0,2966880e-3c2c-4b21-ba6b-b606508b8815,2543220.0,43423.0,119592.3889202059,31532576767.0,103377.65568319516,218405.84607118813,836830759.1449575,1212195899.486981,46.0
116,0.5,9270568.0,23361,0.1,1,90.0,3.0,dd6e4369-0a1f-4d3b-b038-3e6420b76940,2543220.0,43764.0,120611.4808363971,31532576767.0,103509.5336015446,218556.822604285,837003869.0760641,1212471978.4325275,43.0
117,0.5,9273136.0,23361,0.3,1,90.0,3.0,ef7f89eb-4ab6-455c-94a8-666e3e83ac82,2543220.0,35343.0,95310.2694134206,31154229247.0,95615.53498770104,214154.13616890568,802611300.0420959,1210477602.231325,30.0
118,0.5,9273008.0,23361,0.3,1,90.0,5.0,456886ba-66f6-4c32-8baa-bfd00d85541c,2543220.0,36751.0,99554.40365986111,31154229247.0,97233.58077838164,216059.75958997587,825489477.4561625,1210856018.6420307,34.0
119,0.3,9268136.0,23361,0.1,1,90.0,5.0,e3e3073c-2127-4166-bdd4-2f2e65816e58,2543220.0,41055.0,112463.07812179015,31459606527.0,87810.42522072651,213460.3906349893,799705028.489048,1209525355.0383997,16.0
120,0.3,9266244.0,23361,0.1,1,90.0,3.0,1f7b32f9-3413-48fd-be11-a482dc78c277,2543220.0,45436.0,124087.74673861038,31459606527.0,92242.9102306124,218999.0263914051,870438273.9582275,1210398728.7288537,19.0
121,0.3,9269120.0,23361,0.3,1,90.0,5.0,8fd98511-cea1-467c-a94e-2f353a6723b0,2543220.0,36096.0,97613.47267892276,31495139327.0,80180.3507754775,191123.0900831793,813397714.407634,1067601424.8543594,60.0
122,0.3,9268700.0,23361,0.3,1,90.0,3.0,d89fedda-07ed-413c-b7c9-24e37216565a,2543220.0,36422.0,98603.72188782108,31495139327.0,80311.77353101555,191230.0893092405,813364132.2424183,1067569498.7199152,62.0
123,0.5,9270468.0,23361,0.1,1,90.0,5.0,6aa6b6b6-d479-49b2-894c-00b2577cd499,2543220.0,41182.0,75198.84889197268,20696936447.0,93231.94362252398,174187.3755799787,811701774.8146592,1207883325.864283,16.0
124,0.5,9264852.0,23361,0.1,1,90.0,3.0,b8dcdc0c-609f-4a14-b9d2-459f65d380d8,2543220.0,44977.0,82629.26457502629,20696936447.0,97651.62860100536,179729.9827109332,870416118.5859984,1208447583.983075,17.0
125,0.5,9253920.0,23361,0.3,1,90.0,5.0,77fcc8ae-4fce-4000-b8a7-743689f74137,2543220.0,36774.0,66395.07871238858,20954611711.0,97172.9317230166,179320.25762051283,812970986.5525188,1206510064.686476,63.0
126,0.5,9246548.0,23361,0.3,1,90.0,3.0,d0f247c2-dd17-4181-8391-d0ef2550acb4,2543220.0,36385.0,65615.65296973132,20954611711.0,96309.10096309526,178071.46348901102,801568928.3681941,1206364782.4116318,62.0
127,0.3,9260340.0,23361,0.1,1,90.0,3.0,eff96f1f-4f98-45f8-9b83-049f804ea1ae,2543220.0,44360.0,81550.66315373522,20689473535.0,93204.78252905264,170975.64825164858,741330061.3793793,1206800850.6727157,45.0
128,0.3,9262072.0,23361,0.1,1,90.0,5.0,402a1efa-9f4d-415a-970b-914638b7d34c,2543220.0,61873.0,102718.05645061182,20689473535.0,103763.75035251689,184256.8936215404,870533191.4653425,1208494251.4161105,46.0
129,0.3,9266316.0,23361,0.3,1,90.0,5.0,00784a4c-d9be-4767-bdb1-aa1edff2259c,2543220.0,45783.0,77984.87705454377,20666155007.0,72908.11666549518,119552.72765098009,857609625.7899579,801960179.2749205,28.0
130,0.3,9266340.0,23361,0.3,1,90.0,3.0,aea0bea2-fe9d-41b9-8ed3-3f68c4db32cd,2543220.0,35688.0,64242.64709284414,20666155007.0,65876.07734521657,111541.912224667,732428870.6658615,800521799.3528191,29.0
131,0.5,9256204.0,23361,0.1,1,90.0,5.0,481e768b-c573-4daf-a5a4-6b2d01cf13f9,2543220.0,42847.0,78555.38668499328,21103988735.0,94325.587417737,171407.88338860855,798798380.9576523,1205383063.0226202,19.0
132,0.5,9254396.0,23361,0.1,1,90.0,3.0,3639e0a4-516c-42d9-b846-964282ce9b14,2543220.0,46527.0,85835.90211535244,21103988735.0,99082.89146500676,177383.03734050575,857890213.4207982,1206492072.0675883,17.0
133,0.5,9260932.0,23361,0.3,1,90.0,3.0,f1e969bc-f32d-4479-bd1d-18734bee92e0,2543220.0,36057.0,64981.582840478746,20996943871.0,93010.60998797408,180435.81860977493,835344718.3251777,1206646815.1534276,64.0
134,0.5,9260840.0,23361,0.3,1,90.0,5.0,39c10572-8a88-415b-b878-2285f54d0f4b,2543220.0,33327.0,59491.78650376735,20996943871.0,88442.83730771043,174367.63260202017,778341815.6316905,1205874062.4482832,63.0
135,0.3,9259764.0,23361,0.1,1,90.0,3.0,471682f8-5f04-42de-bff8-7a7b61fb7046,2543220.0,44941.0,45108.26719628567,30233313279.0,49496.41189150821,87383.77859166669,434433195.4046536,603703787.6479762,46786.0
136,0.3,9260716.0,23361,0.1,1,90.0,5.0,4cd791e4-e722-4e8c-9eb7-ae0719359d23,2543220.0,43260.0,79287.16062273271,20639621119.0,83182.74044820978,209607.9755905509,764997384.985605,1208865106.903252,48.0
137,0.3,9258140.0,23361,0.3,1,90.0,3.0,4f8ccedb-5ac6-4fa0-819c-827e7ea78670,2543220.0,42925.0,78758.51529863273,20969922559.0,75194.1532116285,236077.42262903304,823285390.8378308,1211198930.9926517,36.0
138,0.3,9260524.0,23361,0.3,1,90.0,5.0,b0762a57-3acd-4cb9-864e-767b210d4f77,2543220.0,42514.0,77936.62497954164,20969922559.0,74768.28017685185,235658.9502038323,812105520.3134599,1211383347.869324,36.0
139,0.5,9264248.0,23361,0.1,1,90.0,3.0,e96b76f7-91db-4892-aac6-9ed3fbb51929,2543220.0,43644.0,43687.221844317006,20121874431.0,49581.11520653923,89440.35642585765,434149186.3689449,604397180.7681758,46188.0
140,0.5,9266028.0,23361,0.1,1,90.0,5.0,c9f030fd-cf58-42cf-8bfb-8b6d301715da,2543220.0,37216.0,100939.57996716572,31451828223.0,71901.97212276785,233589.3437375596,729388250.0960131,1211402964.7262864,20.0
141,0.5,9269992.0,23361,0.3,1,90.0,3.0,2283e55c-452a-4c01-824e-c8e5b4110195,2543220.0,42274.0,101299.43403879312,31678619647.0,59840.84346247748,143370.12011451036,845971654.8601208,610503208.0611298,24.0
142,0.5,9270168.0,23361,0.3,1,90.0,5.0,718e074f-0d71-4c4e-bbdb-d03d4f2c3621,2543220.0,31233.0,83004.69662929389,31678619647.0,53079.24720630564,136276.23060518457,698201386.5054202,608806941.9365362,23.0
143,0.3,9269276.0,23361,0.1,1,90.0,5.0,f5d05b63-3c71-4fa4-a455-33075b170cb2,2543220.0,41713.0,83500.99326570673,40609517567.0,89171.88108815097,152892.68849286498,859742416.9300799,910874107.6135516,45599.0
144,0.3,9268952.0,23361,0.1,1,90.0,3.0,0d6e4889-3ba0-415a-aa3d-cd865c057919,2543220.0,45617.0,91031.76821971878,40609517567.0,94689.87344512998,160364.6508786227,930499754.2801085,911564120.794465,45597.0
145,0.3,9267684.0,23361,0.3,1,90.0,5.0,2066cd00-0439-479f-8cc2-bab159004c66,2543220.0,41059.0,74129.48843020955,21173235711.0,86766.79314117471,205828.42113163444,847277008.1675901,1211532231.0980692,72.0
146,0.3,9267612.0,23361,0.3,1,90.0,3.0,3ed3c7fc-49ec-437a-8504-46594a38f56d,2543220.0,36578.0,66012.79837718228,21173235711.0,82275.804283882,200543.31278101183,778709034.3842808,1210400177.931683,58.0
147,0.5,9253924.0,23361,0.1,1,90.0,5.0,4358a7b1-6c4f-4844-91ca-a6cbd61f1eb6,2543220.0,48461.0,89821.15895056326,20951384063.0,50352.560813788485,103686.70573830878,819126178.7610915,446447526.1233204,43.0
148,0.5,9252076.0,23361,0.1,1,90.0,3.0,aca6b58a-ebfc-4cc1-b7f2-b5c186c77cba,2543220.0,51624.0,96160.69727096,20951384063.0,52565.9908493125,105791.01404425,865814151.7395654,446734178.01843023,43.0
149,0.5,9266584.0,23361,0.3,1,90.0,5.0,77125cd4-f69e-4f9c-a01f-e48a5974dc8a,2543220.0,40618.0,74141.45621064176,21070209023.0,153806.2105574189,403413.74966246577,825191094.2480576,2119039402.987235,28.0
150,0.5,9266556.0,23361,0.3,1,90.0,3.0,b7cc4d1c-ec4b-4f2c-ab38-69fe3adb7d71,2543220.0,42056.0,77028.2942739079,21070209023.0,155398.37346166256,405309.33158277714,859293464.4878868,2119275044.495808,28.0
151,0.3,9266520.0,23361,0.1,1,90.0,3.0,698b6936-5a84-40fe-82b5-d583c5281e73,2543220.0,42998.0,78840.068288982,20966068223.0,572644.9016131377,660835.1982481536,849323916.1303079,1242329812.9999814,15.0
152,0.3,9267084.0,23361,0.1,1,90.0,5.0,db056fb2-eb4a-4d39-9c5c-57ffe28e31ae,2543220.0,43150.0,79135.24353123526,20966068223.0,575559.1551791334,663968.9271030119,861284664.7346575,1242708098.995295,17.0
153,0.3,9267248.0,23361,0.3,1,90.0,5.0,9d388093-d6a3-4a08-933e-380bf38cbbfd,2543220.0,42014.0,76899.36043590837,20986974207.0,70975.47702284507,210761.955249511,801105305.3569129,1210197097.7517776,60.0
154,0.3,9267184.0,23361,0.3,1,90.0,3.0,7d2a0aa7-76ab-4692-a2a7-85ef48230880,2543220.0,43133.0,79195.3276920913,20986974207.0,72360.51437840216,212338.8340979837,824012140.1815299,1210607633.3342664,87.0
155,0.5,9262976.0,23361,0.1,1,90.0,5.0,ef93c002-9b54-4b62-9ad1-a959afe933c5,2543220.0,41459.0,47359.70159745369,30528942079.0,55545.37551186577,95054.1806932659,484390999.5054176,604488035.9434632,43904.0
156,0.5,9262252.0,23361,0.1,1,90.0,3.0,7c73302c-168b-4155-83d6-aa5671c56382,2543220.0,46113.0,85056.28836631188,20875812863.0,87662.75388219053,210856.7589402026,812897864.3394756,1208747190.7238288,47.0
157,0.5,9263148.0,23361,0.3,1,90.0,5.0,479b3660-064b-4858-bf0b-70bdd9754fb6,2543220.0,50835.0,94547.67260106107,20988981247.0,89314.70078792117,172627.1784357915,813588582.911379,1207262531.3778272,40.0
158,0.5,9263144.0,23361,0.3,1,90.0,3.0,79399a97-1af5-491a-86eb-e55734eff9eb,2543220.0,53296.0,99459.81523545067,20988981247.0,92952.44724195368,177266.67939504533,859172044.1972954,1207770251.4311883,38.0
159,0.3,4380788.0,8362,0.1,1,90.0,5.0,32e759e5-3ed8-4a56-818a-aeb810a60537,828144.0,6014.0,4826.35417196698,11076960255.0,10792.36724125,27745.737430000005,63983424.052405,326433447.03414124,52.0
160,0.3,4380460.0,8362,0.1,1,90.0,3.0,dbab5db1-f31e-4549-bc0c-5216cf3f324e,828144.0,6590.0,5969.337940536741,11076960255.0,11796.788436026936,28813.025109427606,74400019.91219494,326513449.30465925,48.0
161,0.3,4409200.0,8362,0.3,1,90.0,5.0,156bd78f-6dab-4b99-831c-50df7024ba76,828144.0,4320.0,1399.477130608136,10612772863.0,35051.57299710145,262215.3134565217,44587055.409631886,1512212697.4132376,51.0
162,0.3,4408996.0,8362,0.3,1,90.0,3.0,0a91a09a-9295-4ed0-b15c-c37627ed08e2,828144.0,4456.0,1688.876893455245,10613010431.0,34892.3689297619,260218.37492857143,43855309.92278096,1499807308.2716012,51.0
163,0.5,4406056.0,8362,0.1,1,90.0,5.0,b5a6d1aa-e3b1-4f78-b387-0f377b9006d5,828144.0,5674.0,8288.242846187644,22240563199.0,5590.993333333333,5652.120573529412,58407579.74550882,1589817.541647059,50.0
164,0.5,4406184.0,8362,0.1,1,90.0,3.0,58bb37dc-0990-4139-8f32-fcedf8bfccb8,828144.0,5758.0,8624.376542446287,22240563199.0,5682.577403755869,5732.972484037558,58220112.620101415,1621364.271657277,49.0
165,0.5,4409272.0,8362,0.3,1,90.0,5.0,e347d4a3-a5e5-46d7-b61f-40c835c549ea,828144.0,5296.0,3388.8154725780537,10978082815.0,4320.771853846154,5070.648667785548,47262329.43129343,1601413.689269557,59.0
166,0.5,4405604.0,8362,0.3,1,90.0,3.0,c64c3725-7e35-45bf-8a1c-bebc80e88e97,828144.0,7165.0,7141.024994170796,11218821119.0,8293.254931593392,9553.632161602149,89491618.17906135,2662822.595926673,55.0
167,0.3,4398948.0,8362,0.1,1,90.0,5.0,91b5cae2-a830-4689-a132-684ac0454157,828144.0,6086.0,4961.7396795358745,10939494399.0,24097.259606024098,62124.06006506024,59521037.72735422,633739222.660465,76.0
168,0.3,4399188.0,8362,0.1,1,90.0,3.0,cda2b4bd-ece5-4790-a1ca-0e0a96cb0ac7,828144.0,7938.0,8650.674104124031,11325116415.0,29827.152687731483,69860.1425611111,96429867.89090002,635735251.602987,63.0
169,0.3,4401732.0,8362,0.3,1,90.0,3.0,6be887d5-c03f-479e-a9b3-cfad97d8719a,828144.0,5400.0,3595.725020184681,10943344639.0,15877.29832937853,33800.26081299435,54131701.14201017,321576030.852726,67.0
170,0.3,4406792.0,8362,0.3,1,90.0,5.0,3eabca20-104d-4d0b-846b-b10271ff2bdf,828144.0,6210.0,5216.131899711918,10959994879.0,18660.88932131783,37195.31776085271,69695413.93661782,320694629.89380074,64.0
171,0.5,4382572.0,8362,0.1,1,90.0,5.0,10737550-8156-47ce-9c40-bca6e2331bb4,828144.0,5371.0,5301.427944270818,16512708607.0,17619.488100564973,80376.76309830509,54733110.31345989,633701466.3468723,21.0
172,0.5,4379436.0,8362,0.1,1,90.0,3.0,bf229cdd-ccb6-4d98-b49a-6ffb49a05b71,828144.0,5530.0,5751.864040909413,16512819199.0,17820.636766666667,80606.71083645833,54761258.54683749,633893424.054737,13.0
173,0.5,4353100.0,8362,0.3,1,90.0,3.0,6a177519-b75b-4939-bd92-ceb85c28d3f0,828144.0,4990.0,2779.429401368797,10767024127.0,16230.508020547502,53677.881551159415,43603809.59584406,636222643.2442274,29.0
174,0.5,4356860.0,8362,0.3,1,90.0,5.0,63325f87-b66c-4c5d-8e8a-de2d71d4eff5,828144.0,6241.0,5283.190817306071,11020627967.0,21245.41940344828,59751.36226234761,74328002.20373052,630621790.4784737,29.0
175,0.3,4401896.0,8362,0.3,1,90.0,5.0,a3e15c74-441d-4f5c-b7f6-121b11e6d7c8,828144.0,4432.0,1620.8115054765328,10236395519.0,28926.16277037037,92595.78413950618,29273092.28222963,647317281.9291408,65.0
176,0.3,4401988.0,8362,0.3,1,90.0,3.0,14ba8c23-d803-4819-bd15-97eace55b7c0,828144.0,6152.0,5056.044930999235,10987597823.0,38040.05037698413,104632.7788722222,81592704.33444522,640823313.5687453,56.0
177,0.5,4409956.0,8362,0.1,1,90.0,3.0,6339c997-1c00-453a-aec6-41a3f3a00893,828144.0,4488.0,1731.434191574198,10582335487.0,30678.627350862072,114445.6997190476,34806406.347932145,642898321.7069714,9.0
178,0.5,4409840.0,8362,0.1,1,90.0,5.0,efd42df9-88af-4edd-a03a-0af24d65dd95,828144.0,4504.0,1754.9716146204255,10582335487.0,30578.76682988505,114699.51615057472,34843616.226027586,644023581.4954252,10.0
179,0.5,4386704.0,8362,0.3,1,90.0,5.0,f221e5df-5249-4c66-a847-7205a246202a,828144.0,6089.0,4984.964261770847,10877079551.0,31437.77207228916,103390.85667389556,64977297.04496987,634791190.663418,20.0
180,0.5,4386708.0,8362,0.3,1,90.0,3.0,b1a22f53-e128-4380-8f98-ebd41d03da84,828144.0,6227.0,5264.414510382301,10877079551.0,32186.91704712644,104673.23818659004,75839467.83345824,639360648.1969028,20.0
181,0.3,4406508.0,8362,0.1,1,90.0,5.0,b600d480-a358-49ac-8b7f-637315abd203,828144.0,6305.0,5415.166993365785,10963709951.0,17473.856936096545,63914.82925988348,69825203.70984307,329388309.4928655,36.0
182,0.3,4406256.0,8362,0.1,1,90.0,3.0,1756a047-1997-47c1-8375-67d8221c846c,828144.0,6690.0,6183.076653068342,10963709951.0,18131.12374681769,64516.83515258583,75914687.30809811,328885662.2603188,36.0
183,0.5,4386232.0,8362,0.1,1,90.0,3.0,8b0fbd67-4970-48cc-b8a3-febb2894da63,828144.0,6484.0,5757.78335251254,10924093439.0,7368.814878947367,9821.438294385964,77651894.28696561,19068479.6187014,14.0
184,0.5,4385956.0,8362,0.1,1,90.0,5.0,2ae04e64-38b8-4ca8-a37b-b3191b7323d6,828144.0,6702.0,6208.994099763366,10924093439.0,7606.960784640523,10023.536015686275,77804627.9475121,19137407.13408954,14.0
185,0.5,4390292.0,8362,0.3,1,90.0,5.0,832f6245-81e7-4170-97fe-8665f0fab3f0,828144.0,4271.0,1325.0411512673084,10206941184.0,50581.52813246753,171213.6230919192,39845117.57484524,926511911.9134936,33.0
186,0.5,4390464.0,8362,0.3,1,90.0,3.0,ebfb1d8f-5581-4642-a247-e6ba4a8b1f9d,828144.0,6165.0,5124.48436246977,11099652096.0,57342.89129764706,178683.40283568625,91158518.0854706,917165656.1798668,32.0
187,0.3,4401804.0,8362,0.1,1,90.0,5.0,e0d03c4e-02bf-48f3-82e4-f86df18bdb17,828144.0,5479.0,3743.96807259204,10971213823.0,26312.341701639343,62795.35808852459,55205503.58849836,632228083.7633542,57.0
188,0.3,4408392.0,8362,0.1,1,90.0,3.0,13f9d83c-7ea2-468f-993c-4f3937c069c5,828144.0,5581.0,3951.289569160975,10971213823.0,27895.531645128205,64915.30958564102,65117827.561483584,625383678.2988769,55.0
189,0.3,4373528.0,8362,0.3,1,90.0,3.0,bcb3e25f-99b9-4cc4-87a0-fb7f4ea093a6,828144.0,5450.0,3677.644832192132,10900324351.0,16764.55654338798,33535.90551322404,48758601.204530366,318741169.74496454,14.0
190,0.3,4373364.0,8362,0.3,1,90.0,5.0,b0528ef3-c976-4660-97a2-fbe787cd7372,828144.0,6450.0,5701.32867466981,10900570111.0,21021.612976595745,39212.68879148935,79704718.9402844,319255644.79295313,11.0
191,0.5,4390260.0,8362,0.1,1,90.0,5.0,9e67c398-d882-4e26-a2ac-d79e5c3492b0,828144.0,5523.0,3820.584762444321,10941865983.0,27684.26314920635,64628.61651216932,55060820.44316244,639942708.0358592,32.0
192,0.5,4396964.0,8362,0.1,1,90.0,3.0,7c2d87b6-c965-4882-92dd-c2bd10ad1400,828144.0,5624.0,4022.260895156981,10941865983.0,29298.85808955224,66804.79813432836,64993922.33138606,643382571.5982717,32.0
193,0.5,4382152.0,8362,0.3,1,90.0,5.0,a20e930a-2cb2-43d7-b437-536cf3d6fac6,828144.0,4491.0,1756.7122684807898,10510721023.0,33550.57503218391,156759.67168965517,35191291.431927584,964468099.3592932,51.0
194,0.5,4382232.0,8362,0.3,1,90.0,3.0,e291b24d-a5a6-40c5-a625-0cba0b3ed6af,828144.0,5232.0,3237.3198489082715,11090444287.0,38152.67156194969,162497.3557356045,61357222.11835663,961798823.1508732,51.0
195,0.3,4399416.0,8362,0.1,1,90.0,5.0,827eb021-33f5-4a3b-b41c-1c3ba38e3134,828144.0,6319.0,5427.467978430914,11125915647.0,10835.886539213485,36859.67710012068,68701604.30415308,291974084.89017016,10.0
196,0.3,4398060.0,8362,0.1,1,90.0,3.0,ba47e869-df95-4da7-bf8b-6dc49860f550,828144.0,6702.0,6199.03133157761,11125915647.0,11960.820670588237,38211.92384640523,74131735.82054706,290931878.7797863,10.0
197,0.3,4400252.0,8362,0.3,1,90.0,3.0,a7ed8463-ae8b-4da3-b306-66e9cad52196,828144.0,4281.0,1310.642244140413,10419859455.0,28881.34749696969,118351.86972121212,34558958.665224254,648256684.370297,31.0
198,0.3,4400276.0,8362,0.3,1,90.0,5.0,e9b3fed5-fbcd-475e-aaeb-a854592c4b44,828144.0,4383.0,1505.0099904949366,10498207743.0,28940.729925589745,117724.32801989744,34377352.578114256,644286013.1280832,31.0
199,0.5,4403764.0,8362,0.1,1,90.0,5.0,bf5d5dfd-a697-44a3-ac13-070e34e62acb,828144.0,6479.0,5768.183744333932,10956140543.0,16929.522364583332,34529.063359375,74824218.31915209,632723261.8010604,52.0
200,0.5,4403856.0,8362,0.1,1,90.0,3.0,0482c9bd-04f1-4a09-a9f6-18559e511e27,828144.0,6606.0,6029.73020425066,10956140543.0,17075.171255,34699.71161033334,74980172.92962132,633895761.18225,51.0
201,0.5,4388732.0,8362,0.3,1,90.0,3.0,9061f7db-3f3b-40eb-ba62-f39df26d1397,828144.0,6237.0,5296.488974536031,10743889919.0,13134.536252873564,29507.92190651341,81737010.03427473,511883745.8124445,8.0
202,0.5,4388500.0,8362,0.3,1,90.0,5.0,7dc476cd-acd1-4416-8b44-224ae831cdb4,828144.0,6364.0,5541.487533164851,10751049727.0,13769.995476190476,30271.37769230769,92349058.66682856,512035778.16246665,8.0
203,0.3,4385348.0,8362,0.1,1,90.0,5.0,7959bc27-c744-47dd-8d9c-50c5798b3db0,828144.0,8495.0,9797.637819509024,10977292287.0,26873.236615853664,79329.95267764227,90498080.38195916,633043628.6312754,72.0
204,0.3,4385408.0,8362,0.1,1,90.0,3.0,f8602aec-cc78-4e84-a5bd-87fce7a2a52b,828144.0,8585.0,9979.299382351484,11155595263.0,27655.69468802396,80512.41952155689,95723608.49701697,633267213.6464438,72.0
205,0.3,4401332.0,8362,0.3,1,90.0,5.0,1e58d9e2-bda4-4bb1-b785-13e8526c60d7,828144.0,6272.0,5351.283691828388,11054456831.0,14990.86533670412,32701.43677078652,69700449.32715732,633372082.1353753,48.0
206,0.3,4401260.0,8362,0.3,1,90.0,3.0,3f1dbf63-47e5-45f9-b9a9-91bb9c0d1808,828144.0,6353.0,5519.664802834957,11054456831.0,15423.03471025641,33269.15929010989,75490578.73457801,638480433.1904414,49.0
207,0.5,4395320.0,8362,0.1,1,90.0,3.0,d528b97c-b81c-4e3e-ab45-8baf09af9c6a,828144.0,6484.0,5745.065358214555,10943430655.0,61711.29639649123,87503.19800175438,72877437.34308104,639654541.9970527,6.0
208,0.5,4395156.0,8362,0.1,1,90.0,5.0,b93788df-9166-4b1a-afb9-580283ba0ae4,828144.0,7597.0,7998.765172708917,11139801087.0,64823.03441010101,91287.69920580808,94026701.82547222,640522493.6201527,10.0
209,0.5,4408964.0,8362,0.3,1,90.0,3.0,9ce0350a-4c5a-43eb-9707-32e2ad2d66d6,828144.0,5415.0,3622.3085978742847,11111804927.0,27322.57883174745,84430.03930216239,55003498.285550594,640538132.7046008,34.0
210,0.5,4408872.0,8362,0.3,1,90.0,5.0,e805adbb-b2ea-44de-aaef-b5b27441189b,828144.0,6226.0,5238.883247496456,11111804927.0,30054.94598677627,87741.19932042845,70666936.81294583,639369592.3097236,31.0
211,0.3,4389128.0,8362,0.1,1,90.0,5.0,ec02014d-e090-4316-ba60-57ad474f8bf1,828144.0,5660.0,4093.8863826381566,10937360383.0,13666.168207960198,25299.75178855721,53914332.31838706,183839530.03620645,54.0
212,0.3,4392416.0,8362,0.1,1,90.0,3.0,ead2ccbd-2054-47a9-a6ee-e102dc2c2a54,828144.0,6680.0,6141.503237734619,10956017663.0,16807.581013531355,29375.74585016501,74749466.22462475,183059929.66087988,51.0
213,0.3,4397220.0,8362,0.3,1,90.0,5.0,b8003080-a2c8-4243-a73e-6806d10a6436,828144.0,5220.0,3224.393492728568,10941071359.0,33932.89050377359,93084.65356981131,50426425.65174528,644533905.053385,15.0
214,0.3,4397408.0,8362,0.3,1,90.0,3.0,b1c56278-47ae-4545-9b2c-064bcb914242,828144.0,6133.0,5064.836380748643,10941341695.0,36383.35998809524,95375.10172857143,70688422.77003175,636775454.7580714,14.0
215,0.5,4393144.0,8362,0.1,1,90.0,5.0,7868915c-aba5-4460-a895-c920716e136c,828144.0,5588.0,3970.723258818211,10951585791.0,34415.0966030303,90331.87527373736,60283949.62874951,636726346.4915364,39.0
216,0.5,4399716.0,8362,0.1,1,90.0,3.0,3a694948-ab3e-4aca-86ca-e6f7f0ae2f98,828144.0,6597.0,5985.825311495297,10951819263.0,37739.40649158249,94769.76842828284,81661742.47407879,640061424.2412212,36.0
217,0.5,4374804.0,8362,0.3,1,90.0,3.0,c468ea28-0fe6-4c99-b1ed-401e2767c255,828144.0,6145.0,5074.560405041712,10907721727.0,27460.933371428568,99348.32660952382,65311959.50235239,636618386.845393,57.0
218,0.5,4374460.0,8362,0.3,1,90.0,5.0,b41afc5d-a919-4504-adf0-5e03e315ba99,828144.0,6426.0,5637.6054596781705,10907721727.0,27788.876609219857,99227.7166673759,70099009.64560178,632968851.2076318,61.0
219,0.3,4409408.0,8362,0.1,1,90.0,3.0,a3eaf3f4-3d25-436e-9aea-d2923a58f5fe,828144.0,6352.0,5492.529575618156,10977787903.0,13392.433847863247,24201.2763484127,67572850.82843712,270909357.5221241,17.0
220,0.3,4409368.0,8362,0.1,1,90.0,5.0,59641d32-d91e-4714-a73c-d2a1ef82f022,828144.0,8383.0,9578.431318309958,11351781375.0,18511.621873242577,30198.109596045964,104076080.65169504,270128663.8045766,22.0
221,0.3,4382572.0,8362,0.3,1,90.0,5.0,47b9d6c9-addf-4cc8-894f-7a8b442897cd,828144.0,5314.0,5120.379464948333,16302837759.0,23006.408341353384,80370.55669348371,54472479.68527457,638533664.4926195,41.0
222,0.3,4382456.0,8362,0.3,1,90.0,3.0,0608a2cb-ab31-45b1-8178-5513c5cde9b8,828144.0,5418.0,5424.883731165412,16302837759.0,23034.473680555555,80336.67210722223,54304115.68354833,636512595.3486283,37.0
223,0.5,4383160.0,8362,0.1,1,90.0,5.0,f44c8ec6-44e7-4f1b-98f1-183af1f95838,828144.0,5651.0,4085.6242455257807,11289247743.0,48548.85199705882,141237.2184970588,75379035.37754412,1580567064.769838,61.0
224,0.5,4383304.0,8362,0.1,1,90.0,3.0,4de2a547-31a6-42a3-9ef7-59e191b4dd28,828144.0,5735.0,4250.672310562865,11289247743.0,48887.055680952384,141988.15231857143,76095292.56594476,1587437343.6654615,60.0
225,0.5,4396712.0,8362,0.3,1,90.0,3.0,1a73df55-d7fa-4387-a057-014f2dd66794,828144.0,5024.0,2837.73606290966,10768162815.0,28235.46843687943,77995.38415319148,62477724.5433078,1579055847.7726312,19.0
226,0.5,4397072.0,8362,0.3,1,90.0,5.0,716961ff-6918-41fa-b765-ae67b8dead5f,828144.0,5188.0,3195.8822203251966,10768601087.0,29667.11912820513,79833.72672307692,76525766.90415001,1584534510.1602309,19.0
227,0.3,3446160.0,15022,0.1,1,90.0,5.0,45512986-2e78-49ec-bfdb-baf339854c63,1369900.0,8456.0,9717.288688498098,7891509247.0,11873.420057971016,11973.851321946173,113474564.6100145,3085715.271804969,29.0
228,0.3,3446132.0,15022,0.1,1,90.0,3.0,247f0130-ea2c-46cf-995a-72afdd6aa49f,1369900.0,8702.0,10212.864045340188,7891509247.0,12291.224567061145,12341.60703668639,117485535.58061536,3201058.3120128205,29.0
229,0.3,3445188.0,15022,0.3,1,90.0,3.0,89e44793-24f4-4681-8aa4-eb4accc840f1,1369900.0,15015.0,21354.835298939404,7866937343.0,37921.891692181656,77306.60015938121,176614512.10999072,828231522.1114225,30.0
230,0.3,3445084.0,15022,0.3,1,90.0,5.0,aaad00e3-f280-4bfc-b587-292692ea8f0d,1369900.0,9892.0,12566.964895980478,7866937343.0,28637.039484051034,67290.77428835726,112271122.24292424,827096648.4543161,8.0
231,0.5,3446384.0,15022,0.1,1,90.0,5.0,9af33909-a9be-4af5-a1b4-0868d1c23d62,1369900.0,7930.0,8290.110172356512,7862939647.0,36131.10938657407,40450.96916111111,108647083.46424352,474877536.2938037,60.0
232,0.5,3446384.0,15022,0.1,1,90.0,3.0,d7a595e5-c9a9-435d-85a0-377dcb14707a,1369900.0,8082.0,9326.152208233429,7862939647.0,37794.236072049694,42015.14015569359,123981551.0544174,475252733.4034559,421.0
233,0.5,3449928.0,15022,0.3,1,90.0,5.0,813012c7-714e-48ea-99ba-bbc28eeb0320,1369900.0,10374.0,13573.816432275857,8099516415.0,25021.07552755556,41537.00642518518,152419165.45111346,241494484.94332743,71.0
234,0.5,3449924.0,15022,0.3,1,90.0,3.0,e7992e81-4a6c-4001-bc3e-72312bccfc73,1369900.0,7474.0,7725.965504547503,8099516415.0,17503.44745,33593.52139947917,95341494.99796247,240073694.4072041,53.0
235,0.3,3445536.0,15022,0.1,1,90.0,5.0,920c6dee-4e09-442d-972d-b0e4664082dc,1369900.0,10482.0,20697.92763694353,11717545983.0,24067.08686915385,51387.32150741724,146939834.48720157,240133061.29854792,46.0
236,0.3,3445252.0,15022,0.1,1,90.0,3.0,7a9f7b67-38c4-474d-8d1b-748a82e9e793,1369900.0,8605.0,14994.92012291857,11716526079.0,20418.77652299379,48141.26077334793,108750035.63346474,240307730.9518916,26.0
237,0.3,3438116.0,15022,0.3,1,90.0,3.0,351ee7d7-607e-450d-9361-1a0f23d02141,1369900.0,7320.0,11133.084542559976,12090327039.0,63295.50183414634,92507.18933658538,104902427.2374298,706943171.4261138,63.0
238,0.3,3438176.0,15022,0.3,1,90.0,5.0,fd1cbbd9-897c-44aa-b6de-838db2c4ef95,1369900.0,9650.0,18121.82033700309,12090327039.0,69328.25513266999,97389.55575008292,153537317.61791342,706287313.1637542,61.0
239,0.5,3452924.0,15022,0.1,1,90.0,5.0,ff6be3ca-31ac-4754-a915-f71da2a4a5ef,1369900.0,13277.0,19361.88252239236,7880167423.0,38709.00770973085,62605.277095238096,143238036.6648442,477021830.6969864,57.0
240,0.5,3452796.0,15022,0.1,1,90.0,3.0,b911172d-8b2e-48f4-97b9-022f298b173c,1369900.0,13432.0,19676.499785917444,7880167423.0,39264.705490316,63037.92666381244,147134739.61249766,477221742.8532748,55.0
241,0.5,3440724.0,15022,0.3,1,90.0,3.0,bb528e27-a7b1-40cc-b035-4dd5a2ba0de7,1369900.0,12774.0,17769.311210008484,7982301183.0,144798.0723276503,229857.5592995628,148602347.01386392,485848424.05605686,16.0
242,0.5,3440780.0,15022,0.3,1,90.0,5.0,06d5fb93-b42e-4771-8102-990973e9a09f,1369900.0,13373.0,19012.959596282115,7982301183.0,145998.4784952965,230693.0866825153,156046300.5907964,485543332.0113671,38.0
243,0.3,3438900.0,15022,0.1,1,90.0,5.0,f78050aa-be55-45b8-a1e7-cae8f7c9248b,1369900.0,14203.0,20851.82552945469,7841431551.0,173282.4831282197,265657.2989981061,159559201.04692692,644795990.4017591,53.0
244,0.3,3438872.0,15022,0.1,1,90.0,3.0,8c079427-e491-42d6-9a2f-a0f02e6f64f3,1369900.0,14764.0,21977.61883064544,7841431551.0,174320.20056765497,266372.4385283019,167073475.94797844,644436525.6377232,50.0
245,0.3,3441808.0,15022,0.3,1,90.0,3.0,f804ee81-5c7c-48e4-9a88-c7ec15c2c4dd,1369900.0,14441.0,18308.79860931021,7850008575.0,29212.03512948718,39422.06951872283,170939546.55673805,239776929.8880093,24.0
246,0.3,3441740.0,15022,0.3,1,90.0,5.0,dfb6541c-40fc-433e-8c43-af259708d385,1369900.0,7435.0,7652.7460703145025,7850008575.0,17267.500845238093,28851.56938703704,80480688.14846931,239063714.34587988,21.0
247,0.5,3443512.0,15022,0.1,1,90.0,3.0,0c2486e4-f137-440f-97f8-9d9fc7098c63,1369900.0,15608.0,24000.839429831976,7853387775.0,50135.92585964913,88907.12953684211,154990167.62566727,477017023.7233183,58.0
248,0.5,3443516.0,15022,0.1,1,90.0,5.0,bf082819-6900-4eb7-aab0-2bf56a460970,1369900.0,15297.0,23372.47956369755,7853387775.0,49507.787341388175,88392.34698380461,151025208.04766774,476646125.86168873,61.0
249,0.5,3445360.0,15022,0.3,1,90.0,5.0,2a632878-4621-46d0-938a-a97ff70527d3,1369900.0,9697.0,18305.162121509427,11722117119.0,34859.956213311874,72586.09019365946,122717092.88203382,476186500.7580725,39.0
250,0.5,3445420.0,15022,0.3,1,90.0,3.0,0463831e-c694-4a9c-b3d8-aa9cd3477837,1369900.0,11363.0,23298.591807000143,11722117119.0,38803.37093023255,76010.73694186046,152896601.2473832,476305509.2320486,31.0
251,0.3,3445924.0,15022,0.1,1,90.0,5.0,6cb9d1d6-b1ee-4f8f-80a2-d8c1ca1740a2,1369900.0,12234.0,17295.78019022981,7856394239.0,36809.22784988426,67882.95243530092,142667358.04745924,475632726.9362675,71.0
252,0.3,3445932.0,15022,0.1,1,90.0,3.0,0223e45d-1a78-4d6e-b505-cf498e6e52d6,1369900.0,12641.0,18058.003094556843,7856394239.0,38056.79902192691,69183.10786389811,150274343.15151483,475529839.7805718,48.0
253,0.3,3444848.0,15022,0.3,1,90.0,5.0,f96e6489-ed8c-4aeb-a695-7afed65e6052,1369900.0,9459.0,11674.793107698924,7808655360.0,68239.07984136752,146563.85161521367,129474982.79892102,951718744.9402874,67.0
254,0.3,3444896.0,15022,0.3,1,90.0,3.0,e63b101e-cd63-499b-8980-c32741337647,1369900.0,9586.0,11938.163867208605,7808655360.0,68908.55865477386,147399.8385929648,133396910.39510922,952337488.8586632,67.0
255,0.5,3448176.0,15022,0.1,1,90.0,3.0,a0d7614e-5065-4d37-aac3-9a59d80d4476,1369900.0,10555.0,13889.440186460344,8016842751.0,54698.95070460757,126405.30953483906,133177410.28458534,830100391.3670983,11.0
256,0.5,3448404.0,15022,0.1,1,90.0,5.0,fc122921-0c96-4eb3-b8b4-a15561d4f1cf,1369900.0,11150.0,15103.59066470248,8016842751.0,56600.50804314263,128774.92594905711,144625036.55884457,829936706.9162619,11.0
257,0.5,3446460.0,15022,0.3,1,90.0,5.0,76b759b4-bce3-4798-9530-96218f6fad63,1369900.0,10376.0,13575.306675791442,7856340991.0,29359.01687866667,46388.875740888885,122317720.19919851,256687399.9361505,61.0
258,0.5,3446336.0,15022,0.3,1,90.0,3.0,c0ecd6db-d726-498e-95a7-ea97978ad9c0,1369900.0,12087.0,16971.464211024242,7856340991.0,34197.76093212594,52204.26438093468,152444230.98413253,256994094.87498087,44.0
259,0.3,3446484.0,15022,0.1,1,90.0,5.0,4c6ad2e0-0c68-4dba-b68b-af691753ef23,1369900.0,10468.0,20580.84868742844,11481026559.0,34430.62413400959,77609.40464604169,123584951.33271237,476066145.8518906,46.0
260,0.3,3446620.0,15022,0.1,1,90.0,3.0,fa796cb8-776b-4e9e-8490-e1ff78b6d956,1369900.0,12094.0,25526.001973566432,11481534463.0,39247.904818697,80956.231920554,150656591.45353386,477318546.77403873,66.0
261,0.3,3449124.0,15022,0.3,1,90.0,5.0,4408fd2d-b0c6-42e8-b313-5d9e027760ec,1369900.0,9847.0,18730.692122163604,12042588159.0,40249.92367461059,107234.02387367304,129442617.02041762,822536789.2747651,20.0
262,0.3,3448892.0,15022,0.3,1,90.0,3.0,18758f39-6974-4dd7-852f-b050ba860d28,1369900.0,11255.0,22974.64914322539,12042588159.0,43348.653761735884,109723.40286313108,152258796.12081024,823023951.6456997,24.0
263,0.5,3446184.0,15022,0.1,1,90.0,3.0,a91661af-15bf-47ec-ad8e-c6b380600fb8,1369900.0,14755.0,22273.525215912607,7852294143.0,53443.41961230629,92973.46499301092,166920644.99446237,477407523.82368505,28.0
264,0.5,3446396.0,15022,0.1,1,90.0,5.0,a37184d5-b957-4098-b853-47007270b56c,1369900.0,11973.0,16704.54219491007,7852294143.0,47475.9317971223,86864.32752817747,132184143.18282902,476871564.45214033,27.0
265,0.5,3447400.0,15022,0.3,1,90.0,3.0,55552e6e-2ba2-494e-b4c9-f0a01391026d,1369900.0,13260.0,19302.594379448423,7997681663.0,46489.10669563863,96245.12972377986,142543279.81213135,809248977.6001004,62.0
266,0.5,3447316.0,15022,0.3,1,90.0,5.0,12fd713a-d9af-41a4-a33f-5c78505c1cbb,1369900.0,14531.0,21867.26403695185,7997681663.0,49027.78612102695,98333.38626749312,157922167.56092435,810029197.1447163,62.0
267,0.3,3436104.0,15022,0.1,1,90.0,5.0,3acc892b-e81b-49ae-b1e0-1f0cb5f1d1b6,1369900.0,8248.0,9285.651181282014,7778127871.0,17694.35103658009,33571.18758636364,95213654.92209633,238731249.79690287,32.0
268,0.3,3436176.0,15022,0.1,1,90.0,3.0,e3f8c33f-ea3d-47ff-b388-26d400bd319b,1369900.0,11665.0,16139.197848085763,7778127871.0,25835.816033333336,42428.68198942787,160520815.4861025,240053294.94104075,35.0
269,0.3,3439196.0,15022,0.3,1,90.0,5.0,488a33be-5e89-45d3-b747-930fa197f8e0,1369900.0,11080.0,14926.485253449508,7825473535.0,63467.24923057229,107346.63002541024,124586514.43655355,623431127.5521293,41.0
270,0.3,3439108.0,15022,0.3,1,90.0,3.0,8fee9d52-ad7d-4b8c-aeeb-df5cb6a73278,1369900.0,14998.0,22479.36434238334,7825473535.0,73729.53060246905,114734.0402106363,173930273.79346567,624365714.9799378,41.0
271,0.5,3445300.0,15022,0.1,1,90.0,5.0,3a72030f-3be2-4e96-aed8-38191e85b1ae,1369900.0,15750.0,24257.247461621064,7851806719.0,60424.499094306935,92092.04983349834,163128161.40943122,477271278.0931557,18.0
272,0.5,3445148.0,15022,0.1,1,90.0,3.0,e12f7804-f11a-4e2c-a09b-d2d627ece99f,1369900.0,14490.0,21774.069767029163,7851806719.0,57793.24737226813,90162.22186280992,151331719.87386915,476396417.8203389,35.0
273,0.5,3448212.0,15022,0.3,1,90.0,3.0,38c19073-6206-471f-a2ae-60f33556f539,1369900.0,15830.0,24442.579348744017,7862239231.0,51514.231120192606,71974.36788095118,164463148.5594085,445852029.9570533,23.0
274,0.5,3448156.0,15022,0.3,1,90.0,5.0,2ab6c065-07a7-44f8-97d7-b44111b085df,1369900.0,13256.0,19311.862317337283,7862239231.0,46018.33578826584,66434.10027715472,133875106.8224325,444741224.0525072,24.0
275,0.3,3439464.0,15022,0.1,1,90.0,3.0,03025e6c-9c6c-4edb-bb28-ef654776390c,1369900.0,8132.0,9034.164246286322,7992238079.0,43756.954769777774,55994.85267688888,101268041.90345778,464755513.5909858,29.0
276,0.3,3439416.0,15022,0.1,1,90.0,5.0,a1b545f6-7b43-4689-8c17-1b984f4fc84f,1369900.0,12099.0,16624.722374807054,7992238079.0,54514.15235126293,66290.91158678183,170060223.48744953,465259295.3389516,32.0
277,0.3,3445064.0,15022,0.3,1,90.0,5.0,13d140a7-0579-4adc-a667-706071ab0905,1369900.0,10660.0,14128.801215155983,7857192959.0,32615.904864672364,61875.75005213676,129620189.36664842,413906595.5361116,44.0
278,0.3,3445116.0,15022,0.3,1,90.0,3.0,16f1c230-0ba2-4b64-a3a7-058367fb2bf8,1369900.0,10936.0,14681.181787061809,7857192959.0,33331.30416323731,62766.1678733882,133510523.70670576,414296550.8788272,43.0
279,0.5,3444752.0,15022,0.1,1,90.0,3.0,105ce41c-e3b4-44b1-8b1a-8eb4598e1b57,1369900.0,10704.0,21438.781828917985,11721768959.0,30776.83345851199,73195.86275146034,134084982.97585765,474799995.43573976,180.0
280,0.5,3444696.0,15022,0.1,1,90.0,5.0,1eda6eba-0c7d-48d7-ad72-ccd4f24717c6,1369900.0,11956.0,24812.4662700604,11721768959.0,32968.76462099317,75218.55548496741,149802622.65187138,476148451.53595626,56.0
281,0.5,3446336.0,15022,0.3,1,90.0,3.0,ce751dc5-4a9f-4c1a-85eb-d5311bcee339,1369900.0,12303.0,17447.235488789236,8014602239.0,25684.84929321839,49072.50696045977,140897897.37849575,474218582.5979633,77.0
282,0.5,3446136.0,15022,0.3,1,90.0,5.0,e8fe0d6c-50d7-4415-8e87-50cd5b4899ea,1369900.0,12416.0,17638.15543538872,8014602239.0,25901.51550989761,49337.0697304892,144731309.68327713,474458267.3343538,58.0
283,0.3,3437032.0,15022,0.1,1,90.0,5.0,93ddb36a-83d4-4521-98d3-f7ac60c8ab12,1369900.0,13622.0,20042.975438366248,8142077951.0,59682.606323723725,121203.7593966967,168280857.15263793,829551644.5137423,8.0
284,0.3,3440844.0,15022,0.1,1,90.0,3.0,64422b71-f113-4a71-8d3a-a82188f5d28c,1369900.0,10574.0,13941.506634665931,8142077951.0,51397.13064626437,111124.49287701152,121744060.62699094,827255962.7132102,7.0
285,0.3,3448000.0,15022,0.3,1,90.0,3.0,fc3c66c1-b223-4de2-b161-ec33dadf04dd,1369900.0,12724.0,27377.882614228973,11750653951.0,36733.11142506513,80598.21524532163,157299194.22123548,476726520.86730325,17.0
286,0.3,3447916.0,15022,0.3,1,90.0,5.0,f4c3d35c-43a6-4168-bb7c-e85b26226092,1369900.0,10744.0,21407.3719771264,11750653951.0,32656.65734219054,76236.37070075289,126952068.60538565,475849182.64865744,14.0
287,0.5,3445408.0,15022,0.1,1,90.0,3.0,14c77ac8-74d9-4906-99eb-d823c05eef36,1369900.0,15208.0,23239.840276618525,7807795199.0,48449.03049956822,96746.48710492229,169317840.127948,801991637.199517,38.0
288,0.5,3445464.0,15022,0.1,1,90.0,5.0,e8eeda14-0992-44a6-9943-662e8281c23c,1369900.0,14059.0,20930.77424105504,7807795199.0,46098.18732565173,94390.63647804168,153895603.40910345,801837219.5093659,37.0
289,0.5,3447096.0,15022,0.3,1,90.0,3.0,d4fab05c-37f3-4f68-93d1-d04ade5ac0e5,1369900.0,7515.0,7817.520395459451,8150917119.0,17497.231846068375,43821.08734017094,91906689.46366335,373732948.77602446,47.0
290,0.5,3447124.0,15022,0.3,1,90.0,5.0,fa0e4b5b-0039-4cab-bab7-0fc8b47b1dc8,1369900.0,13015.0,16979.022778536066,8150917119.0,28607.170312480845,55934.61087247421,174909927.0963241,375289510.984605,49.0
291,0.3,3440412.0,15022,0.1,1,90.0,3.0,42540f33-81f9-483a-87a9-be1809060616,1369900.0,13100.0,19020.638960611308,7847665663.0,44097.71031477382,90842.1218516806,147904421.87389237,761707846.1503057,41.0
292,0.3,3440556.0,15022,0.1,1,90.0,5.0,7664fe29-3331-48d6-9812-f987ebd8e206,1369900.0,12475.0,17762.995999440172,7847665663.0,42785.08942690431,89668.28023452382,140299925.9110661,761789953.7942371,42.0
293,0.3,3442844.0,15022,0.3,1,90.0,5.0,80450775-65bd-41b5-9ff4-ee4067b8f74d,1369900.0,13164.0,19139.291446772782,7911723007.0,35674.00495010483,61710.80739287213,149116724.38490093,474067378.335049,50.0
294,0.3,3442916.0,15022,0.3,1,90.0,3.0,5cda34e4-51bb-4397-85bc-a1890b5e982e,1369900.0,13400.0,19603.796143844324,7911723007.0,35855.51565398773,61847.48368527607,149045328.00539213,473800248.14352965,48.0
295,0.5,3443516.0,15022,0.1,1,90.0,3.0,5a6c257a-4425-460d-997a-3f501b9e14f6,1369900.0,12941.0,18678.6588996359,7817396223.0,41505.71290555556,75273.13499903845,150501149.79482257,475305247.6741855,79.0
296,0.5,3443556.0,15022,0.1,1,90.0,5.0,e9ffcc6e-6510-4e56-9d3e-df8ae0e99e81,1369900.0,12437.0,17612.912204570275,7817396223.0,40003.1108899093,73978.83327029478,142650072.54772007,475564301.524457,52.0
297,0.5,3447600.0,15022,0.3,1,90.0,3.0,bf0b399f-e980-4c3a-b82b-138a3577d4c9,1369900.0,7658.0,8099.645379962594,7859965951.0,19071.97270665561,33925.82057533997,92161984.13049884,238192264.5510621,58.0
298,0.5,3447788.0,15022,0.3,1,90.0,5.0,0509d7c1-1674-4a42-8ab8-6a18eee05069,1369900.0,10574.0,13945.325898050703,7859965951.0,26533.24525728405,42393.44474168844,149767490.2028839,240182794.41897324,61.0
299,0.3,3442988.0,15022,0.1,1,90.0,5.0,e5be5a0f-149e-4e4c-8c3b-5e67ed124ce9,1369900.0,16933.0,26686.17820102111,7848337407.0,37265.99060750751,68981.13442492492,161200300.48042703,474860000.03095007,69.0
300,0.3,3443180.0,15022,0.1,1,90.0,3.0,6b1420a5-4437-4305-8c66-b2077496e8ac,1369900.0,17202.0,27235.184652033044,7848337407.0,37414.84103399559,69105.04420161883,161189471.64210993,474853424.0572433,68.0
301,0.3,3438596.0,15022,0.3,1,90.0,5.0,ce7078e3-9ce3-4656-bc87-c4d07be48cd0,1369900.0,17988.0,28832.11968100732,7990337535.0,37666.44715156576,72728.95304662493,159961925.05701128,475036603.0032376,65.0
302,0.3,3438536.0,15022,0.3,1,90.0,3.0,0a9e2f97-4a46-47c4-821d-c017d99117fd,1369900.0,18034.0,28926.431274661263,7990337535.0,37728.329220277774,72820.69151500001,160118031.6440725,475493447.2871475,63.0
303,0.5,3443452.0,15022,0.1,1,90.0,3.0,da64f583-79c8-46e4-abe1-826e8aded8ba,1369900.0,19285.0,31423.02967892177,7850987519.0,40527.684043422734,125726.60448212003,159141480.5619157,1047792464.4456626,14.0
304,0.5,3443560.0,15022,0.1,1,90.0,5.0,6febaad6-288c-4811-bab3-cb4a927d99c7,1369900.0,18930.0,30709.08028693524,7850987519.0,39937.77938317026,124967.44106418786,155044133.77321917,1046947705.41868,15.0
305,0.5,3448116.0,15022,0.3,1,90.0,3.0,7f882219-73f0-4137-913a-18bade81a17a,1369900.0,10906.0,14594.7358586606,7858274303.0,42412.86276025891,94019.55760346958,116400672.0587989,828000112.5334947,53.0
306,0.5,3448032.0,15022,0.3,1,90.0,5.0,829fe8c0-e19c-4fda-b509-364cf5555266,1369900.0,15333.0,22665.34791270352,7858274303.0,52378.50544268277,106214.03662339196,173488615.75793955,829187298.9635096,54.0
307,0.3,11129668.0,18801,0.1,1,90.0,5.0,1626e25d-8b5b-4336-8713-0c2b36a4b6c1,1854216.0,45858.0,84646.88942497189,26339721215.0,37762.47395707178,38368.004991258,737955239.5686831,8187413.410175503,36.0
308,0.3,11131808.0,18801,0.1,1,90.0,3.0,b5f4556e-359d-4632-a762-d73f3c0af9ec,1854216.0,48450.0,89833.97918525754,26339721215.0,39821.39475082552,40468.25608668005,777541085.9251807,8622095.539244577,35.0
309,0.3,11100716.0,18801,0.3,1,90.0,3.0,dba014c4-ee3c-428a-8528-927da142c580,1854216.0,44552.0,77100.32440206777,25152425983.0,79216.47587096773,139107.58366177906,787605872.243108,1077546357.169487,49.0
310,0.3,11088016.0,18801,0.3,1,90.0,5.0,71047c1b-1b94-4614-a41d-be36dd372fa9,1854216.0,36010.0,64914.23243498867,25152425983.0,71314.85952802452,129811.53581552948,669239052.6272209,1075608684.845961,52.0
311,0.5,11111936.0,18801,0.1,1,90.0,3.0,33d6d3f3-29c2-4d33-9164-44fe1dca7a93,1854216.0,48388.0,89721.39404133293,24795193343.0,41990.28113572387,48271.94154048257,749804746.1349633,204043254.6906708,64.0
312,0.5,11109980.0,18801,0.1,1,90.0,5.0,38f75650-c674-4ebe-8330-6123edfcff9e,1854216.0,49464.0,91873.99405199068,24795193343.0,42758.53199842933,49070.7510417103,763040945.2740699,204204759.3903096,65.0
313,0.5,11118532.0,18801,0.3,1,90.0,5.0,702a36ef-b6c4-451a-bbaa-2019906e83e6,1854216.0,48569.0,73914.7809311712,25808670719.0,73971.0451998495,198617.47606977657,789776953.3057888,1317997572.265214,20.0
314,0.5,11105464.0,18801,0.3,1,90.0,3.0,2f0d4397-92cb-4c3f-aacf-dff2facde6f9,1854216.0,28834.0,50531.821725293965,25808670719.0,62882.604317063495,188167.31691166665,592797253.9338624,1316530425.8250422,22.0
315,0.3,11098980.0,18801,0.1,1,90.0,3.0,04583044-1f99-4cea-90a5-eaf4f221e915,1854216.0,40015.0,65019.71937424118,25175314431.0,105827.16809641848,285979.40694278094,794917179.1318733,1971131454.4848928,38.0
316,0.3,11099876.0,18801,0.1,1,90.0,5.0,1bcd6555-71ef-4203-812f-f631dee5bf73,1854216.0,28539.0,49899.91579353404,25175314431.0,91480.96044332215,268387.6000869506,622388794.8282166,1969335638.3140588,36.0
317,0.3,11178592.0,18801,0.3,1,90.0,3.0,cac52d28-0cf7-4d65-aba2-52e5fd4c698e,1854216.0,51422.0,73210.61910910136,25114730495.0,147463.3437704033,345361.6868529774,810405615.9379873,2606233288.351724,53.0
318,0.3,11178300.0,18801,0.3,1,90.0,5.0,f5bfbbc2-621f-4f75-a736-c79e81940eed,1854216.0,25291.0,43385.26395615308,25114730495.0,126709.072177306,318636.98595241667,533909417.0749839,2602318349.75173,51.0
319,0.5,11114940.0,18801,0.1,1,90.0,3.0,eee8db12-c79e-406e-921f-63c9522b29fc,1854216.0,52198.0,97357.25513932228,26739470335.0,61823.51363491868,108544.59564447188,765982190.5957484,1830119437.577106,64.0
320,0.5,11108220.0,18801,0.1,1,90.0,5.0,20a6cfdb-632f-4e54-abc6-8e9c3df10eeb,1854216.0,50940.0,94888.2544649115,26739470335.0,61011.339828664975,107723.9025146388,752603568.7083346,1829869785.3643448,89.0
321,0.5,11103516.0,18801,0.3,1,90.0,3.0,1d8e2022-6bd5-4126-b717-aa450ecef02a,1854216.0,37518.0,67946.38093315871,26268651519.0,59644.65835727782,99315.05171718336,644012825.1305598,473714611.054048,22.0
322,0.5,11103716.0,18801,0.3,1,90.0,5.0,4e705395-11d4-4e69-8760-61025e21d2b0,1854216.0,53457.0,87546.27079864897,26268651519.0,69070.25981543247,110823.86459401966,788362537.8904146,475347286.26324016,20.0
323,0.3,11088612.0,18801,0.1,1,90.0,3.0,13787992-92bb-4caa-945a-9a75febe4c7c,1854216.0,27945.0,48736.60646847919,25512689663.0,56117.1104675709,208986.3937691148,567767840.9884635,1306535629.9774525,34.0
324,0.3,11089108.0,18801,0.1,1,90.0,5.0,ebddd028-343c-4c73-838f-5dd19383bb86,1854216.0,51452.0,75896.0708674638,25512689663.0,73841.09386091804,231570.04098844543,805807695.8688117,1308922205.764522,37.0
325,0.3,11160800.0,18801,0.3,1,90.0,3.0,598130be-107f-492b-9998-d0818ec2b068,1854216.0,21097.0,34991.831525465845,26452246527.0,142636.25836150054,392889.3414925917,626581394.3009715,2310925702.4900208,52.0
326,0.3,11160764.0,18801,0.3,1,90.0,5.0,eedf45ca-a7f2-4c2d-b601-d75e0abddcba,1854216.0,25619.0,43130.57582213343,26452246527.0,152316.94516405795,402659.1817075345,771949023.4936414,2312243195.516477,53.0
327,0.5,11167124.0,18801,0.1,1,90.0,5.0,e752c50c-9e87-4154-b053-125202643d8a,1854216.0,38364.0,69615.99252152168,26354212863.0,97860.7358641547,188826.8541185918,676617668.6379395,1318114621.1569707,66.0
328,0.5,11166596.0,18801,0.1,1,90.0,3.0,bbb33c4a-c2f7-497d-94a9-9e70f873cd79,1854216.0,50484.0,85386.84467248051,26354212863.0,110070.12844276676,206148.482924122,809898473.9730579,1320076204.116254,65.0
329,0.5,11108772.0,18801,0.3,1,90.0,3.0,0cccba21-2d0c-4906-b080-4b8c68223b44,1854216.0,23201.0,39227.37238186532,25189662719.0,71938.8705466686,241759.32904492068,658928564.962517,2292722051.747634,18.0
330,0.5,11108532.0,18801,0.3,1,90.0,5.0,6c50299c-db4a-475e-9b3e-1d1e68b99f50,1854216.0,28112.0,47767.18852822694,25189662719.0,80004.60031008517,248407.07229272428,791172122.9201627,2293877745.98296,20.0
331,0.3,11131340.0,18801,0.1,1,90.0,3.0,49677b59-a1fe-4e31-be68-988f2ff61895,1854216.0,36260.0,87096.9316322947,39772647423.0,72373.95280169456,166798.36011599054,782279467.710702,666062956.7681713,30.0
332,0.3,11132176.0,18801,0.1,1,90.0,5.0,f47405a5-08e1-4b55-ad1a-ee6f9dcda1d5,1854216.0,21789.0,54519.79733128581,39772647423.0,60084.71749896189,149043.64128178934,556432561.0305716,663276680.5057644,32.0
333,0.3,11091084.0,18801,0.3,1,90.0,3.0,b059d13b-b2bd-4f23-a15c-7c249799d46d,1854216.0,38749.0,70411.96634972654,25894477823.0,92146.20238599488,202999.11675439795,633411481.4492931,2195542355.4381967,46.0
334,0.3,11091172.0,18801,0.3,1,90.0,5.0,770cf557-f75e-41ee-be5f-664a57c8fb08,1854216.0,56331.0,91666.15429346522,25894477823.0,102715.40271174684,219286.7321980561,792328069.8526456,2197840388.291571,45.0
335,0.5,11105980.0,18801,0.1,1,90.0,3.0,97ce308f-6a53-439b-a53a-d3f2763de157,1854216.0,50417.0,76478.33496292523,25908473855.0,130511.715295679,248268.33579957063,808847817.0909736,1317951424.110899,62.0
336,0.5,11090236.0,18801,0.1,1,90.0,5.0,959132a4-47a7-4463-95fe-a4aae0f5356f,1854216.0,29575.0,51984.02269679501,25908473855.0,111787.17279938344,222070.5662620424,597001533.9031798,1315840927.726582,77.0
337,0.5,11143744.0,18801,0.3,1,90.0,5.0,1b1ba3c1-54c0-4102-b379-4855644afb91,1854216.0,29895.0,52648.25544688871,26406932479.0,122769.09724467275,300704.4644315069,715184677.8499298,1326026208.8797364,14.0
338,0.5,11143800.0,18801,0.3,1,90.0,3.0,a0e27f93-ee48-4859-93c7-e93a3dc6517d,1854216.0,31280.0,55417.65563643462,26406932479.0,125721.73979540852,304866.99154859,754925762.7316301,1326641969.521541,12.0
339,0.3,11084896.0,18801,0.1,1,90.0,3.0,a1adb0f3-534e-4765-9b41-a59828668c23,1854216.0,38101.0,69086.12130781385,25119584255.0,78836.39396840731,175662.77868033072,647260968.0107129,1311810664.2186618,26.0
340,0.3,11086472.0,18801,0.1,1,90.0,5.0,b5e4e989-5c95-4b61-8d4b-b0ee05c00a03,1854216.0,52831.0,87479.50575283129,25119584255.0,91847.45718261554,193948.81646319857,807308117.3359132,1314315613.782742,28.0
341,0.3,11116840.0,18801,0.3,1,90.0,5.0,d36eb2b8-dc17-4c27-a40f-a6b4181b409d,1854216.0,49156.0,76690.66236963656,25564962815.0,98081.5186864155,313475.58309575304,791101010.209338,1718978305.229725,51.0
342,0.3,11116968.0,18801,0.3,1,90.0,3.0,87f70798-ae29-4773-923c-4ac6f24b68e8,1854216.0,31028.0,54910.17327708172,25564962815.0,81438.8605131291,290188.3869355945,593754442.2387235,1715811309.1492472,49.0
343,0.5,11141184.0,18801,0.1,1,90.0,5.0,3475b9ac-8239-4220-81a6-028e249a3092,1854216.0,34596.0,60504.81173228774,26194698239.0,112219.30792250056,327173.4274040548,797934835.726068,2302052262.465542,50.0
344,0.5,11140192.0,18801,0.1,1,90.0,3.0,7ae87a52-4c36-42a0-8f8f-fdb92c974b3e,1854216.0,29488.0,51754.19441000476,26194698239.0,98209.699812297,315381.3645093967,664652235.7796668,2301084633.876029,50.0
345,0.5,11116332.0,18801,0.3,1,90.0,3.0,533189e7-3f4f-40ee-89a3-2110fbeb0133,1854216.0,46390.0,102838.8776171104,38131728383.0,74474.75743245642,235034.9665260813,780259106.5000169,668688822.8679299,66.0
346,0.5,11126904.0,18801,0.3,1,90.0,5.0,0735d4ac-2995-4987-bb12-019dc5a9f9f3,1854216.0,29951.0,79164.78298458876,38131728383.0,58474.84476393994,213408.9981132254,595983660.1129588,666060087.9778558,60.0
347,0.3,11048492.0,18801,0.1,1,90.0,3.0,ef95b7ac-b1d8-4384-8690-41e2380a1fb2,1854216.0,39592.0,72075.87430771923,25788751871.0,93857.20267144842,188832.08398051152,686857795.9423739,1311745518.5077865,17.0
348,0.3,11049972.0,18801,0.1,1,90.0,5.0,91953b10-c30a-4af8-9eb2-17581b29c623,1854216.0,48669.0,84800.66923319054,25788751871.0,104595.29477453092,204317.7734211032,806263648.0403148,1312996563.2127876,18.0
349,0.3,11086732.0,18801,0.3,1,90.0,3.0,63881e4e-41fa-4b7e-9dab-46186f344bd9,1854216.0,33294.0,84259.6315334289,37506465791.0,106337.5754257162,250540.3105452156,774985231.9890006,1097743328.8199282,29.0
350,0.3,11086584.0,18801,0.3,1,90.0,5.0,7d524426-2f9a-4120-845b-0445f5cb98a6,1854216.0,24759.0,63535.82094344024,37506465791.0,96593.86542033244,238810.80751248795,617887722.4485149,1095967594.702247,32.0
351,0.5,11073356.0,18801,0.1,1,90.0,3.0,441fa2e3-ded5-492d-8f75-df6a8d4265ec,1854216.0,41307.0,64426.69509260354,25493929983.0,132569.3754956562,321979.371351606,795935609.9038193,2132872882.205667,47.0
352,0.5,11074784.0,18801,0.1,1,90.0,5.0,6e7d5d33-8b3f-4f13-a830-6227ad7105b5,1854216.0,26640.0,46116.92787935212,25493929983.0,115027.0872970013,297534.10900990875,597090900.6170416,2130865280.7700377,45.0
353,0.5,11150036.0,18801,0.3,1,90.0,3.0,f8e1545d-7b9c-4a6c-9d6d-66b3dcbdb7b4,1854216.0,50838.0,108827.3826688969,37502230528.0,57586.74622291779,112236.45660824009,780350907.0921161,597760190.1609148,62.0
354,0.5,11161144.0,18801,0.3,1,90.0,5.0,3ca827be-281d-4216-a06f-1d6290d6bfef,1854216.0,30695.0,81406.24960823877,37502230528.0,41070.98785077605,91257.78083739836,570242479.4717402,595206613.045989,57.0
355,0.3,11086296.0,18801,0.1,1,90.0,3.0,5f9450bc-6b13-44df-b30a-2d5d35754147,1854216.0,37174.0,56584.10620954507,25871966207.0,100944.59145163329,205756.6504051293,819788464.5292253,2256296578.644738,15.0
356,0.3,11087712.0,18801,0.1,1,90.0,5.0,aa85eed7-30fb-412d-aca0-92d3d8578c3a,1854216.0,22930.0,38689.12344566291,25871966207.0,83083.62461385141,182244.42965588387,593926923.1385169,2254324440.834142,12.0
357,0.3,11129776.0,18801,0.3,1,90.0,3.0,be53f6cc-7ffe-46ea-855c-dc9b8240f757,1854216.0,33326.0,84174.782636089,39964778495.0,107480.88658445107,299952.8317787288,778919613.8507593,1325020282.552959,26.0
358,0.3,11129904.0,18801,0.3,1,90.0,5.0,db28be4d-29b3-416b-b324-88b2f2bdab8a,1854216.0,24607.0,63105.43741780299,39964778495.0,97139.12028738094,286744.6611044285,620915596.5683981,1323292065.7689598,43.0
359,0.5,11044560.0,18801,0.1,1,90.0,5.0,8ba2d873-6386-4081-bee3-1b40c791a5d3,1854216.0,28191.0,49167.08553182878,25802096639.0,95009.64545012225,314987.30312212714,711921656.2443265,1319528824.2156525,40.0
360,0.5,11042644.0,18801,0.1,1,90.0,3.0,1acaa520-3ab7-4af2-8ff1-5c6301519420,1854216.0,28895.0,50588.38916267714,25802096639.0,95311.5222486144,315094.01707022963,711464282.98651,1318680404.558319,39.0
361,0.5,11116932.0,18801,0.3,1,90.0,5.0,56aaacb5-2891-4026-a7d9-317de4299199,1854216.0,33829.0,56671.4931933131,25588387839.0,127929.87779528851,351304.98090247007,793472117.1063302,2303155984.581338,51.0
362,0.5,11117112.0,18801,0.3,1,90.0,3.0,dc0bef5b-fc85-4259-ad23-8c33eb58d033,1854216.0,26371.0,45570.27505559035,25588387839.0,114973.3320773087,332183.57801622694,635440238.2962871,2301213456.897428,50.0
363,0.3,11124904.0,18801,0.1,1,90.0,3.0,4853d06a-607f-4a68-90d8-e2f7065c186e,1854216.0,39937.0,57898.3441440616,25961893887.0,223343.9464047278,281225.36047184083,804196444.5199833,2296471643.7037134,63.0
364,0.3,11126440.0,18801,0.1,1,90.0,5.0,4ade713b-cf20-4903-9593-f958b56aed6d,1854216.0,21504.0,35809.43905564622,25961893887.0,202834.17936236016,254625.78638070467,565208965.3997098,2293028041.733954,63.0
365,0.3,11160676.0,18801,0.3,1,90.0,3.0,573370ca-4de6-43d7-849c-27842b5dbc0e,1854216.0,34343.0,92297.64208213324,37933948927.0,70154.84652529297,123214.58498958332,636627025.3503811,1315312460.0270991,13.0
366,0.3,11147604.0,18801,0.3,1,90.0,5.0,9bb23e78-8b62-4264-9ca7-f31d80a13567,1854216.0,48951.0,114135.86398581923,38146813951.0,82413.45977135072,139190.2508420796,794777765.4821627,1317325126.7186122,18.0
367,0.5,11160892.0,18801,0.1,1,90.0,3.0,9319eaba-5d43-42c1-9b58-60fbbb19b3fc,1854216.0,47379.0,70174.28769048203,26456293375.0,152953.04096471757,456888.4833466908,814223968.545404,2100153950.8954563,154.0
368,0.5,11160572.0,18801,0.1,1,90.0,5.0,5644beb8-65c0-4175-9512-f857fb9b6c77,1854216.0,26395.0,45473.84783581641,26456293375.0,134666.86630338166,430983.79377285903,575300145.9287843,2097320635.4286456,58.0
369,0.5,11110696.0,18801,0.3,1,90.0,5.0,eecaf8c2-7ea9-48db-ad7d-c726473afb53,1854216.0,33141.0,88696.00932485845,38913265663.0,74314.1797300813,158214.98590548782,659723956.8790126,1060682097.0399668,10.0
370,0.5,11102380.0,18801,0.3,1,90.0,3.0,50bc323b-823e-49fd-84a3-b63db6eecf68,1854216.0,44111.0,106863.7282431635,38913265663.0,83431.65305838248,170074.5453885116,791883661.3764257,1062448461.7012815,12.0
371,0.3,11061644.0,18801,0.1,1,90.0,5.0,fcf8cacd-3a66-4cec-8f86-503fe6c62ed2,1854216.0,51496.0,95903.4024382075,25827454975.0,105904.0827593985,296490.1467553885,765949602.2889194,1317269802.744267,26.0
372,0.3,11060684.0,18801,0.1,1,90.0,3.0,395b7621-bf2e-4c1f-b4a9-c95574eb0a11,1854216.0,52762.0,98433.70653445792,25827454975.0,106212.5884079365,296835.2489429385,766041369.5041608,1317475814.058043,24.0
373,0.3,11083196.0,18801,0.3,1,90.0,5.0,8c975cf7-5259-49fe-b2d3-62116cb89076,1854216.0,49285.0,91481.32669262828,26273386495.0,144654.05643977222,436794.0168483574,765603778.164244,2240295225.9091244,39.0
374,0.3,11083340.0,18801,0.3,1,90.0,3.0,6b552d91-d5e2-4f6c-ae12-f71b0f13f419,1854216.0,50814.0,94544.54180316794,26273386495.0,146549.1673373596,439729.3737824116,791809360.4003434,2240553079.503366,37.0
375,0.5,11136924.0,18801,0.1,1,90.0,3.0,ac8a4f53-621b-4390-82e5-2993fc4793f9,1854216.0,33098.0,117908.72615602137,50368045055.0,57844.07871629328,136343.16978061778,718109677.3461609,663033570.4950734,46.0
376,0.5,11126068.0,18801,0.1,1,90.0,5.0,05c4cac4-d602-4f07-a20e-577a654a5c30,1854216.0,33494.0,119913.211143423,50368045055.0,58969.81926450813,137434.079391249,744982873.6844224,663080193.6112407,154.0
377,0.5,11085036.0,18801,0.3,1,90.0,5.0,1175d5cc-f676-4095-821d-f86f914b6400,1854216.0,31805.0,112978.58377157296,52129783807.0,44893.52260525381,77247.74898317359,706233101.2848438,252389840.614582,57.0
378,0.5,11084964.0,18801,0.3,1,90.0,3.0,9f23c4df-acfb-4a3c-ac7e-59fd1a390bd9,1854216.0,33263.0,118821.88540972736,52129783807.0,46846.353524291495,79250.0898491228,745325308.8738695,252674305.5538496,57.0
379,0.3,11088444.0,18801,0.1,1,90.0,3.0,d1143f69-89ea-4800-9cfc-cf08f5c8e30e,1854216.0,50561.0,94095.42118155524,26361729023.0,85453.19400125666,172440.0544429606,699303509.3248124,2280980120.0021696,9.0
380,0.3,11088136.0,18801,0.1,1,90.0,5.0,703ee6cf-76e0-47da-b44d-801c11c14070,1854216.0,57291.0,104448.40989806196,26361729023.0,92049.87038989288,181019.13299935067,792176151.6536602,2282430592.618596,8.0
381,0.3,11076692.0,18801,0.3,1,90.0,5.0,28003f49-fdc1-4863-9898-debefa22a7c3,1854216.0,36569.0,66012.50218148003,25858572287.0,77972.92900968427,130780.22835170006,631195130.2778809,1310011518.5781813,24.0
382,0.3,11077008.0,18801,0.3,1,90.0,3.0,738def76-b67a-47cb-bd35-63b24d666b57,1854216.0,48689.0,81786.20630492401,25858572287.0,88299.94296015523,142701.47080366162,788590366.3891585,1311647953.7188213,46.0
383,0.5,11114192.0,18801,0.1,1,90.0,5.0,02349687-5ac9-4a60-9b7a-76171f537f0a,1854216.0,33861.0,83254.47853939731,37347401727.0,87508.47148601533,192072.9868071974,793996675.4977442,705411721.5646671,32.0
384,0.5,11112552.0,18801,0.1,1,90.0,3.0,ace2ce9f-c9ed-4f7b-831b-f22baefbd237,1854216.0,22656.0,57218.41807976,37347401727.0,76321.75770307754,176487.5762525217,582029798.6363683,702767134.437566,33.0
385,0.5,11124124.0,18801,0.3,1,90.0,5.0,1a1601e5-13ab-498b-94d6-058cfad42889,1854216.0,32983.0,54422.55035771644,25962229759.0,99021.84928632532,245839.9932104578,778127973.6357441,2291749098.584028,45.0
386,0.5,11124016.0,18801,0.3,1,90.0,3.0,f0c904ea-0c25-4d7e-804f-0f7c64895a4b,1854216.0,24960.0,42780.03128150075,25962229759.0,88468.64267064608,233090.16039452248,619995677.2335769,2289797109.8598785,56.0
387,0.2,11149580.0,18801,0.2,1,90.0,8.0,9b8efa2e-e605-484b-a5e7-98c94c8f26ff,1854216.0,50489.0,93762.77102786844,24961773567.0,80365.73076026462,237376.50243578744,712389055.4191406,2293812894.388096,70.0
388,0.2,11147476.0,18801,0.2,1,90.0,1.0,b22a8928-71a8-4eb0-b65d-ac8bd5f8dc87,1854216.0,55975.0,102915.98305759544,24961773567.0,86814.09856917436,246844.6700615019,791476264.5409648,2294500181.674094,116.0
389,0.2,11093420.0,18801,0.6,1,90.0,8.0,bd307cb6-8043-4f70-84c7-a3ea6b2af673,1854216.0,42064.0,77023.6920040326,24988143615.0,88697.06456601614,277012.11488051,673209094.4019525,1317260900.0318274,21.0
390,0.2,11094160.0,18801,0.6,1,90.0,1.0,98ba2f9a-c22f-4135-8d05-da3b436b69fa,1854216.0,50935.0,89534.97938400156,24988143615.0,97939.85974993756,289788.324537601,775415992.0944929,1318383869.2017765,19.0
391,0.4,11124540.0,18801,0.2,1,90.0,8.0,c8eb9599-05bd-4b9e-bdf1-d8a5b9b1afad,1854216.0,36396.0,65608.4771026436,26053750783.0,91836.72604616088,237945.62133801373,627276246.9167113,2295451140.173793,60.0
392,0.4,11124704.0,18801,0.2,1,90.0,1.0,7b12abed-aba7-478f-975a-4297de925a3c,1854216.0,56627.0,89484.25158671098,26053750783.0,108704.59568022873,257186.56800098225,811188459.8824139,2297690859.3520784,53.0
393,0.4,11109960.0,18801,0.6,1,90.0,8.0,cd6eb81a-b1b4-4841-9b3f-26a20ef6105e,1854216.0,47936.0,88769.21865829336,26356715519.0,97982.18467488152,298797.34690110583,727510336.4231374,3270780116.095945,66.0
394,0.4,11109640.0,18801,0.6,1,90.0,1.0,347e501b-2277-4fbe-bf78-be13fb208842,1854216.0,49834.0,92565.02381119972,26356715519.0,101049.11500181817,303240.20234857145,765958203.915849,3271384978.422817,62.0
395,0.2,11125084.0,18801,0.2,1,90.0,1.0,b6a8b06a-2bcd-478d-af10-60cc74e9fb95,1854216.0,44128.0,81125.65602182486,26377342975.0,116306.90832639507,260866.4571661235,750452615.4761899,1290673566.7051773,21.0
396,0.2,11126336.0,18801,0.2,1,90.0,8.0,71d014cd-beac-4d52-a016-252758d7684f,1854216.0,44612.0,82109.66448573145,26377342975.0,116491.55818836948,261042.63004025555,750598560.1713128,1290941302.861271,24.0
397,0.2,11125148.0,18801,0.6,1,90.0,8.0,b38dde0a-2fd6-44db-a4c8-30f1d88f9ad5,1854216.0,33538.0,59935.95668498661,25976573951.0,104042.45432535102,239960.41755608493,599520562.576413,2290721787.552692,35.0
398,0.2,11125540.0,18801,0.6,1,90.0,1.0,c2b4026e-c42a-4c53-bd49-cd987f207c90,1854216.0,52435.0,82489.41903371282,25976573951.0,120416.95972690784,261732.63814394275,778694980.0501564,2293270070.8398085,34.0
399,0.4,11093384.0,18801,0.2,1,90.0,8.0,816aa40b-b261-4f23-9cb2-25f614b2ddfd,1854216.0,22978.0,38782.085127644736,25156550655.0,54036.553220315946,119242.4965435409,490664950.0213041,1257137154.0003977,48.0
400,0.4,11091888.0,18801,0.2,1,90.0,1.0,610ebc15-6b1b-4665-83cb-56181aae554f,1854216.0,56968.0,76407.86349393416,25156550655.0,76737.17600040731,148213.68511778675,789901048.5623846,1260194806.1108563,50.0
401,0.4,11016368.0,18801,0.6,1,90.0,1.0,7a5a101d-ad95-4065-a5b1-a4b2ca44bd4c,1854216.0,26357.0,45544.69405179157,25192267775.0,80608.47080096748,168297.86239824098,670646768.6753192,1848113802.344647,65.0
402,0.4,11016104.0,18801,0.6,1,90.0,8.0,18de167b-849f-4d56-a28c-7842b0aa8237,1854216.0,31360.0,54186.86139527519,25192267775.0,88996.06942188184,178074.025774331,785966982.5032704,1849405385.2652297,68.0
403,0.2,11121868.0,18801,0.2,1,90.0,8.0,19817271-3fbf-44c5-92a2-dc943fb817f3,1854216.0,44429.0,81710.77612848868,25580838911.0,93750.05877632352,248787.54774990195,658489335.2420163,1319016210.5245025,35.0
404,0.2,11121492.0,18801,0.2,1,90.0,1.0,c8042d84-6d50-400b-b252-5d2dceaa60dd,1854216.0,56050.0,96976.00661708855,25580838911.0,105051.0105506194,264577.7569430787,789680250.7407355,1320254506.8658984,33.0
405,0.2,11126516.0,18801,0.6,1,90.0,8.0,04e93645-9f0a-43b8-8c75-dfe05361b8ad,1854216.0,33374.0,59576.00728437788,26393694207.0,82081.74381237326,160418.45820841598,611321500.6843331,1206969918.087751,53.0
406,0.2,11127388.0,18801,0.6,1,90.0,1.0,db0e6eb4-75a8-430d-866d-c58b470a5167,1854216.0,48696.0,78546.17510326687,26393694207.0,98116.38429883785,180766.02017743472,778929356.7928262,1209195866.0471876,47.0
407,0.4,11103232.0,18801,0.2,1,90.0,8.0,cf278a42-1117-4870-8c84-3cee422a11f0,1854216.0,41582.0,76004.3555968451,26319527935.0,83320.56195773385,180589.4049974967,695856142.4171218,1271217525.0016222,56.0
408,0.4,11101012.0,18801,0.2,1,90.0,1.0,c689fc9c-6b64-4e9b-9209-5741420174d8,1854216.0,45892.0,83912.34982503578,26319527935.0,91341.81056508468,191873.80017239408,787808034.3068674,1272335951.2209008,56.0
409,0.4,11144228.0,18801,0.6,1,90.0,1.0,18a5abdf-253e-419a-830b-71f27e22ba03,1854216.0,43884.0,72508.8609941708,26387591167.0,71105.6429771606,121685.27300296856,776055425.7212068,663473755.5211961,8.0
410,0.4,11130512.0,18801,0.6,1,90.0,8.0,63b38064-ed37-4762-a51a-5580aa71e5f3,1854216.0,32110.0,57102.55868404787,26387591167.0,60963.51573092804,109489.9970447604,622242224.255934,661488591.8926299,12.0
411,0.2,11089140.0,18801,0.2,1,90.0,8.0,87652ae3-64d3-42a8-af0b-54778d50bd04,1854216.0,49019.0,90928.5536155481,26095730687.0,67074.2726903503,177621.1269195858,681067861.0652673,1309754978.6993015,26.0
412,0.2,11086880.0,18801,0.2,1,90.0,1.0,d57caa0f-dd6d-4b59-8944-0cb3897066d1,1854216.0,57287.0,102821.14882410307,26095730687.0,75608.65611890759,189757.5659310891,786225446.6920736,1311343270.3489263,25.0
413,0.2,11138048.0,18801,0.6,1,90.0,8.0,fb27cfbc-713b-4163-88b1-25943dc1f3d4,1854216.0,43246.0,65131.00510045548,26412314623.0,109550.42680547174,255272.75873608747,784562136.9352322,1324045122.7196262,42.0
414,0.2,11138584.0,18801,0.6,1,90.0,1.0,8389edf9-4461-471e-9621-ef3aa2e553e9,1854216.0,25406.0,43643.69387743676,26412314623.0,90063.53711909238,229320.42250984267,566364765.9799776,1321283986.0065384,37.0
415,0.4,11103124.0,18801,0.2,1,90.0,8.0,76c0078c-1f1c-4247-86ff-72f998952f5b,1854216.0,31901.0,84972.78013509775,36880015359.0,45232.97680392365,64955.612311558856,694615909.7860426,346811748.92253405,69.0
416,0.4,11101140.0,18801,0.2,1,90.0,1.0,5ee7e0c4-90e2-47b1-9325-25dae58ef535,1854216.0,33748.0,90477.835639165,36880015359.0,47817.62575737052,67448.38300594289,747252968.4590487,347312023.1697118,54.0
417,0.4,11091100.0,18801,0.6,1,90.0,8.0,52e3241e-15bf-4c4a-9194-a8d9b61ef245,1854216.0,23197.0,58846.433419491615,38891143167.0,48062.46174294479,111355.6597,611887239.5801678,488281973.8204376,11.0
418,0.4,11104748.0,18801,0.6,1,90.0,1.0,1025ec80-c93a-4561-8f2d-34db12f45ae5,1854216.0,30468.0,77009.94085359653,38891143167.0,56923.54197118437,118980.42349808745,765937351.5944295,489706191.28274417,8.0
419,0.2,11178432.0,18801,0.2,1,90.0,8.0,df56dc7e-c511-47fc-9eda-292f745dbecb,1854216.0,41150.0,75195.108560678,26269372415.0,74785.37632688516,164721.0283179856,664788596.7909379,1939205812.302714,23.0
420,0.2,11166228.0,18801,0.2,1,90.0,1.0,8604efea-98a0-4aad-aad6-d9046e2a7aac,1854216.0,55057.0,92735.70048066604,26269372415.0,85333.47713026805,178680.32385931833,809846144.324939,1941062642.120748,25.0
421,0.2,11169016.0,18801,0.6,1,90.0,8.0,69b5d193-28cc-4356-9d2b-12a070f45801,1854216.0,34134.0,61082.683005663785,39091081215.0,101051.05635792794,226578.541584372,754509459.8429447,2140531629.213153,41.0
422,0.2,11169068.0,18801,0.6,1,90.0,1.0,eda37769-e400-45ea-9c18-3d5ead9392a6,1854216.0,27332.0,54735.60840934272,38208716799.0,50438.226755858646,61465.52948285357,689177445.6694229,8635126.592755567,9111.0
423,0.4,11101328.0,18801,0.2,1,90.0,1.0,36e5acfd-edf6-4815-af8c-305c328242a0,1854216.0,34508.0,61839.16837344156,25385353215.0,109575.49907029478,256027.37836906384,737896215.3875917,1470274118.809568,56.0
424,0.4,11103172.0,18801,0.2,1,90.0,8.0,4083cf65-c4e4-4e5f-a78e-3da72cc4057b,1854216.0,34138.0,61095.34727529712,25385353215.0,108690.19424854146,255241.27580376927,723844320.331181,1469818438.324047,57.0
425,0.4,11129040.0,18801,0.6,1,90.0,8.0,a545be56-eb2b-4bd9-9c32-648e095a06be,1854216.0,29579.0,77981.89311788436,51054362623.0,77872.31491303541,247846.95037953224,589186998.842948,2296662345.593204,8.0
426,0.4,11128744.0,18801,0.6,1,90.0,1.0,b328a05e-cab3-4cc4-98d2-236ae9ab462a,1854216.0,33608.0,33643.75237839354,24151568383.0,47131.53442177592,99400.6906125056,397121119.4633596,659426007.1818204,47062.0
427,0.2,11102604.0,18801,0.2,1,90.0,8.0,803f72c2-229b-4d7f-8117-f21a8e85edec,1854216.0,36748.0,66312.59747037609,25936347135.0,97450.15987122586,178057.34028858694,657673245.1571392,1312289264.549581,35.0
428,0.2,11102644.0,18801,0.2,1,90.0,1.0,7859581a-8851-4d08-b966-ae291f19bca9,1854216.0,49056.0,82256.70366049506,25936347135.0,111120.6720268152,193008.97849088308,788994998.6283011,1314119594.4510298,28.0
429,0.2,11013188.0,18801,0.6,1,90.0,8.0,b6a9f13a-13be-43f2-b428-d067546e914c,1854216.0,30859.0,54547.323197281854,24527704063.0,81981.45715866372,158483.21462749637,595230358.0695851,1307116252.0103762,43.0
430,0.2,11013420.0,18801,0.6,1,90.0,1.0,0500243e-1d4f-4c3a-9297-e4db3261ea6b,1854216.0,45191.0,72567.10933312232,24529207295.0,97499.52871969152,179083.35414568824,773476556.0044434,1308968758.5520363,64.0
431,0.4,11117348.0,18801,0.2,1,90.0,8.0,a7c27c15-311c-4ef2-afd1-58e153b758d7,1854216.0,22881.0,38608.23804637049,24441479167.0,52681.95319521606,99154.96962367228,509981237.52007294,1310435475.3964205,52.0
432,0.4,11130532.0,18801,0.2,1,90.0,1.0,1a9df2f7-ebbc-4f99-b643-126f36ba096a,1854216.0,53271.0,72642.8693185517,24441479167.0,67548.0305318058,114228.0973190862,797121313.6183465,1312812393.0677247,52.0
433,0.4,11111164.0,18801,0.6,1,90.0,1.0,7c633cbb-4416-447c-83d2-3d72dc95f242,1854216.0,27304.0,47433.783356234286,25958281215.0,70718.75713768484,142143.23634888043,709356735.929532,2283839851.129981,7.0
434,0.4,11099488.0,18801,0.6,1,90.0,8.0,184a0931-a1ea-4114-9bad-410e0ed16627,1854216.0,28677.0,50184.64122196767,25958281215.0,72774.53908323353,143931.38598722554,747663292.3719101,2283850726.677401,7.0
435,0.2,11107252.0,18801,0.2,1,90.0,8.0,a2fd6946-9b2a-4196-b893-abc210ff0c60,1854216.0,24912.0,56492.38176500551,47487995903.0,70022.09321882896,247723.81869195047,502064731.4707208,1967743044.9493628,26.0
436,0.2,11117340.0,18801,0.2,1,90.0,1.0,02532d79-57b8-41a4-83c5-0d5a25a18015,1854216.0,59378.0,136364.85352934257,47818952703.0,61004.70732397763,95451.58889718392,725217307.5924807,660501582.2771778,7372.0
437,0.2,11095016.0,18801,0.6,1,90.0,8.0,958752ab-0770-4fd0-83f5-b4842b0dd048,1854216.0,38813.0,60878.84854187343,24732545023.0,46985.51286777109,60379.70313564356,780627324.4974262,323203591.16122067,38.0
438,0.2,11088700.0,18801,0.6,1,90.0,1.0,b5c735d3-0782-4757-9f0d-a903534f6bb0,1854216.0,25543.0,43968.44466251698,24732545023.0,36721.12481720857,49895.78909648339,587542020.2284288,321434920.70758486,38.0
439,0.4,11107140.0,18801,0.2,1,90.0,8.0,9b467d58-bf29-477b-a1cf-2d0fc36fdce7,1854216.0,41757.0,68677.96522262192,26320326655.0,65710.69093682931,117189.89347302998,791608140.2536985,1311266786.515626,52.0
440,0.4,11098152.0,18801,0.2,1,90.0,1.0,64c302c7-573d-4c68-82e5-4aced553bddc,1854216.0,30428.0,53722.47513246459,26320326655.0,57065.37825261,106883.863302088,620356306.743378,1309055127.5606267,53.0
441,0.4,11123292.0,18801,0.6,1,90.0,8.0,ff1c826c-ee93-4168-a548-000da0e0d6fd,1854216.0,21803.0,36452.38209507935,25582391295.0,39904.81240217084,63465.33817044644,532973129.4456888,658537317.2472695,7.0
442,0.4,11129516.0,18801,0.6,1,90.0,1.0,00348b9c-5f6b-42c6-a588-433c8e05def1,1854216.0,44758.0,63060.75205890292,25582391295.0,53883.88509395768,77628.28450312153,803337445.1747947,661488163.9718685,7.0
443,0.2,11134328.0,18801,0.2,1,90.0,8.0,ddfb1afd-3776-4e56-989c-ccb91cee8244,1854216.0,33653.0,67346.12970283384,38579494911.0,89994.77039227016,179335.92541576864,620154897.1492133,1555230446.7940552,6295.0
444,0.2,11137716.0,18801,0.2,1,90.0,1.0,7dda1bb5-17c0-4dec-ade2-9bf4cb0b8c7d,1854216.0,53768.0,90165.37535058096,38580080639.0,121388.9368027333,280077.56465752376,842848220.0780402,2864636419.1852646,23.0
445,0.2,11100880.0,18801,0.6,1,90.0,8.0,4e5977cf-599a-46ed-96a8-beb9f385329c,1854216.0,29505.0,103757.15927308344,51037052927.0,67755.7267278486,179433.09352108923,659585193.3159823,978805495.9012464,48.0
446,0.2,11101152.0,18801,0.6,1,90.0,1.0,0cd2d928-b1b1-45f4-8395-5642279975bf,1854216.0,34115.0,120204.37481940351,51037052927.0,73064.95020066644,184530.02470080185,761836083.3026683,979963780.6742992,35.0
447,0.4,11158436.0,18801,0.2,1,90.0,8.0,b6fa4070-2809-4f7b-93f7-3b324877eb49,1854216.0,39790.0,72483.44301368593,26035326975.0,60116.341756218906,129384.23930749032,657458535.0583556,1314162406.1098895,81.0
448,0.4,11139544.0,18801,0.2,1,90.0,1.0,d11e99de-229d-4f08-ab5c-d9e583b2d1f1,1854216.0,50875.0,87182.37514174616,26035326975.0,67164.86526976814,137931.34995848674,791415843.3145049,1315621772.3352044,84.0
449,0.4,11051828.0,18801,0.6,1,90.0,8.0,1b92dc37-a6f1-4276-ae89-cf82ecc02732,1854216.0,30041.0,79444.16691238858,37134168063.0,52115.60445652668,111143.57781619372,607098808.9138527,1304514241.3850665,80.0
450,0.4,11051832.0,18801,0.6,1,90.0,1.0,de0dba03-3102-4437-8892-96ef5a8a2417,1854216.0,43180.0,99821.3799664664,37134168063.0,60894.75944582095,120787.27155199232,773043024.4399549,1306041944.591672,64.0
451,0.2,11086360.0,18801,0.2,1,90.0,8.0,77847fd2-e133-4ba3-b382-218e1ab469e3,1854216.0,40677.0,74254.47480534235,25490305023.0,59785.68992357066,102224.95900477344,667661168.4396498,1307066312.813312,40.0
452,0.2,11085120.0,18801,0.2,1,90.0,1.0,1c9ad464-690d-48d2-8997-4c1616915016,1854216.0,49963.0,87168.79791429041,25490305023.0,66197.45421927772,107786.1055045004,785703806.7673578,1308463952.6361864,39.0
453,0.2,11120708.0,18801,0.6,1,90.0,8.0,5c1dbbcc-a235-4417-b636-1838eb0954fe,1854216.0,37992.0,68913.5649302857,25567010815.0,63346.79146201281,111532.529154014,686010511.2766726,1309735916.193874,24.0
454,0.2,11120532.0,18801,0.6,1,90.0,1.0,9166846b-88cc-4270-a5a1-40e1d6a7f6f7,1854216.0,43793.0,78321.8749330763,25567010815.0,68394.42744901727,115864.07354895474,775673738.3153923,1310923488.783781,25.0
455,0.4,11115180.0,18801,0.2,1,90.0,1.0,50c2f587-c247-4923-ac4f-e20ed7c51cb4,1854216.0,36496.0,90528.9728077032,38118449152.0,86702.14437718826,150489.46585909362,762477585.3698665,512115278.0040482,41.0
456,0.4,11100780.0,18801,0.2,1,90.0,8.0,a6c5bf38-fce0-4431-94df-7a26fe2bf71d,1854216.0,24704.0,63298.12288642336,38118449152.0,74688.71658361824,136631.90641894587,566119996.2103639,510297877.3877129,44.0
457,0.4,11092500.0,18801,0.6,1,90.0,1.0,1b5e3c34-063f-4b0b-bca2-3dc48a7c60cb,1854216.0,39464.0,63460.879274254126,24377425919.0,143457.13019688168,251281.34120240284,779369772.7637558,1318837033.9159105,58.0
458,0.4,11092648.0,18801,0.6,1,90.0,8.0,f8588128-e836-4e6c-897b-4a577a198506,1854216.0,27570.0,47933.110431695786,24377425919.0,124616.27789040469,224632.2405692116,600180959.960522,1316107466.5148685,84.0
459,0.2,11153096.0,18801,0.2,1,90.0,1.0,08cb89bc-a7e6-47a9-8109-3b25de7d159a,1854216.0,34144.0,61096.89195111368,25315229695.0,141126.0142033432,321334.6617373648,777462190.352339,2062121933.791543,10.0
460,0.2,11158948.0,18801,0.2,1,90.0,8.0,fcb18ec1-2cdd-48c2-8877-0a71e4f93276,1854216.0,31314.0,55432.258503141566,25315229695.0,136011.13308114844,314932.69691058144,696551702.3533897,2060731484.806804,8.0
461,0.2,11015672.0,18801,0.6,1,90.0,1.0,849ecb5b-cbea-4099-9364-411b6e46ec30,1854216.0,36401.0,91522.91739934355,39372685311.0,80509.90327055287,142620.73103973258,758846714.5857799,748204198.5080305,23.0
462,0.2,11015908.0,18801,0.6,1,90.0,8.0,e8652cbe-859a-4eb3-849e-8db611b12f25,1854216.0,29301.0,77188.66422339597,39372685311.0,70635.16961613152,130085.3455508792,631560194.3069222,746793487.2327875,21.0
463,0.4,11113400.0,18801,0.2,1,90.0,8.0,b67a239b-56b0-423a-9c6a-a174b578b3c9,1854216.0,33260.0,89066.38343917805,39307743231.0,53088.86254579629,155005.16494791425,697315689.0408876,665737048.0831913,35.0
464,0.4,11112476.0,18801,0.2,1,90.0,1.0,59bbf523-be2a-4fcb-86e7-c218ffdc72aa,1854216.0,34840.0,93802.42770990323,39307743231.0,56108.113520463565,157492.49836822768,749903729.7077229,666016928.3146459,37.0
465,0.4,11146424.0,18801,0.6,1,90.0,1.0,2a1da948-3203-4be3-9b9c-9ff9693ec534,1854216.0,22691.0,38212.09361322578,25999851519.0,69068.93890131853,123952.30699838063,575867808.1267617,1215404517.3878236,48.0
466,0.4,11145996.0,18801,0.6,1,90.0,8.0,8819ce03-bd95-4392-b6a3-a4efaab1a6f1,1854216.0,37177.0,56344.25338775577,25999851519.0,85246.86162928416,144880.95883879092,781661722.0407685,1217912247.2322345,51.0
467,0.3,9258472.0,23361,0.3,1,90.0,5.0,c63e35d3-ef0d-433e-9d81-ad12ee145f6f,2543220.0,34766.0,70654.27745407523,39547244543.0,21872.510828620107,19466.459026235098,409038481.1317147,4396159.756354344,59.0
468,0.3,9258292.0,23361,0.3,1,90.0,3.0,04abbc4f-18a7-450d-a23f-3da4711c5d9b,2543220.0,35318.0,71766.90130503078,39547244543.0,21982.03046302361,19582.011084447004,409199952.2838388,4437038.692115018,59.0
469,0.3,9256584.0,23361,0.3,1,90.0,3.0,c3154d9a-da69-4ec4-a895-c38b0ae3a97b,2543220.0,34862.0,54367.93673729061,30314008575.0,28404.37347687284,32548.49758077401,421073989.0413688,5212677.232467188,66.0
470,0.3,9256680.0,23361,0.3,1,90.0,5.0,bb8541b0-aa7f-4f06-a89c-daa6976924b4,2543220.0,35666.0,55866.97004840603,30314008575.0,28540.720983868538,32694.119681426204,421033734.50335264,5266980.314562979,49.0
471,0.3,9258472.0,23361,0.3,1,90.0,5.0,c63e35d3-ef0d-433e-9d81-ad12ee145f6f,2543220.0,34766.0,70653.89690083332,39547244543.0,21872.809704202155,19466.632314650764,409045438.3391423,4396016.943669506,59.0
472,0.3,9258292.0,23361,0.3,1,90.0,3.0,04abbc4f-18a7-450d-a23f-3da4711c5d9b,2543220.0,35318.0,71766.1962868579,39547244543.0,21982.029858065427,19582.14678433486,409204135.47760606,4436982.757828794,59.0
473,0.3,9256584.0,23361,0.3,1,90.0,3.0,c3154d9a-da69-4ec4-a895-c38b0ae3a97b,2543220.0,34862.0,54369.75767449247,30314008575.0,28404.524190479176,32548.947345395816,421060049.0800336,5212827.624728456,66.0
474,0.3,9256680.0,23361,0.3,1,90.0,5.0,bb8541b0-aa7f-4f06-a89c-daa6976924b4,2543220.0,35666.0,55866.026875127456,30314008575.0,28540.188004070555,32694.242181426205,421027119.1933278,5267042.498950113,49.0
