,canopy_moisture,run_max_mem_rss_bytes,sim_time,surface_moisture,threads,wind_direction,wind_speed,run_uuid,area,runtime,queue_seconds,cpu_usage_total,mem_usage_total,transmitted_packets_total,received_packets_total,transmitted_bandwidth_total,received_bandwidth_total
0,0.3,535932,4285,0.3,1,90.0,3.0,54679f69-4230-46e0-b465-57e5376446ee,359488.0,582.0,166.0,2126.204840725443,2683133952.0,6757.9811,17588.2748627451,869143.1568039216,120332163.12231764
1,0.3,536088,4285,0.3,1,90.0,5.0,d8b5588c-71bb-4710-8533-0e33476c68d8,359488.0,630.0,165.0,2313.126838641533,2683133952.0,6986.243923976608,18034.457885964912,896552.3964707603,120762750.8263041
2,0.3,537844,4285,0.3,1,90.0,3.0,bce00adc-b4ac-4fd6-934e-d0d871a7e9ae,359488.0,544.0,304.0,2088.0452904420404,2687930367.0,7989.71711372549,24538.837403921563,963915.3156764704,121323701.87505683
3,0.3,537860,4285,0.3,1,90.0,5.0,ca8eab14-f11a-48bc-85e9-7294fc18a653,359488.0,579.0,304.0,2202.1262414393423,2687971327.0,8189.491887581698,24984.638827450977,988776.5739931372,123362096.97731373
4,0.3,537288,4285,0.3,1,90.0,5.0,01826633-3662-4026-a0a1-17cf6941c293,359488.0,579.0,55.0,2264.17016003123,2688647167.0,8077.099283743887,24615.76464260761,1080984.2012054734,121950770.57339054
5,0.3,537328,4285,0.3,1,90.0,3.0,9290693f-cdc6-466f-8839-4b49b379cae7,359488.0,651.0,57.0,2467.366691778921,2689073151.0,8216.11682289056,24672.555264243943,1102453.2334126984,121571505.9333346
6,0.3,9253784,23361,0.1,1,90.0,5.0,8c82fe64-c15c-417b-9159-d7565bfe1fff,2543220.0,43149.0,34.0,86173.76199463508,19376754687.0,60434.489733751165,119339.52831662024,5366677.070681244,1201600624.8468504
7,0.3,9251912,23361,0.1,1,90.0,3.0,21ebfbae-91ec-4684-9aab-8ba54563879f,2543220.0,44466.0,32.0,87573.34862619141,19377008639.0,76147.85537294296,141498.81216173424,450584500.51116514,1203350973.924427
8,0.3,9276028,23361,0.3,1,90.0,5.0,b0d5ea72-b8ce-4142-8453-932067fcaf73,2543220.0,37388.0,45.0,149321.27401534485,38836854783.0,33781.505390246515,77485.82063006432,3746988.051217203,1202779822.498953
9,0.3,9275784,23361,0.3,1,90.0,3.0,99dbccde-81be-46d6-aeed-0ab747a347d5,2543220.0,37840.0,45.0,150402.28153193733,38836854783.0,42912.35700781372,83829.52811588976,294686179.74677694,1203335093.4679208
10,0.5,9262356,23361,0.1,1,90.0,5.0,b9c0307e-433d-4a40-886d-1877ea829543,2543220.0,37743.0,34.0,150760.34662683035,38751600639.0,57445.52832154989,226842.0080017516,5067060.148456264,1208938895.1766565
11,0.5,9250764,23361,0.1,1,90.0,3.0,39295788-3107-47d5-ba49-dec65351e1d0,2543220.0,42128.0,34.0,159674.66703490843,38751600639.0,60524.30169786078,231167.9694018424,105260109.78003056,1209360005.9094582
12,0.5,9256916,23361,0.3,1,90.0,5.0,95cd1fee-248e-496d-a7d3-5f79e8072081,2543220.0,33072.0,53.0,132052.80320193298,38740381696.0,55007.4177217294,130990.73955943254,4842290.586205011,706877032.9640977
13,0.5,9250828,23361,0.3,1,90.0,3.0,e7499596-e66e-4a60-9d59-24807575d6ac,2543220.0,37430.0,50.0,140959.81767531182,38741667840.0,61694.413629269584,141357.66134589122,294702207.14911056,708071700.7457052
14,0.3,2577588,16486,0.1,1,90.0,3.0,a785c58c-5ea4-43e2-8cf9-f3adff58c189,1053216.0,11750.0,41.0,35131.383829511935,8292233215.0,20882.69832931624,54775.08448974359,2309360.395556581,323042469.2220533
15,0.3,2577844,16486,0.1,1,90.0,5.0,0fd9ef7d-7aee-4541-b1fe-c196595c85fd,1053216.0,51423.0,80.0,114722.97971354976,8296091647.0,13658.820148723094,17338.182376355922,1814818.5212960665,163046698.00837934
16,0.3,2578128,16486,0.3,1,90.0,3.0,1218982f-52f3-4e6e-8985-f6ff8f7cdb74,1053216.0,8430.0,39.0,25166.739264383225,8310054911.0,19838.85504157706,35452.001155913975,2349354.2540724017,323329603.8405069
17,0.3,2577896,16486,0.3,1,90.0,5.0,39eb29a8-bb6a-43f0-a41d-a08fd21d7414,1053216.0,10441.0,39.0,29265.76841891935,8310505471.0,20972.437982353487,36539.59722062,2494813.703958679,323622917.72606266
18,0.5,2538944,16486,0.1,1,90.0,3.0,122432b9-3d3d-452f-a0ef-8dd30ad5f0bb,1053216.0,36675.0,60.0,83737.44715228735,8181399551.0,18563.473850941853,44399.12479987319,2226811.297545333,306046140.4239767
19,0.5,2539508,16486,0.1,1,90.0,5.0,89e7b092-86a5-421f-a1d7-4ab981c5d915,1053216.0,10261.0,58.0,30834.40644967967,8178094079.0,14838.846363636363,40025.06091515151,1733126.258042424,304698773.5143695
20,0.5,2514480,16486,0.3,1,90.0,3.0,a066dfc1-6ec9-40e4-b03a-8503966c1ff3,1053216.0,9651.0,23.0,19248.62506920308,5439135743.0,17049.219045729165,31457.957817187496,1966920.1301178124,309724891.901312
21,0.5,2514464,16486,0.3,1,90.0,5.0,7019d059-9c4c-4dc8-9dd4-bbd628fc12d4,1053216.0,11478.0,22.0,21131.448273840782,5439614975.0,20171.072014313428,35057.356384437815,65007589.00317821,310366312.1503521
22,0.3,2576612,16486,0.1,1,90.0,3.0,0894be72-5149-42f3-ae2c-b87d6df58c2b,1053216.0,9574.0,40.0,28598.95208535668,8287543295.0,19790.945970136698,66184.31145278654,2237280.8774304944,324302481.9018795
23,0.3,2576760,16486,0.1,1,90.0,5.0,536579a2-f3c7-45bb-aabb-d29ec64c9394,1053216.0,9529.0,40.0,28464.48241444588,8287543295.0,19760.83166737227,66234.64916765575,2232911.7802250115,324790524.6643919
24,0.3,2514760,16486,0.3,1,90.0,5.0,1b1461a1-9843-4bb4-94ac-a26f81f23fea,1053216.0,8987.0,57.0,26937.74992172334,8155537407.0,22932.88433641145,65337.73098131953,2540078.1942497017,312506271.3127575
25,0.3,2559788,16486,0.3,1,90.0,3.0,c8e8d64b-a77b-4a13-acc0-5999915546af,1053216.0,10502.0,78.0,28509.158358581968,8155901951.0,23857.759482682588,66041.1892717001,2656073.359471689,312516458.5459471
26,0.5,2538576,16486,0.1,1,90.0,3.0,600764bc-1670-495c-a1ee-1345fe34ad35,1053216.0,11625.0,22.0,21829.868391322336,5464055807.0,23586.654202174133,57774.44199646449,2563704.4271456264,323750052.31730866
27,0.5,2538868,16486,0.1,1,90.0,5.0,61a095ce-1126-42ac-8390-ecf848e67c12,1053216.0,10211.0,19.0,20390.551422363205,5463867391.0,22841.45218636086,57243.66414503324,2470489.026218859,324073722.27840126
28,0.5,2559076,16486,0.3,1,90.0,5.0,e9bdc6c7-9b15-4917-982f-e346d3c35fa6,1053216.0,10623.0,36.0,42322.24120954443,10956746751.0,18450.568443181823,34466.81979299242,2314724.2031416665,310698801.5681627
29,0.5,2561000,16486,0.3,1,90.0,3.0,72ab962c-8f6f-44ef-aed6-0a72c832657b,1053216.0,10947.0,35.0,43070.1875568854,10956746751.0,18635.54891876391,34641.70090073618,2339039.6825387776,310650431.3302463
30,0.3,2512708,16486,0.1,1,90.0,3.0,d607773e-b825-432c-b634-c9b516e3c7a8,1053216.0,10085.0,54.0,30045.637825889266,8149618687.0,22857.04935195195,46811.14451331332,2471553.467003003,311381760.23908234
31,0.3,2513052,16486,0.1,1,90.0,5.0,f991d22c-5722-449b-a572-658e870d8b54,1053216.0,14448.0,91.0,34618.86739874743,8150597631.0,24764.12227716068,48484.439386422135,2758527.5131681515,311487628.6630695
32,0.3,2581404,16486,0.3,1,90.0,5.0,61c3fbcc-e621-44dd-b992-82293a38dd92,1053216.0,8241.0,19.0,24661.328162198748,8311513087.0,20691.980038230708,61566.22881330713,2387260.443135289,324965487.142234
33,0.3,2581460,16486,0.3,1,90.0,3.0,e6ff6a33-a17c-4a59-b3ca-7c921b3b74a2,1053216.0,10191.0,16.0,26720.832949421874,8311988223.0,23114.536319638868,64251.15958473228,37955286.37348024,325381477.8003831
34,0.5,2540240,16486,0.1,1,90.0,3.0,cf54961a-605e-458f-9579-25c6ad404b37,1053216.0,10926.0,37.0,32676.97023969789,8175988735.0,17751.188104051565,39740.869522836096,2203352.544648435,525290683.2438805
35,0.5,2541024,16486,0.1,1,90.0,5.0,56a8c9a7-0065-4c83-996e-110fd2b89c24,1053216.0,50599.0,37.0,112147.67883727633,8180445183.0,23876.312890158937,47901.634769528886,67305900.61130829,527080837.9223344
36,0.5,2578636,16486,0.3,1,90.0,5.0,c783c6c8-a0a4-4449-a877-8116468dca13,1053216.0,10433.0,53.0,41586.37893726192,11053264895.0,13560.080251884056,17891.0999636715,1736860.5673450243,105972585.24503905
37,0.5,2575280,16486,0.3,1,90.0,3.0,91fc0322-f84c-4c4b-bb3d-ad45056305b4,1053216.0,10539.0,52.0,41899.92257284013,11053297663.0,13660.767967780755,17992.64779083855,1749870.7044018167,106089537.69723752
38,0.3,2560364,16486,0.1,1,90.0,5.0,d1dc6b50-172c-4e72-bfc4-8cdfd1aa5e58,1053216.0,10901.0,18.0,21741.24805925,5435764735.0,18723.4494232687,32918.69367590027,2110120.693584488,304508948.93998826
39,0.3,2560404,16486,0.1,1,90.0,3.0,f276dace-8c3f-401b-ae3d-d89eff0aff7f,1053216.0,11499.0,20.0,22393.399188484003,5435797503.0,19066.09625047396,33175.681391771686,2152963.567316878,304439516.06473374
40,0.3,2537820,16486,0.3,1,90.0,3.0,0a58f29f-dd58-4752-8102-4031d5a8662a,1053216.0,9180.0,37.0,18268.418647540217,5498355712.0,17495.094619188596,34463.32121929825,2134724.2152179824,322222026.7162736
41,0.3,2569916,16486,0.3,1,90.0,5.0,48e6e674-793a-48bc-be9d-accba2651c21,1053216.0,12487.0,38.0,21648.10003488196,5498572799.0,21361.141346599165,38831.101569782186,65093113.72469256,322695196.33059126
42,0.5,2539412,16486,0.1,1,90.0,5.0,e434841a-3dd0-4350-a0b1-a1e4f9cc40db,1053216.0,10955.0,57.0,21885.3572202604,5450379263.0,19672.85576923077,33681.61217948718,2236313.775641026,322558371.5451498
43,0.5,2538908,16486,0.1,1,90.0,3.0,f442905b-2103-4fd9-b11e-c81f4c02c76b,1053216.0,11352.0,55.0,22308.30801708215,5450379263.0,20497.55428507176,34624.89247975582,8841322.970285121,322798104.2396271
44,0.5,2576992,16486,0.3,1,90.0,3.0,018cd67a-71e9-46c6-8d88-18e2ae107ad5,1053216.0,10264.0,15.0,20306.521124298124,5541564415.0,29021.696106730826,80306.65207579095,3041804.5338874245,326285883.2768604
45,0.5,2577044,16486,0.3,1,90.0,5.0,834a9394-e9ab-4dbc-99b3-46276b961d3f,1053216.0,10014.0,15.0,20022.32935074771,5541527551.0,28776.83873473473,80061.27626276277,2990834.102417617,325924911.90544444
46,0.3,2512820,16486,0.1,1,90.0,5.0,d5f5ce9a-5a95-4924-a418-b196a71bb790,1053216.0,12301.0,32.0,24405.744634835995,5441896447.0,43090.06426484232,161671.31058597652,4488842.130762614,775545893.1037631
47,0.3,2512460,16486,0.1,1,90.0,3.0,0fe62355-d2f5-498a-b1d9-2f0bf1a2a288,1053216.0,12091.0,32.0,24146.69213427848,5441601535.0,42967.3667990025,161608.09232360765,4473301.149945137,775318844.8391428
48,0.3,2540212,16486,0.3,1,90.0,5.0,445032ee-c1ed-4205-b0cf-4c5a26f842bc,1053216.0,9713.0,51.0,19343.12847135948,5459701759.0,20441.244414330216,44542.36309013499,2223416.004021496,261320524.6973103
49,0.3,2540212,16486,0.3,1,90.0,3.0,038d84a6-0070-4f2b-ae0a-b54d56af0a4f,1053216.0,9691.0,54.0,19304.977953362628,5459701759.0,20391.55897979167,44523.63105604167,2216816.7006115625,261525544.47813025
50,0.5,2570468,16486,0.1,1,90.0,5.0,c49301e9-fa64-4268-a201-4b668464f720,1053216.0,10221.0,14.0,20404.095989877685,5516836863.0,25978.60267102204,60626.017540320434,3034276.7468503453,561104669.5532019
51,0.5,2537848,16486,0.1,1,90.0,3.0,e1c037ab-1339-4a13-af8b-2f1ce78366eb,1053216.0,12196.0,32.0,22429.4435723194,5517377535.0,27603.662385900097,62503.05543631295,5751140.576413857,561632827.0856373
52,0.5,2548336,16486,0.3,1,90.0,5.0,60e6bd24-9210-40f4-9d9e-c76b96cecc2d,1053216.0,8000.0,34.0,23894.3616838592,8209604607.0,28303.32305694445,66498.15439558082,2805210.467228409,325057640.9620968
53,0.3,2528932,16486,0.1,1,90.0,3.0,cad8eca3-651f-4e7b-afbe-347a17a55e5c,1053216.0,11777.0,50.0,35234.33624726936,8205414399.0,47339.844530940165,90124.41010598293,4383198.167821453,563744481.1465193
54,0.3,2547576,16486,0.1,1,90.0,5.0,10aa2dbd-9aa9-4d54-b886-f4c10e4bffdf,1053216.0,11899.0,50.0,35529.32331856296,8205414399.0,47416.50390483788,90184.4299360078,4393326.865642422,563702730.0619544
55,0.3,2574480,16486,0.3,1,90.0,3.0,369ef96b-4b92-445b-918c-7978924356d6,1053216.0,7820.0,15.0,15600.868642545083,5524520959.0,29087.08585747748,67265.43359286606,3104320.1179143186,545508745.2860143
56,0.3,2574484,16486,0.3,1,90.0,5.0,8dc63bed-ee7e-4691-8425-5769cab82c85,1053216.0,9096.0,16.0,16905.602949335975,5524520959.0,29931.16127505179,67941.20345952199,3210067.364391832,545940511.1905931
57,0.5,2514276,16486,0.1,1,90.0,5.0,dfb25579-61c7-4f02-83f4-364ac4037343,1053216.0,9040.0,31.0,36042.86223452239,10857226239.0,21829.2043,48005.545417852845,2349839.3702160176,311026179.6661663
58,0.5,2558976,16486,0.1,1,90.0,3.0,eea24657-08cb-47bd-b9c8-d6573feba6c2,1053216.0,12913.0,30.0,43906.07215083645,10858315775.0,25627.586722747623,52341.822508669095,67890438.20062669,312250089.22070074
59,0.5,2514440,16486,0.3,1,90.0,3.0,4648cd9a-c579-4a82-8a37-2f5150e1f51a,1053216.0,10814.0,46.0,31433.640350877125,8149028863.0,17804.57912902757,28806.3972365672,4350776.61100397,309403824.58612704
60,0.5,2514364,16486,0.3,1,90.0,5.0,6060a077-bf3b-42b1-a892-0c4d2d65ceef,1053216.0,9852.0,50.0,29448.4688441349,8148840447.0,16793.60945132924,27753.762848568505,2048956.9978038853,308893239.09009635
61,0.3,2579572,16486,0.1,1,90.0,5.0,6e03d079-2f60-481b-b858-a026bc6657c8,1053216.0,11888.0,13.0,22817.640582255168,5562552319.0,30374.810702145973,103512.20274257418,3675999.679505728,804573108.3112316
62,0.3,2578996,16486,0.1,1,90.0,3.0,9e0496d2-e72a-4e24-9794-5d5d5a3acfde,1053216.0,10902.0,11.0,21805.951110143847,5562347519.0,29892.07650374793,103120.83424399672,3615826.498082885,804166904.4968526
63,0.3,2549812,16486,0.3,1,90.0,5.0,1cb041f0-8719-424e-85d3-ea1d8feefd46,1053216.0,8046.0,31.0,16011.849525760126,5472428031.0,18900.81248187604,47431.65475184872,2290969.7649085154,323604989.92864233
64,0.3,2531476,16486,0.3,1,90.0,3.0,d765e69b-9c74-48e3-8ebc-94114b7183e1,1053216.0,8623.0,31.0,16642.85424776233,5472428031.0,21114.589220723392,50301.4104289235,65198490.9887051,323742150.14685285
65,0.5,2572008,16486,0.1,1,90.0,5.0,422df9d5-aae3-4bb0-a46b-c496b620ee71,1053216.0,9657.0,48.0,38414.68715409363,11039473663.0,21836.257074608147,67384.65822884013,2297916.139644723,324341475.0001304
66,0.5,2571636,16486,0.1,1,90.0,3.0,3107e2c5-4628-4385-af4b-8929145f778f,1053216.0,10639.0,47.0,40537.827174983366,11039584255.0,24415.9935075487,70551.2271688841,67779672.04988128,324659818.2181265
67,0.5,2539340,16486,0.3,1,90.0,3.0,ed40bfca-e008-4cb2-bdcc-bdc3c9ac7482,1053216.0,8820.0,11.0,26466.212402805675,8167079935.0,17567.23191827575,39819.5433400346,1796028.4505586985,309767918.9998747
68,0.5,2539368,16486,0.3,1,90.0,5.0,14adfef0-5a59-495e-bf59-904a93ee6b57,1053216.0,42554.0,12.0,94016.26096544262,8170336255.0,23550.19361465586,47237.43957804886,65306213.89699855,311538573.26502585
69,0.3,2577440,16486,0.1,1,90.0,3.0,f01d6315-1c75-429d-9735-8553bcd5504c,1053216.0,11737.0,31.0,23364.87149458473,5530501119.0,21666.88823694114,34535.74324233695,2433766.1218543504,322614257.0419767
70,0.3,2578076,16486,0.1,1,90.0,5.0,ac2a0765-c247-43e7-aace-03d2219366e1,1053216.0,11633.0,33.0,23209.693524744143,5530501119.0,21562.44005682211,34440.52491632124,2420850.050838083,322324989.9267614
71,0.3,2558720,16486,0.3,1,90.0,5.0,8b6b1ef9-f0ab-447d-8f94-9f4fa5b87f19,1053216.0,9095.0,48.0,36175.42763987389,10853183487.0,27709.51718449612,74168.715968,2646286.6405564444,313596151.116272
72,0.3,2558524,16486,0.3,1,90.0,3.0,28a6f4b9-82e1-433b-b1c1-41a42f55ccbb,1053216.0,9299.0,47.0,36715.98037408344,10853183487.0,29662.399643929868,76502.62536412207,49462658.08162906,313575944.85244715
73,0.5,2577060,16486,0.1,1,90.0,3.0,28126300-d1eb-4b51-bf55-5858865cfb51,1053216.0,8014.0,22.0,16017.017152650908,5533507583.0,14167.411258145365,17955.903054010025,1768843.9067600248,168792685.2950777
74,0.5,2577304,16486,0.1,1,90.0,5.0,952129af-95a4-4b6b-bdc6-ffd63018a2a8,1053216.0,11234.0,9.0,19257.8977180535,5534683135.0,15923.150610441706,19373.37162411061,1987204.566199205,169197556.0174271
75,0.5,2514052,16486,0.3,1,90.0,5.0,4029dad6-a68a-4c83-9f91-9923027b1437,1053216.0,10288.0,27.0,17106.02741699375,5438857215.0,42311.75887193665,120744.00165722091,4088477.076133359,545196825.4351927
76,0.5,2513992,16486,0.3,1,90.0,3.0,045bb40d-47bb-4e0e-97ce-fb3640b43799,1053216.0,6826.0,28.0,13598.46736522522,5437874175.0,40267.40436946903,119086.36085899704,3833060.434490708,544267197.9285431
77,0.3,2514744,16486,0.1,1,90.0,3.0,97bb3133-1c98-483b-84a2-ff203d7afb62,1053216.0,11103.0,49.0,28236.171908174463,8142450687.0,20473.89562807017,35008.910194603,2336816.95290468,324690973.7306315
78,0.3,2515316,16486,0.1,1,90.0,5.0,c65f274b-c980-4a82-a3af-c2bfc263e8e5,1053216.0,8567.0,45.0,25550.514167696303,8142118911.0,19078.680314134275,33893.404632979975,2161860.392187397,324202705.30713964
79,0.3,2514148,16486,0.3,1,90.0,3.0,e5584072-fb44-4601-a01d-c6fc70f7be23,1053216.0,8553.0,11.0,17074.40411501678,5438361599.0,16407.51165774648,26632.25685293427,2046319.356717371,309679390.45889866
80,0.3,2514140,16486,0.3,1,90.0,5.0,45113c8d-d3ea-4bdd-b449-1fa4a06540d7,1053216.0,12574.0,11.0,21134.39070064848,5439242239.0,20666.07924165747,31397.265056281434,65710167.88616194,310732885.621625
81,0.5,2513212,16486,0.1,1,90.0,5.0,dee01223-7acd-4580-9add-51e2901b1bdc,1053216.0,10340.0,39.0,19585.61288714088,5431541759.0,26147.46477707455,66777.03236057254,20287187.60442173,312521248.1859324
82,0.5,2512548,16486,0.1,1,90.0,3.0,617f4776-9e76-4198-889f-af8476f64d0e,1053216.0,9268.0,27.0,18468.440096002538,5431541759.0,24625.9187732899,65030.03095135723,2645030.511439088,312499854.2272877
83,0.5,2514296,16486,0.3,1,90.0,5.0,bce591cc-3bd7-468f-a7be-00db3916ed2a,1053216.0,10802.0,43.0,43096.73679541543,10863063039.0,17295.129310335193,26454.944722439483,2251779.017067318,310164730.8645816
84,0.5,2514316,16486,0.3,1,90.0,3.0,fb70aecc-95e8-4855-9ed6-2fd1fb4638a8,1053216.0,10806.0,42.0,43111.173965547176,10863063039.0,17300.984404469273,26464.630955772813,2252559.528711266,310300894.52286005
85,0.3,4396492,8362,0.1,1,90.0,5.0,5f1513df-5b88-4c41-811a-d6d629c307f7,828144.0,6255.0,61.0,11969.910717878662,9334697983.0,46088.81234975165,210296.1521754497,4935221.236516417,1584483433.691868
86,0.3,4396772,8362,0.1,1,90.0,3.0,2c1ad624-d228-4827-8436-a79881d653d8,828144.0,5732.0,60.0,11444.655628177808,9334697983.0,45841.209369824566,210288.71398684208,4900208.533520414,1586139409.1966343
87,0.3,4363660,8362,0.3,1,90.0,5.0,679dc9a8-dcba-4fe1-9b81-f4b0c8b984ef,828144.0,7627.0,294.0,13621.40947529646,9278201855.0,21746.76640693069,60167.450932349806,6569681.061201115,590839946.728883
88,0.3,4363520,8362,0.3,1,90.0,3.0,0e247d7c-ec6d-4f7f-9180-2713412e17ba,828144.0,6072.0,295.0,12005.947449948384,9277321215.0,19974.670769166667,58152.949339,1824318.2085105004,588687001.026016
89,0.5,4374304,8362,0.1,1,90.0,5.0,07332ec8-587b-4e54-b880-700d04b6e1ab,828144.0,6538.0,36.0,19583.50150007095,13939404799.0,17514.504435791092,42778.77519569892,2346667.0044021504,631644954.5440295
90,0.5,4374252,8362,0.1,1,90.0,3.0,13cd5cb8-0ae1-404e-b79b-351bd5214547,828144.0,7100.0,15.0,20759.133904041148,13939404799.0,18782.047770368004,43993.96421656411,28468821.6024608,631576173.599012
91,0.5,4420232,8362,0.3,1,90.0,5.0,b0ef50f1-4ebb-4d91-ad55-3b802aac9c47,828144.0,5262.0,28.0,15664.26790797482,14073061375.0,15443.161770306511,84478.78314310346,1967070.1797666664,637974347.0404615
92,0.5,4420128,8362,0.3,1,90.0,3.0,e37bdda1-2388-43d1-97c5-20193789f9e6,828144.0,6212.0,27.0,16731.855474356125,14073098239.0,18811.50645780488,88894.88293886918,75305526.12083596,640148485.9228745
93,0.3,4375088,8362,0.1,1,90.0,5.0,b65419b3-ccde-4f4a-82e3-7dcdccd10214,828144.0,6550.0,44.0,19537.223974546625,13940396031.0,16160.592615148347,40508.52886661547,2043888.4228649745,631183823.3514205
94,0.3,4375104,8362,0.1,1,90.0,3.0,2954bfb6-ea8b-461d-a5ad-33a2369f827d,828144.0,7708.0,44.0,21890.81371522435,13940547583.0,16667.117883221203,41029.693860766325,2108648.472139788,631298759.1729641
95,0.3,4403832,8362,0.3,1,90.0,3.0,dbf2fc84-0b6a-496d-906d-88dec3405433,828144.0,5734.0,55.0,17220.39301538053,14017871871.0,11835.567636630843,54653.70171764489,1419362.8273838526,319825859.49991167
96,0.3,4404000,8362,0.3,1,90.0,5.0,a63542d7-cc7f-4b8d-9933-dcf351e55e16,828144.0,7395.0,53.0,20444.80856904676,14017978367.0,12508.583997368552,55423.44480424019,1505869.5925630492,320771346.3620295
97,0.5,4420500,8362,0.1,1,90.0,5.0,0eefa442-5bb2-4595-8404-3882621af6cb,828144.0,4155.0,14.0,8280.715739713516,9392943103.0,29901.91598942664,111565.06392465527,2914335.9440750293,641582285.8738556
98,0.5,4420976,8362,0.1,1,90.0,3.0,eae95d7c-4866-476f-a5e7-eef3eada78b4,828144.0,8241.0,13.0,12387.35260138081,9394446335.0,31518.46768386755,112870.44315209457,3114734.811559029,641187738.9482467
99,0.5,4384600,8362,0.3,1,90.0,5.0,17c6de3f-6ede-4831-9adf-1cd33fc96075,828144.0,5908.0,35.0,17626.791222621516,13955641343.0,15136.7150591453,42812.98501709402,1846921.992271112,631182440.2401161
100,0.5,4384524,8362,0.3,1,90.0,3.0,3aa7853f-6b4a-43b6-a6d5-fcd152e59908,828144.0,7270.0,37.0,20403.405400380867,13955829759.0,15746.161045375067,43418.08920333967,1925448.1923884624,631816106.8705463
101,0.3,4414260,8362,0.1,1,90.0,3.0,6b76d436-426a-4547-a728-aeca0ff6f858,828144.0,6222.0,41.0,12374.24906296865,9390407679.0,31111.85057252032,117358.54938,3184845.4639676423,797086506.9432911
102,0.3,4414384,8362,0.1,1,90.0,5.0,aa5ca840-3c27-4961-9441-666d25ba40fa,828144.0,6914.0,41.0,13115.101317536848,9390723071.0,31467.275138927027,117586.3272564518,3229027.443161868,796671963.9109247
103,0.3,4403052,8362,0.3,1,90.0,3.0,14ab6a41-7fcc-497f-9c5f-fb84ccc20167,828144.0,6214.0,59.0,12423.910455018358,9376694271.0,16624.65664724919,63516.75782103561,2230007.7320048544,793345658.259898
104,0.3,4403032,8362,0.3,1,90.0,5.0,a9ea2b4a-4fea-46f1-bd2f-b4f3089e0fc6,828144.0,7141.0,59.0,13365.713309575822,9376837631.0,17033.785443599198,63827.55767545369,2280474.2399177426,793173734.6914692
105,0.5,4357116,8362,0.1,1,90.0,3.0,ce3126d4-ee27-4b5e-86cf-6c7c9428bd57,828144.0,8013.0,16.0,29362.464006272898,18496634879.0,14221.352615775928,36031.6678658606,74246641.05531073,383934515.70111847
106,0.5,4356732,8362,0.1,1,90.0,5.0,ad453fef-39e7-4649-878c-5063776e33df,828144.0,6659.0,18.0,26553.18517396431,18496348159.0,10802.584230445633,31818.82521846428,1410690.694767906,382799440.412968
107,0.5,4409696,8362,0.3,1,90.0,3.0,4782e38f-405d-42c1-bf50-74c2ab431b87,828144.0,7668.0,32.0,28492.08501269988,18713755647.0,13431.52280513834,60001.91470039526,1592062.1279818185,329034992.341039
108,0.5,4409592,8362,0.3,1,90.0,5.0,e5340e59-33ed-46dc-9800-f916138a9f8c,828144.0,6606.0,34.0,26287.320711606648,18713612287.0,12969.759467938547,59644.661413221016,1532425.2846725862,329538542.3098985
109,0.3,4393724,8362,0.1,1,90.0,3.0,1d1421da-9030-4740-8ac5-192436f8812e,828144.0,5278.0,48.0,20926.97337374608,18648768511.0,10932.472775848782,49122.73222326313,1402559.144502062,497482185.2509531
110,0.3,4393708,8362,0.1,1,90.0,5.0,58f44377-b7ab-415f-befb-e8cdd163798a,828144.0,7321.0,47.0,25160.395991653124,18649473023.0,14582.50599104683,53675.29681763085,74628320.60180247,498405507.9477732
111,0.3,4399128,8362,0.3,1,90.0,5.0,6f4ab56e-3771-41dc-bfc1-692047a08caa,828144.0,6146.0,13.0,12219.969547614415,9349287935.0,20187.45965294118,52042.91846666667,2335594.824891176,633210362.0351216
112,0.3,4406024,8362,0.3,1,90.0,3.0,9aeb6a50-8719-4fb3-902b-28220ea2b591,828144.0,6169.0,21.0,12268.672544221989,9349287935.0,20213.42570910569,52025.39340780488,2339090.8880169108,632675454.5821291
113,0.5,4410404,8362,0.1,1,90.0,3.0,d4641c1d-a73f-4808-896c-4e4545bba869,828144.0,7519.0,25.0,20391.37451466193,14035693567.0,24636.39432916667,64663.6721795699,59934715.5126034,791574263.9793134
114,0.5,4410040,8362,0.1,1,90.0,5.0,fcd47d32-1cff-4c32-9773-4f2890b5da32,828144.0,5396.0,29.0,16082.049448282223,14035656703.0,20990.28908764045,60007.50946779025,2220028.3576831464,790496643.0856348
115,0.5,4395052,8362,0.3,1,90.0,5.0,034f81d7-7a17-42b3-aee4-8f4ab66ea7e5,828144.0,8579.0,32.0,17088.53909794212,9348567039.0,16795.2221971831,42142.38349929577,1678734.7034431929,604085915.6974711
116,0.5,4394968,8362,0.3,1,90.0,3.0,995c50b6-88bf-4ee9-9a70-eb63157d0f58,828144.0,8745.0,31.0,17319.4882719596,9348567039.0,18599.19220968893,44649.50748268306,22749289.24317228,604130313.0605536
117,0.3,4456416,8362,0.1,1,90.0,3.0,4a25ceac-b2e2-44c8-874a-1d12a2d73562,828144.0,7392.0,55.0,13683.001356736702,9471598591.0,21159.300935238098,83058.47694489796,2813668.952518096,904441051.6317898
118,0.3,4456664,8362,0.1,1,90.0,5.0,7b807956-a3cb-4f19-89ca-91d8171d8aec,828144.0,6310.0,49.0,12531.094210565658,9471598591.0,20642.27588573028,82648.79777370873,2748546.7641829844,904631668.7526016
119,0.3,4406200,8362,0.3,1,90.0,3.0,adab9a66-d18e-40a7-a86d-dbe36781d373,828144.0,7628.0,47.0,15181.176750505894,9361293311.0,14059.783894787515,26533.584867961486,1695568.706142568,471221376.3946484
120,0.3,4406236,8362,0.3,1,90.0,5.0,a0c773cd-9e58-40a5-a04b-5b71c487d5eb,828144.0,8510.0,51.0,16122.094842242475,9361313791.0,15052.135900938716,27477.91191546688,12421209.282674365,471624168.2111019
121,0.5,4377192,8362,0.1,1,90.0,5.0,914c81cb-2dd3-41ef-a517-2d8484c43158,828144.0,28698.0,9.0,63349.60787924269,13938376703.0,18196.27902996607,42891.47332528237,74778679.01286198,631869617.3610952
122,0.5,4377612,8362,0.1,1,90.0,3.0,05497292-2ff0-45a4-8568-1c20dc22a244,828144.0,5890.0,9.0,17664.917825121312,13936357375.0,13041.492514188034,35859.20945094017,1721053.5964664957,631363095.2427473
123,0.5,4395392,8362,0.3,1,90.0,3.0,a26e6d71-2ce2-4de6-820c-27a5a269e659,828144.0,6249.0,22.0,12478.155230772109,9355042815.0,19691.28490966184,116832.2839359098,2352102.749940418,639039083.5274106
124,0.5,4395420,8362,0.3,1,90.0,5.0,76a36c7f-5a32-4eca-a997-22d315c916b8,828144.0,6196.0,22.0,12381.92292450136,9355022335.0,19617.04407544716,116884.8051209756,2342841.781286829,639822911.6716162
125,0.3,4393576,8362,0.1,1,90.0,3.0,c25639d8-8a1a-42b8-8b50-b1becc06d749,828144.0,5308.0,39.0,15790.289746239543,13988941823.0,14447.204130743296,54153.71194590475,1681318.345797744,474114401.1062294
126,0.3,4393116,8362,0.1,1,90.0,5.0,89c60641-9ee0-4ea4-be3c-4db0bbe4bed5,828144.0,5490.0,40.0,16078.763814179056,13988941823.0,15189.158997955488,54959.32545484284,4711713.614394544,474251510.9090072
127,0.3,4404748,8362,0.3,1,90.0,5.0,149339de-73d3-4de8-a89c-98209e9854d7,828144.0,7109.0,62.0,14176.006493697194,9350856703.0,18543.16618079096,52153.04372768362,2143326.4383446327,635334516.0982306
128,0.3,4404948,8362,0.3,1,90.0,3.0,d73df3aa-332e-45b4-99c2-3e10a3e373cf,828144.0,7214.0,59.0,14325.002734431964,9350856703.0,20334.639524742684,54655.406645128256,18108371.64072701,636648217.886825
129,0.5,4394580,8362,0.1,1,90.0,3.0,8eec8e9d-5db9-45be-9b42-350e2192999b,828144.0,4916.0,18.0,9777.17197744792,9327894527.0,26944.163320164607,79677.3567261317,2285567.302050412,600153229.832519
130,0.5,4394504,8362,0.1,1,90.0,5.0,46371c21-b792-4d0c-8d46-85c1cffaf8ff,828144.0,6480.0,19.0,11380.867546136327,9328037887.0,30440.09865474508,83609.9302914824,75679264.18585931,600486238.4451454
131,0.5,4435280,8362,0.3,1,90.0,5.0,f4f3978b-41e7-4352-884b-07b0f5749893,828144.0,6350.0,35.0,12597.061609478673,9427353599.0,14778.377623333334,51495.32615714285,1865274.455749524,635523742.0527582
132,0.5,4435220,8362,0.3,1,90.0,3.0,153143b4-0342-4f67-8133-ee8216f257d1,828144.0,7475.0,60.0,13847.992551976304,9427079167.0,7975.790361230937,7595.103830028778,11620241.95741267,4359583.125351543
133,0.3,4397004,8362,0.1,1,90.0,3.0,e39213f8-99aa-4f15-ba1e-aaf907497469,828144.0,8661.0,50.0,14149.901966598844,9358098431.0,10986.64575305564,16610.548172590454,1143911.5243334752,168396778.0626813
134,0.3,4396648,8362,0.1,1,90.0,5.0,e062f5b0-c906-4a76-b15f-aa0cd0b93fd0,828144.0,5551.0,48.0,10993.80759372914,9357012991.0,9831.251325274725,15592.666117765566,1000694.4285692308,168565235.25383848
135,0.3,4375360,8362,0.3,1,90.0,5.0,0ea567f6-c17b-4091-828e-a596f02b76b2,828144.0,6940.0,6.0,20554.435900031807,13938151423.0,21896.77612612613,58983.96175088132,2615639.1190755973,789372903.514904
136,0.3,4375640,8362,0.3,1,90.0,3.0,72b65605-e5a5-42f2-a7a7-ca6737cbf3be,828144.0,6668.0,6.0,20003.6739898716,13938139135.0,21776.864389140275,58891.31915987934,2600435.170985973,789853101.4460397
137,0.5,4390432,8362,0.1,1,90.0,5.0,7fd93eee-2bfa-4d7f-8d48-eda387f5143e,828144.0,7029.0,22.0,21011.275206263854,13986918399.0,7332.235270114943,10597.034421982758,868305.2245875001,122304674.25403015
138,0.5,4390652,8362,0.1,1,90.0,3.0,bb2db82b-46f0-43de-aa45-3a2781479284,828144.0,8644.0,26.0,22670.3454340602,13987467263.0,7960.126967497525,11150.09567734926,945798.3137271488,122318847.41244029
139,0.5,4387352,8362,0.3,1,90.0,5.0,de40279a-e02b-4c6a-8618-ca3a02f446b6,828144.0,7492.0,37.0,22360.35500563327,13965651967.0,8260.799231178986,14116.27888541313,976950.2718233684,242637492.92276508
140,0.5,4387528,8362,0.3,1,90.0,3.0,99de8eda-0ad3-403e-9f5b-e2fb0cf3335d,828144.0,7476.0,37.0,22331.798718788603,13965651967.0,8263.73778731444,14131.487068556004,977301.4125095817,243086228.33888948
141,0.3,4364268,8362,0.1,1,90.0,3.0,568e1f92-8ebb-419f-aabe-acfd49e37f63,828144.0,5635.0,54.0,16721.8240589647,13911937023.0,20683.84977513514,121005.83940432432,2346066.030064865,636410207.8090558
142,0.3,4364020,8362,0.1,1,90.0,5.0,09a7321a-b1b3-4b85-8773-973d2b8a4a61,828144.0,7133.0,73.0,18432.67686515576,13912264703.0,21426.396601758832,121394.13623341412,2439430.7174786823,635277641.5304179
143,0.3,4373200,8362,0.3,1,90.0,5.0,65917bea-ceec-4849-be20-f536ca891377,828144.0,6135.0,22.0,12198.916848477333,9284669439.0,16451.1241453202,39334.72322364531,1568021.6488067324,452001664.2196391
144,0.3,4373240,8362,0.3,1,90.0,3.0,ac0a1b51-3f81-415e-873e-1b9ca703d15d,828144.0,6184.0,20.0,12298.66091449246,9284669439.0,16821.794733333336,39815.29996029412,1954309.761377778,453830470.5247264
145,0.5,4403896,8362,0.1,1,90.0,5.0,cbf80711-3bf6-4f46-a85a-41eec7f6e303,828144.0,7005.0,31.0,27606.508714599844,18683981823.0,6140.39829587505,6104.308393782379,796241.1867139011,4000895.231148224
146,0.5,4403928,8362,0.1,1,90.0,3.0,16c392e0-337c-4447-955b-8991a4f33733,828144.0,6827.0,31.0,27153.43279115377,18683981823.0,6007.715592852836,5977.844076593904,778952.1420650003,3956697.700628278
147,0.5,4404676,8362,0.3,1,90.0,5.0,18298b20-c663-41da-ba23-1d977db7a9a0,828144.0,4923.0,49.0,9745.640373163387,9364246527.0,11206.170730646932,62439.36246004141,1392489.275131884,319137917.3562793
148,0.5,4404488,8362,0.3,1,90.0,3.0,6381168b-01b4-40d7-832c-f5d9d29fe3ab,828144.0,5490.0,47.0,10390.030786203946,9364275199.0,11589.506219512195,62871.11797531166,1439686.6422004695,319874794.00071084
149,0.3,4412744,8362,0.1,1,90.0,3.0,b4665fc6-269f-4a90-9661-5831a613e1f9,828144.0,6702.0,7.0,20065.56656792108,14053797887.0,25326.24655375376,49640.93509324325,2815452.008897297,792565030.6118098
150,0.3,4412796,8362,0.1,1,90.0,5.0,8c121b1a-e10b-4629-b17b-51db08c21a42,828144.0,7609.0,8.0,21918.706775528422,14054055935.0,25645.33411393456,49898.07020013287,2857572.157689753,791970500.7377344
151,0.3,4400756,8362,0.3,1,90.0,3.0,4e935bc2-6357-46c2-8003-5932fd769a40,828144.0,5548.0,23.0,22061.240223802663,18682548223.0,18473.56907723133,109572.93073224043,2160357.2088956283,638904582.454568
152,0.3,4400720,8362,0.3,1,90.0,5.0,81de3eb5-e458-453f-b3cc-07d779f8f9b9,828144.0,7232.0,26.0,25517.99589460741,18682863615.0,21104.87486433311,112434.34506763206,43951645.08835454,637492234.3003948
153,0.5,4393324,8362,0.1,1,90.0,3.0,a8adb46f-ac6c-4063-b19e-57b26fcabf7d,828144.0,6373.0,50.0,25250.06352165923,18647412735.0,16667.929951703907,43195.53034619724,2094872.8819878127,634294854.1184523
154,0.5,4393348,8362,0.1,1,90.0,5.0,49c4d915-f224-413d-add6-f829a417a8df,828144.0,6299.0,51.0,25022.30980343762,18647257087.0,16625.7335875,43215.665564102565,2089096.4728259617,635600280.8465276
155,0.5,4381312,8362,0.3,1,90.0,5.0,3dd1f5db-e793-42c6-8120-938faba7946f,828144.0,5428.0,53.0,16081.130062164884,13950959615.0,16646.640315175864,79571.1911009583,1764627.9600476052,556808117.5390667
156,0.5,4381260,8362,0.3,1,90.0,3.0,fbcc8528-f687-429c-80cd-81f304a529ff,828144.0,7701.0,52.0,20719.7090694694,13950959615.0,19938.186351267384,83817.97836765999,42771695.7483436,558564239.9608687
157,0.3,536120,4285,0.1,1,90.0,5.0,900d31c5-969a-4d91-85e8-be61338e5359,359488.0,707.0,55.0,1395.6293392327907,1336360959.0,10195.088652173912,25620.051179710143,1508329.577,206734436.3560435
158,0.3,528496,4285,0.1,1,90.0,3.0,4c774de5-fc24-409f-bcae-f88aea859c07,359488.0,721.0,56.0,1424.812752186339,1336360959.0,10346.269139130436,26000.214304347825,1528634.8713739128,209211215.5323913
159,0.3,537276,4285,0.3,1,90.0,3.0,96980ac1-24cd-4dcc-a962-39cf737fdbcb,359488.0,649.0,58.0,1923.443884349565,2014339071.0,4974.211192063492,13227.71098095238,688243.0564841271,61079192.9247873
160,0.3,529808,4285,0.3,1,90.0,5.0,1dd14843-4304-41d3-acca-35018df391ce,359488.0,784.0,56.0,2108.8175345521063,2014490623.0,5852.515212121211,14063.098484848484,2087810.7469090903,61164863.650121205
161,0.5,529344,4285,0.1,1,90.0,3.0,5b6473dc-fe6c-4294-b337-3746b671be88,359488.0,521.0,4.0,1538.2378937184176,2002882559.0,2289.2291666666665,1875.6854166666667,301588.5333333333,735502.2979166666
162,0.5,536836,4285,0.1,1,90.0,5.0,2ca25b7b-acca-4bc2-9701-b8886e460c29,359488.0,837.0,7.0,2188.429900839851,2004426751.0,2959.7094129713423,2457.172226244344,390999.3906126696,958232.2081146304
163,0.5,537876,4285,0.3,1,90.0,5.0,72430623-aa2e-420a-ba3b-c2db403df310,359488.0,622.0,8.0,2398.060415039683,2687238143.0,5184.765309561404,13178.281100964914,688814.6276876315,60715817.870361045
164,0.5,537976,4285,0.3,1,90.0,3.0,8709f76a-ccdb-496e-a76e-096e5d215814,359488.0,834.0,9.0,2892.927889820584,2688368639.0,5629.889377289377,13607.766666666666,747850.9344322344,61136401.44761904
165,0.3,3440820,15022,0.1,1,90.0,5.0,4a87225e-20d8-4779-b1bc-427a60f40d77,1369900.0,17513.0,56.0,41125.24124955588,11101786111.0,20981.06819401699,38286.73677830203,100566202.62507452,327155826.1452315
166,0.3,3442920,15022,0.3,1,90.0,5.0,9cf6e825-5c88-4a6c-b03f-a849c6b71cc9,1369900.0,11975.0,46.0,23884.7663003974,7379709951.0,29344.75259974812,88534.56566246852,3519242.3378942064,475078666.9675921
167,0.3,3442716,15022,0.3,1,90.0,3.0,c326864d-b238-4772-8e85-ee5596a76358,1369900.0,12522.0,64.0,24527.084675973627,7379677183.0,24087.878456162107,49396.40859741313,2713473.478812369,239172575.35445923
168,0.5,3444824,15022,0.1,1,90.0,3.0,fac4abe8-d466-4ac8-9314-38eafca46435,1369900.0,9692.0,40.0,19319.41018354635,7374626815.0,35670.53910414924,140515.88390811527,5281520.568057358,1178492009.3131142
169,0.5,3444816,15022,0.1,1,90.0,5.0,c6ec8309-f977-4d40-ae86-c448ce74478e,1369900.0,12687.0,41.0,22372.6536456056,7374876671.0,36991.65220208703,141558.98659385808,5445555.565673413,1178564334.5210073
170,0.5,3440972,15022,0.3,1,90.0,3.0,1642fbfb-5c14-4a7c-8b05-9dfbb45a5470,1369900.0,9911.0,34.0,29610.145077507368,11026268159.0,15757.206172357724,50228.51367449187,1886261.904243496,254700591.12341663
171,0.5,3440840,15022,0.3,1,90.0,5.0,d8a4b820-1f05-47bf-9f6f-f033a2c81bc1,1369900.0,10355.0,34.0,30574.861603462858,11026268159.0,17681.76460380776,52360.17574541921,46694089.41158162,255435318.20785525
172,0.3,3436376,15022,0.1,1,90.0,5.0,837cd40c-1482-4f46-976f-380daa61bc13,1369900.0,10283.0,52.0,30676.0620955456,11017330687.0,24985.83771411765,93451.93363490196,3098969.667859216,475548698.9739859
173,0.3,3436520,15022,0.1,1,90.0,3.0,c3775b14-ecff-46ce-8a96-ca06720d1765,1369900.0,12962.0,52.0,36113.5548654673,11018239999.0,26584.70423028341,94850.09054941758,3923822.837543148,475880238.8212333
174,0.3,3441156,15022,0.3,1,90.0,5.0,9a9fc80e-de1f-46cc-b1a1-9b58bffb0353,1369900.0,10200.0,47.0,40599.96853777114,14704652287.0,28233.309567455624,93158.52489684416,3262109.223277712,474883254.0312257
175,0.3,3441216,15022,0.3,1,90.0,3.0,67f3ea21-6490-419b-bea5-4f01fd8b6acf,1369900.0,12310.0,46.0,44968.55671691407,14704877567.0,30211.52873366013,95321.77177107843,18615160.681944445,476410331.13419855
176,0.5,3449760,15022,0.1,1,90.0,3.0,4da5ae48-c1bb-4332-ab33-b050fb719ab3,1369900.0,18218.0,45.0,32248.293878774537,7389818879.0,56873.93941753762,188803.08129732427,6716510.044718297,1185681242.4562144
177,0.5,3449744,15022,0.1,1,90.0,5.0,ce8a2cc2-d60b-474a-ab99-af225a4e91d7,1369900.0,14043.0,36.0,28036.066788145567,7388950527.0,54804.44200765379,186877.6685716738,6484283.027948712,1185207476.1260943
178,0.5,3443660,15022,0.3,1,90.0,5.0,6f537bf7-78c8-47b4-97d0-aa7e4aa7923b,1369900.0,11883.0,27.0,35606.13152625621,11044397055.0,10802.67752673435,10203.337334856174,1373825.6734235194,11259432.82066895
179,0.5,3444040,15022,0.3,1,90.0,3.0,8cddc2d8-362f-4c91-9c8f-f8b2e597b921,1369900.0,13411.0,27.0,38675.69575274535,11044651007.0,11437.30467743422,10817.918370655669,1454981.7850510408,11468193.101105811
180,0.3,3449172,15022,0.1,1,90.0,3.0,83195a75-d2cb-47d3-af4e-7c1f80678f96,1369900.0,18240.0,49.0,31903.2032393717,7386001407.0,21416.202268004723,59146.90654006599,2261028.3318472654,219380351.94678453
181,0.3,3449060,15022,0.1,1,90.0,5.0,7dd7d7a5-58ab-4b4c-86de-eaaedfa8354c,1369900.0,13656.0,46.0,27245.211658034183,7384952831.0,19197.080147272853,57038.6238426664,2012387.8776967963,218697016.7466628
182,0.3,3442492,15022,0.3,1,90.0,5.0,bb7390ee-ff72-45aa-aa71-f777a3f8fb36,1369900.0,14722.0,15.0,42033.10435145615,11043078143.0,21728.056479497645,38874.39596985871,3012247.060711408,472180455.2424997
183,0.3,3442524,15022,0.3,1,90.0,3.0,bd56df74-d71a-467b-b419-5fae529fb729,1369900.0,13668.0,12.0,40948.94886679351,11042844671.0,21332.01697570315,38532.005552373215,2963259.629810912,472248955.1063491
184,0.5,3445636,15022,0.1,1,90.0,3.0,37f94788-21f8-4e24-9193-f0f8acf34d18,1369900.0,17866.0,37.0,31713.02207696044,7380008959.0,53259.451097689845,155691.10881851267,43075337.84923302,831860129.4418029
185,0.5,3445588,15022,0.1,1,90.0,5.0,cf212842-ce6b-4dd1-8d45-313189ec48d8,1369900.0,13830.0,34.0,27601.6348149764,7379193855.0,50514.6727221496,153719.81169854756,5454196.546235439,830959462.3556595
186,0.5,3439624,15022,0.3,1,90.0,3.0,f64e57c3-b044-4dcc-8faa-7cedff039fd7,1369900.0,8797.0,57.0,26379.351687267925,11020357631.0,17378.096118721463,30900.97305936073,2085265.5881278536,461932480.46015984
187,0.5,3439956,15022,0.3,1,90.0,5.0,b135c8d8-8c2b-47a2-ad6d-eafa475f32de,1369900.0,11867.0,57.0,32571.601721661973,11021488127.0,22238.84865458845,33716.59808642724,99374928.37834616,463098412.8508184
188,0.3,3448364,15022,0.1,1,90.0,3.0,28c26a97-3fcb-4e4c-b41f-4c334fe74c78,1369900.0,13833.0,24.0,27625.072325237,7387529216.0,26471.486323384168,59991.67814074074,2609484.710970806,330962847.4344363
189,0.3,3448344,15022,0.1,1,90.0,5.0,3c5a99d6-3fef-42cb-809e-0b658353206e,1369900.0,13929.0,24.0,27774.318998053484,7387529216.0,30058.694546187,62172.37297501824,101179991.73249382,332117403.14224386
190,0.3,3449976,15022,0.3,1,90.0,5.0,3a7c416b-8ac6-4f8d-8fb4-c2bbe94fa682,1369900.0,12998.0,44.0,25926.100640812147,7391326208.0,88554.91861438515,290503.3679596288,8789411.381577263,1193360598.5409918
191,0.3,3449972,15022,0.3,1,90.0,3.0,a43f8ebb-0e76-496f-a2fd-ec5eae0b171c,1369900.0,13491.0,44.0,26464.52562096028,7391608832.0,88744.28479017032,290565.3777271589,8813654.997877114,1192922639.8731756
192,0.5,3440448,15022,0.1,1,90.0,3.0,cd90f838-6459-437a-a187-bae62b7a55d0,1369900.0,13665.0,40.0,27266.8629188177,7374028799.0,55064.7335982301,244943.9142233825,6101562.684736834,1038387797.4221092
193,0.5,3440344,15022,0.1,1,90.0,5.0,0ab6d0ce-e0a7-44ab-9507-a3f10b65d67d,1369900.0,14004.0,40.0,27658.02544478771,7374028799.0,55235.92580333215,245109.8841557745,6122992.461235071,1038564864.2718028
194,0.5,3444700,15022,0.3,1,90.0,5.0,02ea1ae6-1fcc-4d80-9709-222823a575db,1369900.0,11001.0,14.0,21935.79263871532,7363690496.0,31289.02081029144,69479.09271402551,4327817.073829507,679492771.3322445
195,0.5,3444516,15022,0.3,1,90.0,3.0,9669f00b-ab8b-478a-a03b-451b4403e5d6,1369900.0,11202.0,13.0,22170.976552757988,7363690496.0,33177.51909829041,71803.34866778002,38014335.01049936,680992660.375048
196,0.3,3446056,15022,0.3,1,90.0,5.0,61c61c72-6596-4997-8ffc-a49fa2326144,1369900.0,11049.0,11.0,33097.54782192146,11042652159.0,19401.384603088103,36568.363786920985,2751222.416037329,473251507.5827929
197,0.3,3446200,15022,0.3,1,90.0,3.0,1ba6ed65-6268-4bfe-9e5d-4f2df969e6e9,1369900.0,13081.0,7.0,37202.0489473844,11042799615.0,22452.04389122512,40210.0648873937,68344390.7295748,474003216.1454469
198,0.5,3434284,15022,0.1,1,90.0,5.0,4ef43c5e-d8bc-49e4-bfd2-d79dfec562e3,1369900.0,13968.0,8.0,38306.80630577143,11004973055.0,28960.426419160416,56963.99537433949,3587556.0016700383,400293134.8974013
199,0.5,3434132,15022,0.1,1,90.0,3.0,29611e42-5e8d-4417-8c8f-b464c5e01fb8,1369900.0,10365.0,10.0,31052.29785162052,11004047359.0,27352.75726744185,55303.10465116279,2759062.568313953,399305000.9173419
200,0.5,3443376,15022,0.3,1,90.0,5.0,9a16833e-467b-45e3-88f7-139e7dfab6e2,1369900.0,13497.0,32.0,38371.253304991245,11032481791.0,20993.5860602796,41383.27800213816,101499448.68449695,333140102.6547492
201,0.5,3443440,15022,0.3,1,90.0,3.0,670e18fc-3ea5-4ba7-8a76-c9f246da8606,1369900.0,11398.0,35.0,34092.44780560157,11032297471.0,17167.960323314106,37179.6243315734,2180190.526186291,331730532.0552958
202,0.3,3452104,15022,0.1,1,90.0,5.0,d8946bf5-2954-41d9-937b-981ea1e983ca,1369900.0,13145.0,57.0,39437.62798549477,11060965375.0,18607.547292143405,39272.5701754386,1960893.094965675,409496165.32418
203,0.3,3442228,15022,0.3,1,90.0,3.0,911d2796-f081-4fb4-837c-ae2d458fc14a,1369900.0,14623.0,53.0,43730.907835848935,11030962175.0,31178.114988170742,64112.481435196816,3536681.2194605013,474366555.23326135
204,0.3,3442136,15022,0.3,1,90.0,5.0,df689937-1464-4176-b683-0d10bd905de1,1369900.0,15621.0,55.0,44940.6260845373,11030962175.0,31527.512094819147,64401.17768335334,3580350.330874301,474319863.5089798
205,0.5,3444964,15022,0.1,1,90.0,5.0,aff13907-678c-4719-bbc7-c027c57d3016,1369900.0,18601.0,42.0,74309.2889617641,14718132223.0,15117.736809369952,26400.095760581586,2533359.841617932,471425154.0667894
206,0.5,3444728,15022,0.1,1,90.0,3.0,fcecc571-6ee5-4d83-9458-f6b590ef1ad3,1369900.0,19086.0,43.0,75412.72077720147,14718132223.0,18416.82291746155,28487.819017018526,93035138.24855378,472477229.3887452
207,0.5,3441820,15022,0.3,1,90.0,5.0,433acb40-f7b0-46f2-8064-7040c19126de,1369900.0,17277.0,45.0,68948.5481662354,14708543487.0,20768.34368641115,34732.9387412892,2979126.873790069,472329815.6862346
208,0.5,3441808,15022,0.3,1,90.0,3.0,34c2e84c-dc42-425d-88e8-9b5a305e40fe,1369900.0,17487.0,45.0,69498.27734588023,14708543487.0,23581.3007881048,36758.04802640562,81293689.93634783,473342727.3758882
209,0.3,3446260,15022,0.1,1,90.0,5.0,bbcddb65-38e2-46a1-b3fe-9a8e06ac838d,1369900.0,18546.0,14.0,74190.91934966858,14726574079.0,15600.611035980552,26739.1055010805,2569051.8494381416,472265217.0233144
210,0.3,3446092,15022,0.1,1,90.0,3.0,af007e30-c94e-4d86-93b2-475bed630d08,1369900.0,18937.0,14.0,75059.85770028326,14726574079.0,15700.681638416296,26845.139684504546,2582324.722369485,472393140.0456815
211,0.3,3435672,15022,0.3,1,90.0,5.0,1480a4d1-77ef-4ace-b421-e80a1445f686,1369900.0,15938.0,40.0,47737.69801956877,11008733183.0,14215.417931253938,33362.90337794581,1691593.0581169503,239732488.42750704
212,0.3,3435828,15022,0.3,1,90.0,3.0,98790223-b4ce-4130-968b-dd28b0fd3d5e,1369900.0,17289.0,37.0,50490.07011941519,11008966655.0,15908.982076730514,35382.004922922366,31534732.86193456,240660658.32286263
213,0.5,3436808,15022,0.1,1,90.0,5.0,f012472e-3da1-45c6-84bf-c3ca8d5bfe26,1369900.0,14526.0,6.0,58130.85310103483,14691934207.0,13937.108146238788,30233.656262663902,1992514.006154037,298363847.03755695
214,0.5,3441124,15022,0.1,1,90.0,3.0,8e94c46c-27d4-40e2-a21e-fc21f4e8db6e,1369900.0,19102.0,6.0,67352.76867171738,14692208639.0,15084.649935684693,31439.536402355698,2145051.40082265,298781564.4301696
215,0.5,3444640,15022,0.3,1,90.0,5.0,ea2425aa-e901-41cf-926e-f9a68f066d17,1369900.0,14510.0,28.0,57954.8118955447,14712606719.0,16664.847028838176,36527.85275082988,2207393.519028216,362635365.4271093
216,0.5,3444644,15022,0.3,1,90.0,3.0,3c95cb30-883a-4b1d-b81d-4253c7fc22ce,1369900.0,14659.0,28.0,58363.314097908216,14712664063.0,16760.05015700979,36635.17813333205,2219839.885176347,363140280.5784735
217,0.3,3450448,15022,0.1,1,90.0,5.0,9f0ec3bf-8ec1-4af7-8775-41edeac88ebe,1369900.0,16594.0,55.0,49824.27253676062,11059150847.0,17695.867296520515,51913.80338246368,2218431.402048772,239690194.2474429
218,0.3,3450548,15022,0.1,1,90.0,3.0,a478bace-2fb4-4228-93f4-99313c9d2c5f,1369900.0,18928.0,52.0,54389.845675672914,11064057855.0,22357.76443782576,62626.09602613676,3033173.8165420154,474527800.5028578
219,0.3,3442064,15022,0.3,1,90.0,5.0,40b2c41a-927f-4af4-abaa-cec2657be9c3,1369900.0,12292.0,30.0,36800.97750412101,11029884927.0,19375.06373529412,33422.70402312091,2387417.786062581,335064588.3239207
220,0.3,3441932,15022,0.3,1,90.0,3.0,697cb8e5-b20e-4f30-8717-1943eb0abd25,1369900.0,14591.0,27.0,41465.22816134339,11030233087.0,22015.66511134348,36711.57154260902,39810033.99712303,336417928.08807456
221,0.5,3450388,15022,0.1,1,90.0,5.0,66cb70fd-b876-4b3b-963c-f22277609991,1369900.0,16413.0,52.0,49125.79400646953,11059134463.0,25286.026857859328,60029.76520954129,3155527.835858777,474351337.0032889
222,0.5,3450332,15022,0.1,1,90.0,3.0,1ed6147b-9a79-4e0f-8a80-5e9f9c5731dc,1369900.0,19196.0,49.0,54759.011590957474,11059687423.0,26047.51728523857,60839.63870000944,3256412.640592574,474673816.6710909
223,0.5,3443708,15022,0.3,1,90.0,3.0,2a4ebc86-e74c-479d-96b0-bfbb66863aac,1369900.0,10468.0,32.0,31325.30565848628,11041554431.0,30237.47355316285,69620.4007692537,3358718.8803458726,474399523.274473
224,0.5,3443908,15022,0.3,1,90.0,5.0,cb275415-745a-411a-b0fd-16f6f2c6af4d,1369900.0,15383.0,18.0,36333.52820465854,11042111487.0,31919.44813940492,70930.68299997944,3570304.314413561,474679875.0522424
225,0.3,3444488,15022,0.1,1,90.0,3.0,a874609f-1243-4112-9474-c74573d68dbb,1369900.0,11532.0,36.0,45407.41665742098,14716035071.0,20668.49438882136,39563.82577378643,2903688.3132206183,474215086.1318365
226,0.3,3444448,15022,0.1,1,90.0,5.0,6838b88b-0f9b-4fb8-b03b-c370d5cf503e,1369900.0,11206.0,36.0,44678.62192622029,14715903999.0,20526.65442839174,39443.36758292902,2884900.238266846,474550258.9762135
227,0.3,3446960,15022,0.3,1,90.0,5.0,b61c4f58-2190-4df8-a7bc-9aa4b72ac526,1369900.0,13382.0,57.0,53557.269189508406,14720741375.0,10546.22127340824,10958.206441947565,1363982.655730337,11463707.844344568
228,0.3,3446664,15022,0.3,1,90.0,3.0,878db29d-3c1b-404f-b4ae-3c4578f10ea1,1369900.0,14653.0,56.0,56096.05141876167,14720860159.0,11021.482233652492,11436.846384036176,1425605.5076304504,11632396.30669566
229,0.5,3448516,15022,0.1,1,90.0,5.0,5027be94-a24f-421b-acce-12aaa37530a9,1369900.0,13345.0,25.0,39970.62999453496,11053543423.0,22024.0426465235,38823.21301271837,2675594.963841156,472981956.7145169
230,0.5,3448352,15022,0.1,1,90.0,3.0,dcbeff7c-2e28-4541-befd-e1216d0e0a26,1369900.0,15708.0,22.0,44768.61486875394,11053551615.0,26424.868284926888,44104.60747389471,101463204.24544676,474789323.8487397
231,0.5,3446760,15022,0.3,1,90.0,5.0,703061d4-fcc0-40f8-9209-76643514dcbb,1369900.0,15359.0,45.0,45985.27784540773,11047751679.0,20921.096209346404,56329.710167843135,2493040.695413594,454547424.489822
232,0.5,3446832,15022,0.3,1,90.0,3.0,1a5d41d3-ee37-4e21-8a28-ef1f6ee2b426,1369900.0,17550.0,42.0,50433.566853878496,11047845887.0,21553.429505998072,57011.80301393117,2576732.2180609186,454986492.6204743
233,0.3,3434904,15022,0.1,1,90.0,5.0,8f0697a8-97c9-4919-8372-154c65658ebf,1369900.0,18589.0,22.0,67685.896228594,14679302143.0,17484.58600334752,39127.98910460464,2730192.0877219057,471612057.964939
234,0.3,3435032,15022,0.1,1,90.0,3.0,f3f3271a-e284-4505-bab8-c3112311b73a,1369900.0,15228.0,21.0,60854.9657630415,14679203839.0,16623.753754038713,38218.75118648695,2615653.7970561264,471552380.3469018
235,0.5,3442256,15022,0.1,1,90.0,5.0,f5893c49-83d3-41ce-89f0-ee9bf4c4de1c,1369900.0,11173.0,10.0,33486.08778507892,11032371199.0,64054.93963961322,80313.76636262306,6351029.843085162,824743577.8209536
236,0.5,3442168,15022,0.1,1,90.0,3.0,6cc742f0-287c-4bad-bc34-43d08c79ad35,1369900.0,11696.0,13.0,34040.21852711025,11032412159.0,64317.00284292714,80515.20503461822,6383008.714797059,824877740.6578434
237,0.5,3444332,15022,0.3,1,90.0,3.0,67a516df-1bdd-4d90-825a-72e94bb10186,1369900.0,12645.0,35.0,37854.27805349174,11036360703.0,16275.20351775486,26494.387118740768,2083430.284533304,237586351.0834988
238,0.5,3444520,15022,0.3,1,90.0,5.0,c8ae5409-2207-45df-be4a-dae7d5c13c92,1369900.0,17255.0,32.0,47140.30795871889,11036999679.0,19036.913446496223,29695.77782614989,28499440.82296806,239074987.78271583
239,0.3,11152376,18801,0.1,1,90.0,5.0,ec19b88f-bacb-4712-b9b8-b9c51e24e573,1854216.0,36652.0,56.0,109968.04961333783,34935214079.0,38849.31951951952,153494.07835369918,3793978.298498498,1286651585.676288
240,0.3,11150260,18801,0.1,1,90.0,3.0,3cf2bb82-1e67-475f-b348-08e586eba8b3,1854216.0,43913.0,53.0,124412.51379214466,34935660543.0,48389.341252300525,165971.99307805783,418236945.7057003,1288357783.421026
241,0.3,11134876,18801,0.3,1,90.0,3.0,10c8a64c-8d14-46cb-abb6-24f579980adf,1854216.0,44490.0,24.0,177908.53951817262,46515224575.0,30006.867383282257,74003.83940102762,3510188.7382689747,1307303471.4077086
242,0.3,11134940,18801,0.3,1,90.0,5.0,67784aac-d4e7-4511-be12-1980febdeb57,1854216.0,49458.0,25.0,187973.1965022421,46515482623.0,37943.33981235835,80034.98536330611,232316622.3032659,1308706266.6221466
243,0.5,11120192,18801,0.1,1,90.0,3.0,9731c89a-f74f-497d-9ae5-e90c1ce7b197,1854216.0,34627.0,36.0,103754.6038234472,34845007871.0,40446.594254282405,96649.21272416088,4163321.312361863,1307125231.3863935
244,0.5,11120848,18801,0.1,1,90.0,5.0,a64b0d24-bbcf-4265-9846-d4a36cc6ebc3,1854216.0,36978.0,40.0,106265.00174256944,34845401087.0,53439.94197035176,105227.48261176464,418251649.4960425,1307935981.2334802
245,0.5,11071168,18801,0.3,1,90.0,5.0,2b5dc4f2-5d4c-4489-bee5-371866db7954,1854216.0,37122.0,53.0,74110.58984206046,23130787839.0,58476.02540423751,170681.8107307962,5285143.517248232,1310140310.205104
246,0.5,11070692,18801,0.3,1,90.0,3.0,a388b602-039c-43c8-a867-bbfc42a23a1f,1854216.0,37517.0,54.0,74592.63705913429,23130787839.0,71280.38640180705,187899.6278687765,416405674.1821233,1312471694.2784655
247,0.3,11143584,18801,0.1,1,90.0,3.0,71ef82ce-e9a0-42ad-acda-5e39f299d3c3,1854216.0,37045.0,30.0,74038.53911643676,23308468223.0,44913.98519816315,170389.3180588871,4387787.369040761,1314900496.4466238
248,0.3,11145320,18801,0.1,1,90.0,5.0,e3acc8fc-c341-46df-a070-2bd7e67c214f,1854216.0,46540.0,12.0,83599.39626782287,23313481727.0,52442.52302085604,179054.17942707008,247180387.9361269,1316610802.404227
249,0.3,11103244,18801,0.3,1,90.0,3.0,9f6c0a2d-b2ee-40a7-87b5-eb28a3d6a294,1854216.0,30641.0,35.0,91869.0661762794,34792833023.0,58511.65334565359,163744.47910264705,5282930.310428529,1310470395.8440664
250,0.3,11103428,18801,0.3,1,90.0,5.0,831d4238-1f1a-4b2c-9103-027cf652601c,1854216.0,43128.0,20.0,116913.2164178107,34794864639.0,70340.02472065679,177345.46849397972,416191339.49142456,1312782540.044591
251,0.5,11121036,18801,0.1,1,90.0,3.0,6734ece3-d1ab-411d-b7a9-b488ee8dc223,1854216.0,32659.0,55.0,65290.15699379056,23234289663.0,64883.59698551396,376669.3919586862,5381740.987798706,2021494530.5814152
252,0.5,11122072,18801,0.1,1,90.0,5.0,6b6fb9de-6bd6-4d0c-a24a-a8148936d8b8,1854216.0,35825.0,55.0,68504.04595732379,23234834431.0,74956.28302751645,390748.8676095793,421087867.4264863,2023654729.2727745
253,0.5,11113044,18801,0.3,1,90.0,5.0,a4f82ffb-a654-44f2-bb9f-b8060ff694c3,1854216.0,29544.0,13.0,59018.41812890493,23219019775.0,47139.585033480966,229508.5530993557,4445271.080468478,1314666272.8523304
254,0.3,11145116,18801,0.3,1,90.0,5.0,25d3028d-f422-4dfe-b247-b8ee6e312067,1854216.0,39700.0,36.0,79303.7482917581,23283499007.0,50014.237380974,247955.0083747161,4709822.864505425,1320250888.8965592
255,0.3,11145232,18801,0.3,1,90.0,3.0,326d3ea6-48f9-4d99-9458-522bb7101a2a,1854216.0,40470.0,35.0,80139.15712006751,23283687423.0,55540.42969757636,254779.90481771552,220710790.18949947,1320913573.0474606
256,0.5,11089332,18801,0.1,1,90.0,3.0,871d6a9c-ed90-4d18-9128-9c9bf75f1261,1854216.0,51936.0,46.0,87939.59635806468,23169568767.0,82221.43506732563,410724.915839588,422561834.00192446,2159731793.313739
257,0.5,11090280,18801,0.1,1,90.0,5.0,1de86323-da09-4034-8d35-6647a094b2a1,1854216.0,36031.0,46.0,71941.70693620146,23168536575.0,70511.56463861551,396100.2702321935,6580786.988740979,2157299307.128456
258,0.5,11163520,18801,0.3,1,90.0,3.0,10877f2a-596b-4d67-9241-a02ec8e22749,1854216.0,49387.0,54.0,132881.10319357412,34981105664.0,49701.59536489183,102813.03111973894,324527407.7817468,1312073957.3944683
259,0.5,11163332,18801,0.3,1,90.0,5.0,45d299ad-40c1-41fe-83b7-d6f9ae5536e1,1854216.0,34142.0,57.0,102445.09216627105,34973892608.0,28635.481424215766,60074.67745866316,2912489.48182574,657556770.2943373
260,0.3,11093068,18801,0.1,1,90.0,5.0,2766feb3-f539-47a5-828b-93e860f6f3e6,1854216.0,38467.0,13.0,76887.50039790406,23173185535.0,55476.36164454853,246372.9781160552,4917322.793858964,1315023599.3947031
261,0.3,11091952,18801,0.1,1,90.0,3.0,009fbe9b-0f7a-410d-9a39-44a7cfecf207,1854216.0,52240.0,13.0,90710.28188949624,23174209535.0,65933.5930396834,259906.6203069763,418604461.4283854,1317300240.4344854
262,0.3,11155100,18801,0.3,1,90.0,3.0,3b74ab56-2bfa-4e6f-8c98-8a45b3b4f9ad,1854216.0,51604.0,25.0,136585.8141333962,34954547199.0,52021.62397653148,151445.6067553995,182219990.9994076,1316655114.3444138
263,0.3,11155404,18801,0.3,1,90.0,5.0,063c9bd0-5be9-4f67-8a6f-387874b44eda,1854216.0,42455.0,22.0,127313.25750879689,34953953279.0,45063.94048887317,146256.02156544087,4463346.79071075,1315512983.5013542
264,0.5,11157084,18801,0.1,1,90.0,3.0,5405a476-5975-4c4d-9563-e5227c79411e,1854216.0,52352.0,33.0,140714.35955533528,34970107903.0,36517.10299415204,125226.59693901228,299725709.04492486,964987253.918659
265,0.5,11158920,18801,0.1,1,90.0,5.0,b05f81c0-5961-4557-990a-29dd02fb0fc3,1854216.0,35961.0,33.0,107829.67499781052,34967494655.0,25794.307954396303,115579.3937306326,2586319.240308943,963109787.4526584
266,0.5,11166612,18801,0.3,1,90.0,5.0,a80aa967-2a0b-4c8f-a5b4-5e758710ebea,1854216.0,37171.0,47.0,72512.31024923293,23309996032.0,49281.46340738943,187142.233863584,350889660.2978766,1316199370.046739
267,0.5,11149256,18801,0.3,1,90.0,3.0,e36e2e38-127f-4ceb-b6f4-34825fd63a26,1854216.0,35365.0,45.0,70611.14608640873,23309914112.0,40474.8953758991,176303.21128938085,4182859.162241562,1314656678.964939
268,0.3,11076592,18801,0.1,1,90.0,3.0,a532f344-b79d-46be-b8f1-856c759f878d,1854216.0,39061.0,58.0,117174.58966587116,34709929983.0,62006.723793697165,172569.3499474763,6057036.176873534,2281364489.669664
269,0.3,11078224,18801,0.1,1,90.0,5.0,d2490e13-3390-4ad2-9894-957a0d5a1030,1854216.0,41197.0,55.0,121506.13953360764,34711371775.0,71132.84897310311,185029.7235068844,287062516.4869716,2282811537.412852
270,0.3,11137352,18801,0.3,1,90.0,5.0,c426a7a7-9118-4113-9e78-225a6c147e75,1854216.0,33852.0,15.0,67686.77707593053,23280783359.0,55556.77954285714,347029.6616102041,5645131.297212837,2297478296.886231
271,0.3,11137604,18801,0.3,1,90.0,3.0,f5907592-1f08-4448-aeb9-67a11cfebef7,1854216.0,35680.0,12.0,69587.88039353401,23280783359.0,63659.17168638202,357636.50071710214,247372261.2260064,2298502611.5772567
272,0.5,11119256,18801,0.1,1,90.0,5.0,d813ba46-c731-45ee-997d-0e247ed705a9,1854216.0,36450.0,25.0,72857.28312894606,23227092991.0,44201.329787510826,232821.3736438321,4548944.01281531,1317084309.6846097
273,0.5,11101184,18801,0.1,1,90.0,3.0,d6b46389-71d0-4947-bedc-ee0fa38d7580,1854216.0,37632.0,28.0,74107.32670118856,23227092991.0,50030.13395923906,239688.93240590283,234014600.4012544,1318063071.7430067
274,0.5,11112032,18801,0.3,1,90.0,3.0,ca83aa3e-0c8e-477d-8e4c-b8ab49626752,1854216.0,35807.0,34.0,107329.13804229654,34816327679.0,34343.5729376044,154889.78551682804,3414427.4115006137,1256340996.1834197
275,0.5,11112292,18801,0.3,1,90.0,5.0,d9b1cfad-1ead-4ac6-87a3-7f21f18e14b8,1854216.0,41229.0,32.0,118256.6605381394,34816557055.0,39305.209574436805,161451.8332738205,178404476.52914387,1257528703.150957
276,0.3,11120480,18801,0.1,1,90.0,3.0,a2fb20ee-3343-41d7-8d6f-bc892736b197,1854216.0,36161.0,44.0,108361.64656632584,34847186943.0,41913.4132974231,89700.23171970075,4258901.140130174,1307527963.5216007
277,0.3,11122672,18801,0.1,1,90.0,5.0,794282d9-d4b1-4f0f-af07-22073de3db83,1854216.0,49173.0,42.0,134504.24141309335,34851667967.0,53261.20549214257,105164.71984135556,312849827.448979,1309139199.7223833
278,0.5,11072880,18801,0.1,1,90.0,5.0,f2167ecf-d70c-4f00-85f2-1adf9fdc54c6,1854216.0,50890.0,1333.0,142625.2933937282,80056619007.0,41450.82165895017,79934.44748676474,416544636.503084,657021582.085209
279,0.5,11072724,18801,0.1,1,90.0,3.0,43e14886-a7df-422c-9ff1-0e5b94b482b8,1854216.0,40708.0,1334.0,122184.08839418234,80054951935.0,27405.38480009833,61507.32751428221,2878639.086490462,654514585.1774198
280,0.5,11123700,18801,0.3,1,90.0,5.0,485cee6c-270a-4fc7-97ae-bbb2b6b3797a,1854216.0,36328.0,1095.0,72728.63954458991,69474312192.0,56059.8540181638,158796.2835015863,4791441.169916328,1193277270.33214
281,0.5,11123532,18801,0.3,1,90.0,3.0,6ff1e47d-9406-4d0f-aad9-e9b237cd76f5,1854216.0,51864.0,1094.0,88327.79176801334,69475287040.0,71232.23503351789,178424.1525436415,417775014.81189954,1195898674.4963057
282,0.3,11130640,18801,0.1,1,90.0,5.0,41797ea6-a3d0-464d-8da6-d7b7a7a81f97,1854216.0,32877.0,850.0,98619.2706806028,80703123455.0,28793.86699936073,102249.87012091324,3343352.8866631966,1309813504.561448
283,0.3,11129568,18801,0.1,1,90.0,3.0,76469b44-4243-4f24-9961-145c7bb25b83,1854216.0,52972.0,856.0,118782.31650058576,80707993599.0,32890.32188872921,106470.9277397068,3802544.59740302,1310985340.5249555
284,0.5,11057612,18801,0.1,1,90.0,3.0,8439389b-3fa4-4e2a-947f-fc24414b4530,1854216.0,46030.0,386.0,167516.648591677,46200774655.0,68527.87816612433,174797.2912790525,391204625.7475095,1311925524.1555903
285,0.5,11058428,18801,0.1,1,90.0,5.0,38faed07-cdd9-4cd9-b966-775c0cd3c59d,1854216.0,37721.0,388.0,150742.11520935706,46200135679.0,57938.20921110386,162513.93454999407,5231573.067099903,1310156642.9391725
286,0.5,11091404,18801,0.3,1,90.0,5.0,a0004059-022f-436b-aef9-d872d6746aed,1854216.0,25717.0,44.0,51345.775956648016,23197564927.0,168340.97317052633,468338.0478169201,12874453.83421185,2302024577.6438828
287,0.5,11091552,18801,0.3,1,90.0,3.0,24dacdd7-fe94-42ca-b754-f8cf0450ae16,1854216.0,40224.0,41.0,65955.26573896245,23204028415.0,180757.91652973648,482081.3379979392,424029383.5613696,2304480540.110156
288,0.3,11068032,18801,0.1,1,90.0,5.0,86095dbf-d603-4174-8168-aa484097e0c2,1854216.0,29928.0,53.0,59750.61942921045,23136255999.0,46793.94536974874,128725.01242425464,4157312.964236684,659102654.9519079
289,0.3,11067320,18801,0.1,1,90.0,3.0,6340af60-fd9f-4c1a-ae13-44d36a256730,1854216.0,38151.0,51.0,68063.17681906674,23138193407.0,52647.5179474473,135319.95191157487,181191399.6709233,660280895.5133752
290,0.3,11078492,18801,0.3,1,90.0,3.0,dbc39c98-1d03-4b65-a536-0594903dae30,1854216.0,47845.0,5.0,176257.72975272877,46281932799.0,37103.87175436157,78361.50070919894,192815532.2828321,1192551618.670693
291,0.3,11078420,18801,0.3,1,90.0,5.0,ff498fb6-9dfa-4776-a11b-ad588c64ac2b,1854216.0,40225.0,5.0,160920.6494698834,46281064447.0,29973.212419530428,72888.86725938907,3275111.1213579364,1191287319.755128
292,0.5,11114740,18801,0.1,1,90.0,5.0,d0fafca8-c069-426f-bf8f-86643ece6f6f,1854216.0,29479.0,20.0,58892.312702710304,23216082943.0,56626.20530343187,191760.55837553515,4779134.236691539,1011130746.6552714
293,0.5,11136836,18801,0.3,1,90.0,3.0,05b94974-f782-4e30-aae9-8376bbe2d9e7,1854216.0,51494.0,31.0,129050.5116252585,34893881343.0,58055.275251501866,175576.75391801895,220907079.9412499,1315370611.0884292
294,0.5,11137020,18801,0.3,1,90.0,5.0,f5971869-5b60-4bf9-8aef-40cb7008df64,1854216.0,38757.0,29.0,116191.6422777868,34893000703.0,49122.98992953488,169042.5599464341,4610905.093130669,1314073361.2526531
295,0.3,11122780,18801,0.1,1,90.0,3.0,dfba1cf6-e75b-4ae8-b4ca-fb95215e4dab,1854216.0,45578.0,39.0,83603.60350698695,23250890751.0,71816.03815416766,166750.7662228196,348967717.5721747,1999780113.6803973
296,0.3,11124276,18801,0.1,1,90.0,5.0,8f5bfee8-7015-4c48-8ec6-31e420700716,1854216.0,38024.0,43.0,75950.83614011169,23250108415.0,59844.22405110584,151193.4776583465,5832180.987427805,1997321818.029628
297,0.3,11131816,18801,0.3,1,90.0,3.0,8f735463-c3a7-4c30-9b06-6ebc92d4a3d5,1854216.0,44614.0,37.0,110361.4657194317,34892247039.0,45025.08563794736,104619.10589924942,298816832.7016002,1313474744.412295
298,0.3,11131696,18801,0.3,1,90.0,5.0,92b0469a-74b7-4683-b73d-11577b557cff,1854216.0,32869.0,37.0,98472.08099694518,34890797055.0,33648.30295313833,97054.89125204145,3665301.541119867,1311575548.1063836
299,0.5,11086604,18801,0.1,1,90.0,5.0,2873ce91-bbdc-44f8-b7c1-f7e1cf771810,1854216.0,41509.0,49.0,71987.38418316489,23194177535.0,109104.00522550016,541936.9377770146,381896900.61999375,2305886883.482065
300,0.5,11085092,18801,0.1,1,90.0,3.0,10f23215-fc4d-4a5a-82e1-6b3050c0e2d9,1854216.0,30482.0,51.0,60857.899171172656,23188295679.0,98684.14085239974,530084.7102647929,8607974.441653518,2303651025.2889585
301,0.5,11132228,18801,0.3,1,90.0,5.0,84e1051f-ea0d-45d1-8d6a-4249cf48c66a,1854216.0,37195.0,83.0,148625.65199622413,46499307519.0,42236.00033389832,123349.0955661824,4322166.85995292,1310705980.7332363
302,0.5,11132376,18801,0.3,1,90.0,3.0,20a30a40-309a-4842-aafb-e8e33d8ac63f,1854216.0,37213.0,83.0,148696.18820751365,46499307519.0,42255.3199779661,123408.11557828895,4324273.582292845,1311372184.428336
303,0.3,11161896,18801,0.1,1,90.0,5.0,55e2972e-9769-4c23-b289-a63b68f70aa0,1854216.0,39818.0,23.0,159165.44752123335,46623760383.0,46900.2458481649,127607.11507254904,4574991.862164706,1310976612.201691
304,0.3,11159700,18801,0.1,1,90.0,3.0,f69c9f22-9e9b-4e9b-9125-54f21030ba0e,1854216.0,41390.0,21.0,162438.76967674354,46623903743.0,60358.80649200498,135281.95454878948,352686916.01982945,1311778848.1534903
305,0.3,11097548,18801,0.3,1,90.0,3.0,6fc5f829-f8d0-4d16-bfcb-ade1bca548e5,1854216.0,32639.0,30.0,97823.59554779036,34774781951.0,30554.36925303868,98529.37962050336,3468950.588252547,1306667947.432805
306,0.3,11097632,18801,0.3,1,90.0,5.0,0bc740e0-39ed-496c-8676-ab542bb34505,1854216.0,35429.0,34.0,100740.2155747662,34775154687.0,31107.450766844624,98970.6700407162,3537924.053008006,1306862543.7780404
307,0.5,11180736,18801,0.1,1,90.0,5.0,dbd9af7d-ed43-4058-81be-3094fa528f13,1854216.0,41300.0,7.0,150642.4856022001,46703185919.0,44095.707481940255,91059.17419418972,195496878.64550483,1315234835.3700469
308,0.5,11180176,18801,0.1,1,90.0,3.0,dfca3c5a-bdd8-45f8-8e75-474f598b6e2c,1854216.0,34010.0,7.0,135982.20395015768,46701072383.0,37033.83527871025,86143.6938135334,3980537.140443895,1314454591.312067
309,0.5,11109492,18801,0.3,1,90.0,3.0,5e3be550-f9b5-4118-9d09-4215946cb44c,1854216.0,43296.0,28.0,164403.22013769936,46413271039.0,61835.80410117387,169148.09969360105,418488573.10492194,1313468570.536994
310,0.5,11109908,18801,0.3,1,90.0,5.0,223e1250-74d3-4a19-bf85-e7d6de2badb2,1854216.0,38909.0,16.0,155505.93363015738,46413094911.0,48003.674325615895,158930.47199856775,4642941.786050559,1311470356.39707
311,0.2,11080304,18801,0.2,1,90.0,1.0,85f3c458-9cc2-4d1e-a55d-da158ce0ab53,1854216.0,51465.0,27.0,188606.17664014103,46295379967.0,76617.56704134741,250340.3815068644,415130088.2101829,1316672659.704136
312,0.2,11080392,18801,0.2,1,90.0,8.0,1d8375d4-d690-4f4b-b3a0-473f9c7e12ee,1854216.0,42891.0,26.0,171312.52132972504,46293774335.0,65021.337049953305,236269.4198545752,5618497.461146406,1314506086.5618806
313,0.2,11140784,18801,0.6,1,90.0,8.0,26412ce4-c71c-4ade-96c7-418f71744239,1854216.0,41319.0,36.0,158405.9726296298,46562328575.0,80541.0914563421,256113.2927647861,412092806.40716434,1321238404.4927804
314,0.2,11151136,18801,0.6,1,90.0,1.0,68b8a226-1a1f-4ccb-b8fe-1ed759d32ff3,1854216.0,37930.0,37.0,151475.0098536706,46562328575.0,70736.11882007854,244743.23165958704,6055481.511526961,1319749429.5372715
315,0.4,11107536,18801,0.6,1,90.0,1.0,2afedeba-2eca-410e-a846-470c85e5474e,1854216.0,46733.0,15.0,78839.25393786645,23217954815.0,44980.814824075394,143397.99665278604,4615620.758015845,1312473361.1988282
316,0.4,11107700,18801,0.6,1,90.0,8.0,fd8121e4-526a-4f73-9461-7ceaa5aa911c,1854216.0,32069.0,15.0,64129.67058644278,23216689151.0,42700.72836766048,141093.59535614308,4330354.4537579175,1311810473.2171724
317,0.2,11074088,18801,0.2,1,90.0,8.0,81bba86c-cde0-4c5b-a921-df9e03c3d66a,1854216.0,42427.0,27.0,84824.58967020152,23200894975.0,54975.08820139284,217689.743470916,5173579.589362914,1311896249.4146433
318,0.2,11072816,18801,0.2,1,90.0,1.0,68fa40b8-03c0-4dbf-ae9d-aaa972a65db1,1854216.0,50627.0,31.0,93073.85039346282,23201439743.0,56542.87206017427,218974.714167497,5767045.366389014,1312710541.6619203
319,0.2,11109800,18801,0.6,1,90.0,8.0,97804928-f9db-4e0d-a60d-4c84f02cf631,1854216.0,32417.0,38.0,64704.82347670999,23213105151.0,47400.13059023787,109011.16822505405,4570746.25524152,1306864613.934157
320,0.2,11110028,18801,0.6,1,90.0,1.0,b6f468f7-3eee-458b-8a38-e6947695345c,1854216.0,37335.0,40.0,69709.86955049752,23213318143.0,58986.96733969423,123795.40068660308,345025294.24425656,1308810116.0109315
321,0.4,11066332,18801,0.2,1,90.0,1.0,43a78640-7c64-44b2-93f8-ebf77381aaa1,1854216.0,37994.0,49.0,113855.27148282711,34679484415.0,43115.91714398735,157335.21103960968,4287776.613120491,1309799932.898887
322,0.4,11066784,18801,0.2,1,90.0,8.0,dccebc3f-b789-4bb9-9774-d2267b37424e,1854216.0,44417.0,46.0,126797.04230807754,34680295423.0,47563.827920246986,162895.31485112093,148552081.45036584,1310884934.7472186
323,0.4,11120436,18801,0.6,1,90.0,8.0,ed408053-f036-4224-a3a9-aed350377668,1854216.0,25837.0,58.0,51640.07219458322,23247142911.0,62127.86992374109,241587.2720777895,5938425.705975294,1841407371.758087
324,0.4,11120380,18801,0.6,1,90.0,1.0,1fcfe787-2ef0-4b9b-a7b3-186b602403a3,1854216.0,39323.0,57.0,65159.58467490286,23249313791.0,68536.56631229137,249163.76911236663,157087128.97039095,1842944208.7232568
325,0.2,11084708,18801,0.2,1,90.0,1.0,9cff384a-0100-4bbe-937a-b8a05aac342d,1854216.0,41975.0,16.0,67625.65112434118,23163813888.0,83211.56854922434,197561.39222144103,298895440.6992232,1442456607.1275873
326,0.2,11084696,18801,0.2,1,90.0,8.0,5a044da6-3d77-4f1d-9527-6c6631f0a23e,1854216.0,25714.0,17.0,51305.313942482186,23162114048.0,73703.57093964174,186395.2915,6569389.520080607,1440410444.7061975
327,0.2,11171844,18801,0.6,1,90.0,1.0,14cd56d4-8dd6-49bf-b740-aa21f1d14fee,1854216.0,31648.0,26.0,81994.84219817573,35003293696.0,44591.89492821769,244611.3486655949,4376950.178321404,1322490779.9367318
328,0.2,11172200,18801,0.6,1,90.0,8.0,a941364a-907f-4a0d-9e94-948f21dd6bdd,1854216.0,25166.0,25.0,75399.49164157233,35002359808.0,42946.00023178016,243323.97315077647,4171086.538870529,1322148810.0352223
329,0.4,11154240,18801,0.2,1,90.0,8.0,f1814046-dd69-4a2e-abae-85bfc88fa306,1854216.0,37695.0,38.0,112978.99057647018,34948894719.0,23366.69741725146,53670.25861323764,2711419.7723947368,822369414.1705043
330,0.4,11152744,18801,0.2,1,90.0,1.0,10d06430-0f89-41b2-827f-97cc6d42892b,1854216.0,43400.0,42.0,118835.02888997889,34949185535.0,33927.197478039925,61019.678773099615,296354931.0454593,823455253.321635
331,0.4,11089972,18801,0.6,1,90.0,8.0,4d30b63c-ce44-48d4-a2ca-20c88c33aff0,1854216.0,32373.0,11.0,97048.07274207704,34761728000.0,45960.04234109462,118097.43338262213,4764067.312276005,2104659137.1007504
332,0.4,11090500,18801,0.6,1,90.0,1.0,713f5a2c-fe38-4b20-937e-ad60eca38aae,1854216.0,60129.0,11.0,124914.91605939336,34764816384.0,64519.14420467647,130652.76101622016,408963955.4285664,2107142544.067865
333,0.2,11127300,18801,0.2,1,90.0,8.0,9cc3d18a-052f-4756-8634-de4833b52fd1,1854216.0,34260.0,26.0,102710.2564337808,34888765440.0,44813.55864159383,174426.71635922813,4407805.430587469,1311970447.753724
334,0.2,11126652,18801,0.2,1,90.0,1.0,6cd3aeba-ca7e-4bde-ad6e-0af690da8670,1854216.0,42664.0,20.0,111260.08711630372,34889523200.0,58930.026538244856,183895.6350703124,336883736.57379603,1313613235.7064242
335,0.2,11088048,18801,0.6,1,90.0,8.0,cdd9cfe7-f9a3-45e8-a99e-fb1e853fac15,1854216.0,34658.0,31.0,138529.88363465405,46318071807.0,23675.17638418618,57304.47608057242,2730933.383170425,1142231982.3845396
336,0.2,11087820,18801,0.6,1,90.0,1.0,72926ea1-c31c-4bde-aa5b-78a321cb7652,1854216.0,38486.0,31.0,146301.87641410824,46318071807.0,27415.18658511343,60190.852467963,90464171.95514996,1142780634.5070636
337,0.4,11078800,18801,0.2,1,90.0,8.0,b219d5bf-f157-41fb-b0e4-be5f38a40a50,1854216.0,30370.0,340.0,121221.993814663,46283374591.0,41178.61596208466,224671.5259310495,4048052.516124416,1312847536.767495
338,0.4,11077372,18801,0.2,1,90.0,1.0,4d4207a5-ec93-4006-a7c8-cb09056c3e2a,1854216.0,39341.0,341.0,139332.70419943694,46284898303.0,53066.3495109114,241086.4028704603,414674124.6434538,1315350723.0721612
339,0.5,9253028,23361,0.1,1,90.0,3.0,e0ea7de1-a1c6-4b9f-8f46-4bf19e1a4ecb,2543220.0,44363.0,68.0,177400.41206446197,38737297407.0,29178.12792061344,72375.92123470907,3321099.459425237,1198338126.0343497
340,0.5,9257412,23361,0.1,1,90.0,5.0,bade654a-4128-4fdc-b3fe-08aa45a31639,2543220.0,55509.0,72.0,199766.79254400253,38741159935.0,35512.66162130655,77764.0887135865,170490433.7961715,1199575486.6184268
341,0.5,9260196,23361,0.3,1,90.0,5.0,2755004d-7f66-4b05-a9d4-ca635439949e,2543220.0,46340.0,43.0,185190.31075592403,38764310527.0,31116.040871808167,72683.05619935191,3501862.406679477,1200579139.9004655
342,0.5,9257836,23361,0.3,1,90.0,3.0,c23db6e1-cbe9-4164-9761-5dce9e99b69d,2543220.0,51635.0,43.0,195963.9604992338,38765879295.0,32508.698345905555,74125.39049484178,14760366.684387188,1201372592.468186
343,0.4,11084036,18801,0.6,1,90.0,1.0,6e2a8a25-7d49-4208-aa00-7ceb5015fcdf,1854216.0,41979.0,27.0,101533.27039941771,34763468799.0,71127.23906059924,316750.92575332616,257080383.38636407,2264910703.315359
344,0.4,11084012,18801,0.6,1,90.0,8.0,f060871a-101f-496c-8e2d-c216a1efb543,1854216.0,29742.0,7.0,89179.6277356658,34758029311.0,61178.057847037046,310297.2203316162,6126082.934418755,2263765798.6690025
345,0.2,11103872,18801,0.6,1,90.0,8.0,35ecf18b-78d2-4396-b156-8e9daab0bc7f,1854216.0,37064.0,21.0,148170.42350542254,46385782783.0,20785.36158719795,37433.18168171859,2531005.236725434,654156614.8296299
346,0.2,11104012,18801,0.6,1,90.0,1.0,596d8118-def5-4fc5-9c03-33e1a721df3f,1854216.0,46525.0,22.0,167217.2188791951,46386089983.0,22208.21517293065,39031.38038326585,2713843.453043072,654345451.6422592
347,0.2,11108268,18801,0.2,1,90.0,1.0,dac9882a-ec0a-4445-bcf4-26181dff77fb,1854216.0,34404.0,57.0,60896.92932669168,23241265151.0,70623.6794068621,231126.59469563424,285687694.52845263,1316991432.2794676
348,0.2,11109732,18801,0.2,1,90.0,8.0,e81c28e6-ffa2-47d6-a840-e9875db817c6,1854216.0,26544.0,55.0,52914.134496208506,23240929279.0,63158.18162959609,221761.29066485463,5761297.372877992,1315684872.517044
349,0.4,11052264,18801,0.6,1,90.0,1.0,0c4639ee-f062-45db-b54b-234f0ffd4cab,1854216.0,33507.0,29.0,91458.62874791754,34645729279.0,100852.79787406664,350107.64725807967,195859561.89318708,2288977914.154784
350,0.4,11052036,18801,0.6,1,90.0,8.0,6c803602-fa88-48ee-9c25-8378bc2ec1ad,1854216.0,24474.0,26.0,73322.14380216437,34643480575.0,94085.12387578817,341985.3399603468,8046801.759747903,2287280003.3237805
351,0.2,11091124,18801,0.2,1,90.0,8.0,283e0245-9f78-4852-a1b9-b0628cf34cc3,1854216.0,26184.0,40.0,78400.93102467501,34758336511.0,114496.20315009568,326890.9628159204,9384860.445863146,2251139560.7981496
352,0.2,11089256,18801,0.2,1,90.0,1.0,c5d34bf0-313a-40a8-979b-75b6ec09d63c,1854216.0,54074.0,39.0,134291.78206284106,34764693503.0,126834.37458576004,342473.4424355758,420149686.3372475,2254327041.031967
353,0.2,11118832,18801,0.6,1,90.0,1.0,2340dc64-aa9c-44a3-82d8-53d121a10f85,1854216.0,44101.0,35.0,118329.968669698,34839064575.0,47043.96176540267,114202.58512537884,255396567.55073676,1309136071.354314
354,0.2,11118984,18801,0.6,1,90.0,8.0,47d03d2f-b292-4e6b-956e-0337f669988d,1854216.0,30159.0,54.0,90344.4292787213,34837458943.0,36949.04411685998,100948.95948786542,3791599.2715592505,1307685473.736987
355,0.4,11136904,18801,0.2,1,90.0,1.0,afa21de3-aeb2-4219-a0e3-e063b2193830,1854216.0,41321.0,51.0,82543.79522345962,23334801407.0,40609.265317761805,95838.3080428768,3825739.649231036,1123042064.164382
356,0.4,11138688,18801,0.2,1,90.0,8.0,46e0040f-83bf-4f5c-a462-11bda6ca3bda,1854216.0,42473.0,48.0,83785.17631689055,23335030783.0,48802.27286628751,106890.3384214841,258914647.06187147,1124239257.5871265
357,0.2,11082244,18801,0.6,1,90.0,8.0,aeb88c70-e11b-4ced-849a-938a99e3b939,1854216.0,29015.0,45.0,115867.54048733572,46469808127.0,56145.7501512608,163803.20888469776,5430218.1994657,1310688486.5157666
358,0.2,11082368,18801,0.6,1,90.0,1.0,0611b907-d0f1-4e3f-a7d7-8fbb42e79a23,1854216.0,33641.0,44.0,125301.94892003675,46470238207.0,62496.33400337496,169393.16154501482,205910857.22334504,1311882989.6275153
359,0.2,11107452,18801,0.2,1,90.0,8.0,d6477844-78c3-4cd1-af81-6547acce10bb,1854216.0,43024.0,56.0,85946.43965198271,23234002943.0,67359.67821885474,242641.34301815645,5898293.8920562845,1317666739.428577
360,0.2,11106768,18801,0.2,1,90.0,1.0,e204da56-965f-4025-963e-0bc0439de5ed,1854216.0,49097.0,31.0,92105.4710086088,23236321279.0,77856.36372565995,255076.53767155283,417268343.823978,1319366265.3526924
361,0.2,11095568,18801,0.6,1,90.0,8.0,e9734785-d08a-4be6-bdd4-ae491faddb17,1854216.0,40345.0,46.0,80554.25255018784,23181205503.0,48620.248913378,231180.36927406304,4640052.782398437,1314371568.5024877
362,0.2,11095240,18801,0.6,1,90.0,1.0,3b4f363b-7818-47e4-9d0d-542001a66317,1854216.0,46206.0,47.0,86494.54857099484,23181725695.0,54880.01322944953,238230.66196269295,199024991.96051857,1315911326.03462
363,0.4,11131220,18801,0.2,1,90.0,8.0,bdb5077b-b845-42da-b9cf-ecebb92f1280,1854216.0,27333.0,57.0,54630.365230545896,23280173055.0,80381.96670186812,222570.18894505492,6559289.594054835,1314381623.8324256
364,0.4,11129520,18801,0.2,1,90.0,1.0,5885a19d-a62b-440d-a52b-4ee274cb92b1,1854216.0,45769.0,75.0,73118.26812374023,23282606079.0,90997.6490892174,235550.24579378412,365826949.8791657,1316086343.6664028
365,0.4,11135652,18801,0.6,1,90.0,8.0,a032539b-a577-41cf-9ea2-54176c7f2afc,1854216.0,42686.0,23.0,128007.3562602521,34893996031.0,42863.34020309424,158507.43509587436,4368569.74757766,1312952669.829327
366,0.4,11136164,18801,0.6,1,90.0,1.0,4d7f778f-84ca-42ee-a479-2cd86d151c72,1854216.0,47357.0,13.0,137422.9798797165,34894495743.0,48209.32890975695,165268.18940949498,192905293.64766032,1314567711.4793868
367,0.2,11143636,18801,0.2,1,90.0,1.0,222203f4-4170-4aa0-8492-f97d83249992,1854216.0,34513.0,27.0,68942.73387755218,23307263999.0,85460.33021843787,390545.8606544135,7675658.482434001,2307102759.2796445
368,0.2,11145352,18801,0.2,1,90.0,8.0,5d794667-80c4-4ace-a0f0-911f539b8011,1854216.0,35401.0,50.0,69916.77107776681,23307993087.0,94338.35500898538,402977.5971543508,406642074.6547536,2308079962.0287137
369,0.2,11091496,18801,0.6,1,90.0,8.0,680f3d11-89f7-4bf9-a2c8-ff9d26681a2c,1854216.0,33595.0,40.0,67100.65797891683,23187640319.0,49383.94374949313,177704.05909183066,4758365.357242308,1311008602.849092
370,0.2,11091372,18801,0.6,1,90.0,1.0,4d6ba86e-85f7-43f3-8d55-387672b49366,1854216.0,34334.0,41.0,67906.60757496214,23187775487.0,51261.74732283464,179295.6346491428,70922141.29532309,1311404383.8202434
371,0.4,11164844,18801,0.2,1,90.0,1.0,2c2346e9-69b5-440f-a4ca-2e9df42c8120,1854216.0,44246.0,81.0,132668.1508198897,34983444479.0,48733.77976319108,114687.26209407506,5102216.945092719,1674588786.8316092
372,0.4,11166556,18801,0.2,1,90.0,8.0,889a3203-4742-44b8-bb55-8080d68fa012,1854216.0,46094.0,72.0,136455.3090614201,34984218623.0,59724.16819932413,129161.1374498003,351739378.9778576,1675952150.4673302
373,0.4,11100360,18801,0.6,1,90.0,1.0,80b395fa-2f3a-4136-b094-55f8e5e1fe76,1854216.0,36752.0,53.0,110104.64065023314,34783297536.0,66173.1143089329,167254.49156308983,6260371.525602897,2280373833.7835813
374,0.4,11100688,18801,0.6,1,90.0,8.0,750d30ee-4124-4bc0-bfcc-a62be1777756,1854216.0,42120.0,50.0,120922.31054057446,34783801344.0,75285.29805144899,179441.76657217555,269117371.28125185,2281694713.838592
375,0.3,9265048,23361,0.1,1,90.0,3.0,0ac13a8d-7b96-4260-9e12-fa9fe6f35853,2543220.0,43841.0,2616.0,131219.36531695147,29102538751.0,44878.417610952514,167637.2560577705,4333209.026532129,1205581377.447091
376,0.3,9266880,23361,0.1,1,90.0,5.0,cbaaba4b-619a-4f96-b2e3-87ea8f52dc07,2543220.0,46936.0,2619.0,137506.1470544123,29103362047.0,57488.69504173188,185599.59781473855,353234895.4913879,1206989901.809414
377,0.3,9259808,23361,0.3,1,90.0,5.0,b431db9f-6d63-4792-bace-bd36e488ae55,2543220.0,29659.0,27.0,88849.4144695636,29090086911.0,70229.74761918595,395948.3638173704,6111997.27042098,2114123113.4173312
378,0.5,9258036,23361,0.3,1,90.0,3.0,de623d57-2ab2-43f5-af3f-5af3b37d32ba,2543220.0,27281.0,1078.0,81436.36827245001,29065596927.0,40218.84800567303,82670.23934303566,3835804.2839897466,1200166040.7496624
379,0.5,9257964,23361,0.3,1,90.0,5.0,66953a46-9011-49d2-9ae9-de31c3665a18,2543220.0,35066.0,1068.0,89387.67203647854,29067083775.0,41892.11527345037,84023.15288447835,4046970.086890569,1200400060.5988278
380,0.3,529524,4285,0.3,1,90.0,3.0,99330fca-860a-463c-8869-7cd54549858a,359488.0,692.0,52.0,1278.667806113465,1332641792.0,4738.93570952381,8015.243310793652,676189.7617090477,60136709.8000504
381,0.3,529520,4285,0.3,1,90.0,5.0,23d82a70-9959-4d0b-9db8-2f3913d67843,359488.0,719.0,49.0,1336.3406556840048,1332760576.0,4833.311291125542,8059.277776479076,687405.0905572871,59878659.24452257
382,0.5,537076,4285,0.1,1,90.0,5.0,33e49399-4b14-422d-a6ec-f15db2a06008,359488.0,594.0,76.0,1167.436317414176,1347207167.0,6559.966715789473,14555.062296491227,846122.9079473685,97097306.52312106
383,0.5,537004,4285,0.3,1,90.0,5.0,a3a72359-7e0a-4022-a43c-f0e87af425b0,359488.0,742.0,62.0,1452.0607446776194,1347555327.0,3362.733333333333,3619.744927536232,438037.0869565217,6797569.611594202
384,0.5,536988,4285,0.3,1,90.0,3.0,57673966-1541-4941-a051-410409a95dcd,359488.0,749.0,61.0,1466.6263940088645,1347555327.0,3394.4666666666667,3653.902898550725,442169.5217391304,6861697.636231884
385,0.3,9266344,23361,0.1,1,90.0,5.0,43260952-cb72-4175-a3d5-700acf4f549c,2543220.0,60573.0,51.0,121028.23737315512,19390918655.0,121340.8255986118,486703.383548273,9814584.548306065,2614790644.855872
386,0.3,9257448,23361,0.1,1,90.0,3.0,6271bd3e-9e50-4a3c-82c4-3ff6b179d967,2543220.0,62202.0,49.0,122742.23662758604,19391025151.0,127999.41128145553,497429.4600980369,335824185.9475892,2615916721.2796435
387,0.3,9244296,23361,0.3,1,90.0,3.0,c1e24ccd-d2b6-42c8-bb40-5c499e755261,2543220.0,54314.0,63.0,99798.4596835452,19381420032.0,43639.9357323492,211254.64817009936,125895514.55055812,1065874586.7281415
388,0.3,9244576,23361,0.3,1,90.0,5.0,419e1067-9a66-4d04-ace5-d8265825c8f3,2543220.0,45464.0,60.0,90897.54945913034,19380854784.0,38807.58491637875,207343.1940859916,3818576.265594488,1064994524.2336771
389,0.5,9271896,23361,0.1,1,90.0,3.0,ce96f7f4-b054-4e77-b1de-961c8789a263,2543220.0,54566.0,371.0,97452.5844172922,19440263168.0,58876.529620871705,194686.0810234834,264175099.2860101,1209385946.6666255
390,0.5,9273536,23361,0.1,1,90.0,5.0,c0acf7fb-24e8-48fe-95a2-8b9fbfa0446b,2543220.0,42863.0,375.0,85690.88198290454,19436011520.0,48287.8547452381,180698.47566176468,4552781.26879358,1207786700.8193135
391,0.5,9263372,23361,0.3,1,90.0,3.0,aea00cae-cf35-40cd-9bb4-162a5d1dda45,2543220.0,39788.0,59.0,107946.39312627184,29099790336.0,109146.78389138464,154962.87834521316,264628494.9286189,1205942460.3940797
392,0.5,9263596,23361,0.3,1,90.0,5.0,2b3732ca-6e66-470f-bf46-a76027e7ff84,2543220.0,28332.0,62.0,84975.195237277,29093326848.0,101782.76662431954,144553.62732704135,7945510.064087028,1204867158.1970918
393,0.3,538372,4285,0.1,1,90.0,5.0,b1091bdf-2aac-4d4e-9e4d-f87e1a5bf36e,359488.0,633.0,25.0,1810.8925823753616,2019655680.0,3279.7443719298244,4388.873649122807,452202.5401368422,23703535.83703508
394,0.3,538272,4285,0.1,1,90.0,3.0,29a7837a-ec55-4c70-bbeb-889892aadee8,359488.0,633.0,22.0,1811.254519810216,2019655680.0,3281.0874456140355,4390.193996491228,452380.04236140347,23712293.144842107
395,0.3,9270100,23361,0.3,1,90.0,3.0,4a8602f4-8c60-4a7c-8586-6999881d4dde,2543220.0,37616.0,848.0,150417.45427096845,38867533823.0,43183.35331423251,86385.78002460761,215579687.95089585,1201826004.7009363
396,0.3,9270432,23361,0.3,1,90.0,5.0,62adfd9b-180d-4089-b39e-35f0af32078d,2543220.0,37564.0,848.0,150231.1442849132,38867533823.0,36536.05391654676,80779.67619291233,3929043.290298321,1201558413.6900074
397,0.5,9271856,23361,0.1,1,90.0,3.0,d53176a8-88de-43d8-acaa-720c51df15c3,2543220.0,36890.0,35.0,72628.44931971544,19442581503.0,96368.20627868603,289868.46840256656,352420177.28548896,1477107275.6554697
398,0.5,9273476,23361,0.1,1,90.0,5.0,1968e100-78ac-49fb-b76c-b339871ecee3,2543220.0,35770.0,35.0,71439.25091174149,19442462719.0,79840.8841350126,280337.9627609292,6962134.363371005,1475942818.981593
399,0.5,9260404,23361,0.3,1,90.0,3.0,8b30da24-1b84-4dbb-94e6-04ed0ee3f53e,2543220.0,36969.0,786.0,102606.69294097558,29096820735.0,41128.65411062112,153185.4004055806,440980918.6947564,1205034147.3153255
400,0.5,9260508,23361,0.3,1,90.0,5.0,a9b5ac6c-6d04-422e-9bc9-25aba32d2c50,2543220.0,28645.0,787.0,85892.40386909022,29093416959.0,31001.202325122293,138108.53896044724,3383618.0447553457,1203375915.6074345
401,0.3,530436,4285,0.1,1,90.0,3.0,55e510d6-a291-4bba-8eb7-61ecd05892e8,359488.0,737.0,12.0,1451.4814836365106,1341583359.0,5097.006404589372,11977.847111111112,691897.556942029,59908800.0533936
402,0.3,530324,4285,0.1,1,90.0,5.0,3867caaa-10d6-4f6e-9a8d-e3585b959f23,359488.0,898.0,10.0,1609.841748360839,1342042111.0,5425.608233333333,12362.08358095238,734906.6059857144,60829228.34728333
403,0.3,9253264,23361,0.1,1,90.0,5.0,0b476ce5-d3bb-467b-98a0-de50dfc32bb2,2543220.0,35024.0,51.0,69904.62196736273,19394772992.0,37422.02317968526,205605.90414660945,3716305.359316538,1207366826.1276546
404,0.3,9244300,23361,0.1,1,90.0,3.0,91cb9294-cfc9-4727-a8d7-539af5bba291,2543220.0,38208.0,50.0,73183.55845780035,19395371008.0,44966.036153836016,217188.38461637008,354505258.73912823,1208750388.1202254
