,Unnamed: 0,canopy_moisture,run_max_mem_rss_bytes,sim_time,surface_moisture,threads,wind_direction,wind_speed,run_uuid,area,runtime,cpu_request,mem_request,cpu_usage_total,mem_usage_total,transmitted_packets_total,received_packets_total,transmitted_bandwidth_total,received_bandwidth_total
0,0,0.9,4372992,8998,0.1,1,105.0,2.235,65aabe49-2144-44e4-a589-fe6fa6806cb4,828144.0,9038.0,-1.0,-1.0,18113.713631226234,13976756223.0,158078.87637924124,196246.40452036777,90719090.76890604,643765699.7565677
1,1,0.9,4373104,8998,0.1,1,75.0,2.235,05a0e8c2-ba7d-4290-92c8-6a4cb7d80930,828144.0,3908.0,2.0,25769803775.0,11734.936969400214,13972611071.0,139350.958339839,162540.53037934087,11210379.050925002,325413850.0008325
2,2,0.9,4373060,8998,0.1,1,90.0,2.235,a28ec6b9-5888-484f-b84c-035d22780709,828144.0,5174.0,-1.0,-1.0,14223.74340299598,13974519807.0,171084.15417781734,250994.49784526494,13997644.78949982,958601103.5099701
3,3,0.9,4374716,8998,0.1,1,90.0,2.235,c203a726-267d-40fb-8471-52f2137e48ec,828144.0,7391.0,3.0,25769803776.0,15796.531187031935,13974523904.0,6192.090181992337,5847.515589272031,811736.0424839079,2152059.9244971266
4,4,0.9,4376600,8998,0.1,1,75.0,2.235,9cb77e77-976e-4c72-8e59-362539b088b8,828144.0,7422.0,3.0,25769803776.0,15861.448820758902,13974523904.0,6235.687776894338,5887.368924506985,817373.7285114898,2166794.9176862473
5,5,0.9,4375944,8998,0.1,1,105.0,2.235,057619f4-ee45-419e-bde4-1cd114205294,828144.0,7425.0,3.0,25769803776.0,15864.180989163688,13974523904.0,6236.170169709903,5888.582288809113,817643.946013684,2167226.359004521
6,6,0.9,4373032,8998,0.1,1,90.0,2.235,9069ecf1-22ff-45fb-868c-967924e69ad3,828144.0,4716.0,3.0,25769803776.0,14054.093691821934,13967618048.0,28097.471294552925,141985.69583847633,3223240.472734227,952363322.462151
7,7,0.9,4373200,8998,0.1,1,75.0,2.235,59f140fa-0ab6-4f41-8507-ccbdaeb9d5c0,828144.0,4920.0,3.0,25769803776.0,14510.24445591362,13968076800.0,12741.520275590738,50128.7587967544,1426716.4586130972,270156238.99866354
8,8,0.9,4372956,8998,0.1,1,105.0,2.235,8ea09487-ec24-4eb8-ac43-e65a75b98fc0,828144.0,7437.0,3.0,25769803776.0,14705.006847366025,13968195584.0,14827.559488448744,61573.149871901885,2022921.8308993794,349554914.16126394
9,9,0.9,4373256,8998,0.1,1,75.0,2.235,6eafa5e8-7645-48c3-a8f8-34973d6270a4,828144.0,6723.0,3.0,25769803776.0,14690.098439010042,13951033344.0,11483.823799114238,10545.80026973024,79315710.33641966,3512808.675696384
10,10,0.9,4373152,8998,0.1,1,105.0,2.235,443ddbdc-0e34-4793-9271-d6e5a39c5d4f,828144.0,4759.0,3.0,25769803776.0,11913.22731998196,13950164992.0,7099.068121119592,5688.406808142494,886429.6232315521,2109518.3484687023
11,11,0.9,4373052,8998,0.1,1,90.0,2.235,26a091ea-a83d-41ae-a33d-7f1746ed1185,828144.0,5527.0,3.0,25769803776.0,13519.863627740786,13950844928.0,10854.500807901804,10052.684100824703,79237291.04437813,3328498.997452474
12,12,0.9,4372996,8998,0.1,1,90.0,2.235,b8594a76-a366-48be-92c5-3dbe0d6cf625,828144.0,4803.0,0.0,0.0,14328.85078478043,13977366528.0,16098.077338574423,100151.95807337527,2125170.975855765,916081653.7581742
13,13,0.9,4373004,8998,0.1,1,105.0,2.235,0bb774c3-48b8-437f-96c3-63074c62d650,828144.0,9135.0,3.0,25769803776.0,23083.469292068272,13983551488.0,12737.281377795882,36704.7131813406,1718795.7448521117,397409827.60315186
14,14,0.9,4373184,8998,0.1,1,75.0,2.235,361d4a68-ef7c-4650-842e-b7855a4b8259,828144.0,9263.0,3.0,25769803776.0,23229.73388343595,13983559680.0,12762.76749911264,36670.94652280839,1721461.1485191141,396591267.6577898
15,15,0.9,4373080,8998,0.1,1,75.0,2.235,1ea9e5ef-97a0-412e-8e45-54c7f72c8aaa,828144.0,4893.0,0.0,0.0,14454.903901668114,13972426752.0,27132.262560981362,118388.32482526866,2983419.1976575647,638514396.5908256
16,16,0.9,4376664,8998,0.1,1,90.0,2.235,f89dbce9-e983-499c-83d9-a375764cbbf9,828144.0,5235.0,0.0,0.0,14824.499304738252,13970980864.0,17333.73302608018,49737.11982318589,1788472.8079335494,233685415.96909446
17,17,0.9,4376664,8998,0.1,1,90.0,2.235,f89dbce9-e983-499c-83d9-a375764cbbf9,828144.0,5235.0,0.0,0.0,14824.201044081996,13970980864.0,17334.659888623704,49759.704884629384,1788253.4837749468,233649803.6042719
18,18,0.9,4373064,8998,0.1,1,105.0,2.235,e992c52c-917e-4fdc-8462-5a7a60386aa7,828144.0,4695.0,3.0,25769803776.0,14069.041663220634,13970411520.0,16828.766025641027,49154.041666666664,1724413.3076923075,232483668.32371792
19,19,0.9,4373264,8998,0.1,1,105.0,2.235,7643ab31-0cb6-4f66-8742-c35f02c87e18,828144.0,4778.0,0.0,0.0,14295.443600250506,13964070912.0,50899.15242081575,178898.0741644455,4867154.468075039,953952114.0963671
20,20,0.9,4373228,8998,0.1,1,75.0,2.235,5f1ac2cd-e274-4661-94da-047d42446cd1,828144.0,4805.0,3.0,25769803776.0,14388.411704669355,13962518528.0,9761.023669235465,8064.217205919115,1229076.4052345674,3006891.7166961534
21,21,0.9,4373016,8998,0.1,1,90.0,2.235,48316e80-2a60-4278-b471-32bcdb8b3420,828144.0,4866.0,0.0,0.0,14461.236512655145,13964070912.0,53963.51812950116,183411.6264139537,82830067.37412567,957078318.2109834
22,22,0.9,4373032,8998,0.1,1,75.0,2.235,6d7aefda-4473-45ce-bc4e-d50d8e89f2f5,828144.0,4738.0,0.0,0.0,18809.35368712074,18629775360.0,30339.65588085063,58867.66666273817,2812171.1175277717,477983201.9530054
23,23,0.9,4376624,8998,0.1,1,90.0,2.235,d3ebf130-c193-408d-97e0-1b664939072f,828144.0,6968.0,0.0,0.0,25504.833401666892,18631589888.0,49947.57806124794,91232.30920997131,25336642.327635854,635701296.3431544
24,24,0.9,4372984,8998,0.1,1,105.0,2.235,caf37dcc-4668-4db5-a06b-402955970c99,828144.0,8088.0,3.0,25769803776.0,27776.05787112638,18630504448.0,14709.65848323853,34105.88036327178,22833055.34113007,318172030.7228277
25,25,0.9,4373148,8998,0.1,1,90.0,2.235,25478a77-804a-485d-aeff-88b364a3ac21,828144.0,5531.0,0.0,0.0,15894.0336550186,13948805120.0,14189.488198498406,35327.724172258655,53482881.44035181,133721892.38166083
26,26,0.9,4373196,8998,0.1,1,105.0,2.235,0c435f93-2b98-4c95-8ea4-8b046a525e95,828144.0,4805.0,0.0,0.0,14393.549979458347,13948719104.0,16005.348337526204,101022.48773332287,3653822.663126965,1233808689.0320103
27,27,0.9,4373208,8998,0.1,1,75.0,2.235,79ee43da-f829-4b65-aab0-6c98a54711ea,828144.0,5528.0,0.0,0.0,15867.881056419035,13948956672.0,32668.54543473702,50999.360102313294,55968014.087347195,1234845032.7153215
28,28,0.9,4373116,8998,0.1,1,105.0,2.235,9b86dfbc-dbe2-4829-a5f8-58bbf03ea842,828144.0,4841.0,0.0,0.0,14507.998152485272,13962280960.0,15087.560127273298,62165.95273711663,1818281.0395531673,410690092.9981473
29,29,0.9,4376048,8998,0.1,1,75.0,2.235,b13b3a96-1c1a-492e-80b2-5691e7e9cdff,828144.0,7022.0,0.0,0.0,18905.51213833245,13964091392.0,19970.432273618397,67588.50844857734,79850157.37257724,412209131.3046972
30,30,0.9,4373060,8998,0.1,1,90.0,2.235,cd33415f-3d73-4800-975e-62f82be2226a,828144.0,7643.0,0.0,0.0,19508.0431287802,13964255232.0,20282.64369397328,67870.23076587761,79887339.33104745,412517569.2670021
31,31,0.9,4372972,8998,0.1,1,105.0,2.235,d66fb9a9-322c-4cde-8b71-60cc4e58b0f2,828144.0,6052.0,0.0,0.0,18175.69601705336,13979906048.0,20257.550157966412,38701.85791063162,2602545.709404952,633599376.7594868
32,32,0.9,4373032,8998,0.1,1,75.0,2.235,855bb7ca-0b05-416e-9084-15344e76d90f,828144.0,6160.0,0.0,0.0,18343.886400745985,13980332032.0,20391.17337606575,38820.216664520536,2618700.8339219685,633884011.4978676
33,33,0.9,4373108,8998,0.1,1,90.0,2.235,8e5e68a9-7ff5-4e99-81c6-b8165549db9b,828144.0,7262.0,3.0,25769803776.0,19485.768257327407,13980680192.0,12699.995620989188,12260.052935297595,48196297.36735453,3765684.4807960354
34,34,0.9,4373184,8998,0.1,1,75.0,2.235,261337e2-4c80-4820-8999-fb596aab5d07,828144.0,5081.0,0.0,0.0,15234.737068079616,13960617984.0,19219.747371325255,78908.86581561003,2137303.7166139293,633182865.5879439
35,35,0.9,4376092,8998,0.1,1,105.0,2.235,b80608ff-a4f3-4b79-a887-23f72b1fd7bc,828144.0,7078.0,0.0,0.0,19255.405338611967,13971718144.0,24331.503720913643,85491.09832861077,80536691.29822047,636215546.232899
36,36,0.9,4376368,8998,0.1,1,90.0,2.235,ef258f04-698c-4980-a223-af4d86d175f8,828144.0,7202.0,0.0,0.0,19377.81775322676,13971718144.0,24369.50631180639,85488.0191804909,80531391.37871365,635939959.6037312
37,37,0.9,4373100,8998,0.1,1,90.0,2.235,90ed3083-ca1b-4d74-bb9e-cb94287dd403,828144.0,5421.0,0.0,0.0,21683.054181833293,18590646271.0,23508.17094972067,24355.139106145252,2083798.0865921788,215580048.56480446
38,38,0.9,4376676,8998,0.1,1,75.0,2.235,e7ed9d27-6976-4042-a86c-45af07371ad5,828144.0,7219.0,0.0,0.0,25322.043020673067,18607611903.0,69280.07050534147,134121.85581516268,6590575.194374391,1420391130.1514971
39,39,0.9,4372948,8998,0.1,1,105.0,2.235,e7a0b8c5-72be-4b48-9f1c-49718e9e3443,828144.0,8813.0,0.0,0.0,26928.574832274397,18602987519.0,49961.0691077808,78590.71754582762,4275163.275606867,532395912.3092778
40,40,0.9,4373000,8998,0.1,1,75.0,2.235,d2b0c678-2cf0-4c19-83da-8399528951f3,828144.0,4117.0,0.0,0.0,16478.598572108283,18640523263.0,23327.235266666667,53951.298270098036,3131057.124739706,1104357964.3524053
41,41,0.9,4373108,8998,0.1,1,90.0,2.235,94a33056-ac49-49fc-baf3-a66dc55d6208,828144.0,6129.0,0.0,0.0,22528.14082786897,18643005439.0,25163.128795584482,55562.39977019046,3365096.451075255,1103114375.2320445
42,42,0.9,4373132,8998,0.1,1,105.0,2.235,9c4b29c0-29ae-4ed4-a0a5-ac72f654b599,828144.0,8074.0,0.0,0.0,24457.07916056035,18643730431.0,9916.39978074709,8507.440459223153,1256560.1842508833,3119449.784215484
43,43,0.9,4373200,8998,0.1,1,75.0,2.235,f5571d3e-adf5-40a5-833e-da9340effbe9,828144.0,8928.0,-1.0,-1.0,33389.33557833168,23224954879.0,26405.164505508732,81817.95129578147,2649530.9365287963,520401912.0976311
44,44,0.9,4373076,8998,0.1,1,105.0,2.235,b63d0ad4-5ad2-4c0e-80ac-ad96934256be,828144.0,6121.0,-1.0,-1.0,30554.126069138438,23223865343.0,25366.781903946227,81017.68068980407,2520362.1205626484,520675203.3572551
45,45,0.9,4373100,8998,0.1,1,90.0,2.235,3fecd44f-cf76-4079-9650-0fb3aef383d4,828144.0,6070.0,-1.0,-1.0,30387.936838155463,23223865343.0,25289.857580921853,24330.93632134929,2512142.027399167,203261857.41103268
46,46,0.9,4373120,8998,0.1,1,75.0,2.235,1cd7ade5-a911-4cbd-872f-12ea73336a0a,828144.0,6186.0,-1.0,-1.0,24773.73443832645,18594394111.0,46519.26834402341,99704.61284709512,3996851.697912492,564361022.7927217
47,47,0.9,4373072,8998,0.1,1,105.0,2.235,033803a4-7cd8-4795-a809-944f8787aeaa,828144.0,7088.0,-1.0,-1.0,26318.176316661993,18595418111.0,47080.330025564086,100153.43521662889,4086063.8538277294,563283715.1389642
48,48,0.9,4373132,8998,0.1,1,90.0,2.235,1d0c64a6-2989-4191-abc9-eab71f40b918,828144.0,6813.0,-1.0,-1.0,26026.35841127469,18595287039.0,47075.14606495403,100032.44517140649,4069235.6223086175,565075934.6018816
49,49,0.9,4374868,8998,0.1,1,105.0,2.235,56c79623-1f1c-4e34-b1de-abc90a24e013,828144.0,5439.0,-1.0,-1.0,16322.033029801718,13944741887.0,11097.581666666667,32115.28777777778,1275658.0311111112,293897104.30833334
50,50,0.9,4376332,8998,0.1,1,75.0,2.235,113deffd-95c7-4c37-8ea7-9190fb1dba7f,828144.0,7278.0,-1.0,-1.0,20000.742637751384,13953949695.0,20139.515691213903,55385.572252654674,2536378.1774632847,632654305.1764882
51,51,0.9,4373200,8998,0.1,1,90.0,2.235,2eaedc2d-29b7-4c41-8395-bacf03a51d1c,828144.0,8121.0,-1.0,-1.0,20866.475144970693,13953097727.0,13108.58620141079,33770.79910350699,1526856.6442605427,293176600.4611739
52,52,0.9,4376008,8998,0.1,1,105.0,2.235,097bc16e-deb7-4587-b138-d2b2efa5358d,828144.0,6847.0,-1.0,-1.0,18668.18354440196,13981573119.0,23903.77903476724,47456.44536230583,2391721.9004175,176161562.05398214
53,53,0.9,4372980,8998,0.1,1,75.0,2.235,7e7e9188-3eda-447e-811f-48242bf1222c,828144.0,4977.0,-1.0,-1.0,14846.373781076545,13973938175.0,34864.983135620416,89502.96838882001,3429027.2189489803,634991884.7374926
54,54,0.9,4375884,8998,0.1,1,90.0,2.235,3afd9b28-4204-4178-a68f-83ad72888d1f,828144.0,7143.0,-1.0,-1.0,18975.236283606413,13982416895.0,48771.7656512383,135456.97232361825,5464433.438188534,1420321459.8016036
55,55,0.9,4373252,8998,0.1,1,75.0,2.235,4f707f87-ce30-451b-8a8d-eb8299041b1b,828144.0,5405.0,2.0,25769803775.0,20900.581393595356,18592026623.0,95955.91476387336,127612.9313556797,7337287.794010429,627075090.0655606
56,56,0.9,4373232,8998,0.1,1,105.0,2.235,9e283211-3c00-43ae-b512-9216dbf34202,828144.0,5768.0,2.0,25769803775.0,21571.913146301966,18592174079.0,114828.60115619547,188460.49099767304,8913808.20134526,954951889.0173583
57,57,0.9,4373056,8998,0.1,1,90.0,2.235,b3223dd2-a196-4fe1-af9e-9ba609496a80,828144.0,9452.0,2.0,25769803775.0,25274.247264434962,18592026623.0,94963.25409081251,125670.72232555799,28133487.226331122,612582554.8969522
58,58,0.9,4373064,8998,0.1,1,75.0,2.235,2131dc61-80f3-4cc3-82ca-6b794578768f,828144.0,6274.0,-1.0,-1.0,23116.59904753227,18637758463.0,26299.644970573605,69910.04924602121,2850270.959140877,972323230.0541747
59,59,0.9,4372948,8998,0.1,1,90.0,2.235,4be2b311-77c7-40de-8482-ba2af8771503,828144.0,5285.0,-1.0,-1.0,21053.619943302285,18636591103.0,25574.061698851638,70433.81810478943,2748760.263855793,988892501.224297
60,60,0.9,4373128,8998,0.1,1,105.0,2.235,8901ea9c-88df-4008-9620-69a1556f9bca,828144.0,6973.0,-1.0,-1.0,23748.877597287308,18637778943.0,9916.529871259896,8203.189797375338,1247150.4088461273,3020315.4838174507
61,61,0.9,4373176,8998,0.1,1,90.0,2.235,6de949df-32e5-40c1-91c0-285e82815e21,828144.0,6894.0,-1.0,-1.0,20714.26568941854,13963902975.0,27269.75194216655,55420.72949971654,2705059.290617697,319132962.6448177
62,62,0.9,4373048,8998,0.1,1,105.0,2.235,1f818195-fabd-4757-87a0-ccfa29ec874f,828144.0,7162.0,-1.0,-1.0,21262.73265916971,13964357631.0,27555.301478942874,55669.08502263249,2740402.4423095584,319409113.5335446
63,63,0.9,4373136,8998,0.1,1,75.0,2.235,80cfba6a-7538-4201-bf94-42cc72dd3639,828144.0,7156.0,-1.0,-1.0,21257.549178437555,13964357631.0,27549.48713295131,55664.50190026963,2739681.308976225,319407421.4457808
64,64,0.9,4373192,8998,0.1,1,90.0,2.235,6419f1b9-da16-4577-bb8f-03a1953b1d6f,828144.0,5359.0,-1.0,-1.0,21291.327681784678,18605805567.0,63987.36469588015,153568.81763183523,5432273.733636516,640000918.4697895
65,65,0.9,4373232,8998,0.1,1,75.0,2.235,977362e5-fc6d-4499-bafd-c93654fb9c66,828144.0,7783.0,-1.0,-1.0,23990.01410319317,18607828991.0,52402.63171284167,94483.2974008608,4188429.7855108636,332321371.4745359
66,66,0.9,4373104,8998,0.1,1,105.0,2.235,4bfe8e77-66da-4534-9277-31763007b534,828144.0,5488.0,-1.0,-1.0,21685.22294177801,18605805567.0,64074.36040444282,153469.04865324555,5445094.030173458,638903255.4842312
67,67,0.9,4373200,8998,0.1,1,90.0,2.235,9bb6a285-f83f-458b-8123-665d6e1b2fcf,828144.0,5447.0,-1.0,-1.0,32718.48331083039,27836448767.0,9338.147329650092,8633.949539594843,1216440.4944751384,3136477.9005524865
68,68,0.9,4373128,8998,0.1,1,105.0,2.235,98e55083-822d-4942-81fb-e4782769a516,828144.0,5483.0,-1.0,-1.0,32906.851590302525,27836448767.0,9394.174765681097,8684.893069937061,1223823.4621049277,3155355.716240787
69,69,0.9,4373104,8998,0.1,1,75.0,2.235,821743e3-f727-428c-ba92-9b99de6d23b5,828144.0,5516.0,-1.0,-1.0,32991.95329345305,27836448767.0,9428.218536829925,8716.967523947802,1228219.2687103306,3166756.4071294093
70,70,0.9,4373152,8998,0.1,1,75.0,2.235,b0a3bcc3-331f-40ad-844b-f63258dd5858,828144.0,8865.0,-1.0,-1.0,24688.986088781647,13984587775.0,12814.495844145624,30342.23998468894,1728405.506506175,317546375.3292319
71,71,0.9,4373076,8998,0.1,1,105.0,2.235,97e96c72-caa5-47f3-9b3a-31ddf05fc42a,828144.0,9147.0,2.0,25769803775.0,24470.402496361065,13985153023.0,12732.486398878878,10690.77263205215,80406296.89733829,3771139.430601298
72,72,0.9,4373024,8998,0.1,1,90.0,2.235,c6d2c556-06aa-4e20-b6ca-362afbb32cac,828144.0,7515.0,2.0,25769803775.0,22040.038432546513,13983768575.0,11729.471738042608,29440.703385301946,1553686.1243653153,316738871.89872044
73,73,0.9,4373156,8998,0.1,1,75.0,2.235,8af9937f-0150-4a3b-a2be-312458b95d0e,828144.0,5416.0,-1.0,-1.0,20389.363046788785,18580627455.0,28936.68971033769,80819.06123681917,3105911.2236324577,634806373.9940271
74,74,0.9,4373024,8998,0.1,1,105.0,2.235,583fd8ac-4d8d-49b2-b862-972ef5162835,828144.0,4098.0,-1.0,-1.0,16417.287254520677,18579476479.0,27336.917783823534,79418.46324509804,2902802.227556863,634241383.6389561
75,75,0.9,4373028,8998,0.1,1,90.0,2.235,9f951e31-c920-4533-9f6d-5e79bb03836d,828144.0,5645.0,-1.0,-1.0,20604.609046577054,18580627455.0,29116.096317869877,81077.07566458704,3128500.394327726,635294461.8839028
76,76,0.9,4372968,8998,0.1,1,105.0,2.235,5448ef06-4adf-45dc-ac6b-6642b0913046,828144.0,4093.0,-1.0,-1.0,16322.320267223166,18600681471.0,19670.750983206242,52330.73961666666,2099837.301906046,326343705.0565965
77,77,0.9,4373184,8998,0.1,1,75.0,2.235,f1e5194f-04bc-42f2-a73b-29d93c9ecc02,828144.0,5474.0,-1.0,-1.0,20528.425785829506,18599006207.0,9289.565781102243,8222.008573006984,1193912.3331705332,11144751.275192933
78,78,0.9,4372948,8998,0.1,1,90.0,2.235,e7457627-e3ab-42bf-8110-7de8f2145125,828144.0,6460.0,-1.0,-1.0,21570.777135321077,18602917887.0,21744.885918467524,54170.212292544355,2362764.738928615,327758524.884276
79,79,0.9,4373084,8998,0.1,1,90.0,2.235,ea8832a9-cee7-48f8-845a-b37981d20e3b,828144.0,3962.0,-1.0,-1.0,19793.952544953005,23248060416.0,7626.931426893718,6384.326009003719,971246.2852730476,2386360.7116617737
80,80,0.9,4372952,8998,0.1,1,75.0,2.235,3e7e567d-74ec-48aa-8ca5-7e4b5af363a4,828144.0,6342.0,-1.0,-1.0,25055.44918255615,23251656704.0,18867.503154198188,33144.62198490343,2146323.3713095193,317660657.62437767
81,81,0.9,4373240,8998,0.1,1,105.0,2.235,4e0bf64c-ed91-437d-b7cb-6788bae17236,828144.0,5380.0,-1.0,-1.0,24067.16923634339,23250632704.0,18363.22208526652,32744.859418381035,2083399.0435053918,317466216.67232347
82,82,0.3,9272080,23361,0.1,1,90.0,3.0,4679980a-72e2-4f7e-9148-8669e3369437,2543220.0,67149.0,-1.0,-1.0,127262.12361783965,19434803199.0,28575.031831336342,46491.750295897626,58616970.988751136,773571711.4666312
83,83,0.3,9272600,23361,0.1,1,90.0,5.0,00256272-28ca-49d7-862a-9a37cc18914d,2543220.0,60033.0,-1.0,-1.0,120116.13577531037,19432890367.0,20600.324500000002,24993.739550000002,2424518.75285,176424584.18275002
84,84,0.3,9263416,23361,0.1,1,90.0,5.0,a2f31fcf-58e0-42e9-9e80-c2666b579c2e,2543220.0,60123.0,-1.0,-1.0,120310.96859767904,19414032383.0,17691.711083374936,18285.036744882673,2174864.7290064897,6057294.697004492
85,85,0.3,9261584,23361,0.1,1,90.0,3.0,7bf9f0f8-5141-4751-9bf4-bceb909256d5,2543220.0,64352.0,-1.0,-1.0,124582.80855045342,19415085055.0,27764.825253969677,43172.48686805494,136917953.63974145,603628452.9963664
86,86,0.3,9260596,23361,0.1,1,90.0,3.0,0bfc0989-4d64-4a79-a817-5b0bfaec75dd,2543220.0,39064.0,-1.0,-1.0,117256.41623607633,29088804863.0,42563.894988257875,138357.37949853847,4083162.0544920154,1202887103.9681706
87,87,0.3,9262140,23361,0.1,1,90.0,5.0,bf5bc7e9-a7a4-4412-9cf0-69b5e3a524d0,2543220.0,62061.0,-1.0,-1.0,140322.57736300802,29094240255.0,51882.60932795851,148197.73067473707,307437649.5966722,1204589293.9160287
88,88,0.9,4373128,8998,0.1,1,75.0,2.235,15023a94-18fe-494e-b5e9-6cfdbb5dbe19,828144.0,7141.0,-1.0,-1.0,21384.188655581685,13978693631.0,48809.39726652602,192426.50746805657,5657179.671288969,1423889190.0834904
89,89,0.9,4373000,8998,0.1,1,90.0,2.235,debc968e-aa1e-4064-a8a9-705eb34c699e,828144.0,8729.0,-1.0,-1.0,24595.089432160283,13977853951.0,22019.019383966246,48277.906149482034,2397701.390775528,582156317.4207314
90,90,0.9,4373124,8998,0.1,1,105.0,2.235,f18c45ad-d871-4dae-8d4a-2f00ee45bf8e,828144.0,9161.0,2.0,-1.0,25052.01453020977,13977993215.0,15353.84177350987,32488.850835978134,38293020.42289052,317730584.64145285
91,91,0.9,4373220,8998,0.1,1,90.0,2.235,3df2dd81-31cb-45a9-bf4e-ff201b3b8f3a,828144.0,5445.0,-1.0,-1.0,32718.85416688386,27849875455.0,49998.146511602215,147905.66943370167,4878281.007421363,952689943.4300529
92,92,0.9,4373100,8998,0.1,1,105.0,2.235,9287439e-d78d-4039-8a67-5d08c3f47842,828144.0,5497.0,-1.0,-1.0,32930.195668545166,27839512575.0,50014.50152924353,147841.12511200676,4882357.337323327,952010202.3335283
93,93,0.9,4373192,8998,0.1,1,75.0,2.235,419b7b5a-93df-4ab2-8da5-fa021754c4c9,828144.0,5534.0,-1.0,-1.0,33020.0576886088,27850522623.0,50082.29366498203,147990.31640306025,4889563.004244531,952857486.7916865
94,94,0.3,9274316,23361,0.1,1,90.0,5.0,6ac8a7b4-1cf8-4fa4-b32d-aea328bd684e,2543220.0,40702.0,-1.0,-1.0,122081.9111384716,29136158719.0,42566.339489872174,123960.67552094397,4153443.6315693213,1203700774.809186
95,95,0.3,9273772,23361,0.1,1,90.0,3.0,41835adb-129b-410f-b971-707bd2e19270,2543220.0,64604.0,2.0,25769803775.0,145999.92940852928,29136138239.0,25678.730126513154,40056.10943244069,3075495.577786741,603175381.8371668
96,96,0.3,9270244,23361,0.1,1,90.0,3.0,3c50261e-6c55-46c0-b832-1a496399e197,2543220.0,65176.0,-1.0,-1.0,137820.61163812064,29119987711.0,29780.88482984403,43873.857108611555,341392401.6306018,603411674.3797178
97,97,0.3,9271116,23361,0.1,1,90.0,5.0,3f5821e2-d754-4243-95a3-7fea70a6a233,2543220.0,36263.0,-1.0,-1.0,108841.24161507736,29114449919.0,14104.615990057995,32995.874590116335,2276275.4711569836,4910352.4956161035
98,98,0.3,2578300,16486,0.1,1,90.0,5.0,6798197e-9111-4d85-91fe-a5871991cd5a,1053216.0,6419.0,2.0,25769803775.0,17227.737175022536,8311603200.0,28977.012566510173,37793.22687323944,2819411.8847480435,323694555.1404751
99,99,0.3,2577724,16486,0.1,1,90.0,3.0,268fce5b-4436-48e6-8f32-f23c135e7c1f,1053216.0,6562.0,2.0,25769803775.0,15414.485154997536,8311623679.0,10221.367602010807,8167.195394472372,1281151.1272742029,3052726.9129475597
100,100,0.3,2515348,16486,0.1,1,90.0,3.0,7bbfd19b-0c5c-4512-922b-7c617a32e9bd,1053216.0,12234.0,2.0,25769803775.0,18720.79037784504,5464989695.0,13199.72606730625,10918.225136229928,1619901.5556239388,5268111.066850452
101,101,0.3,2515636,16486,0.1,1,90.0,5.0,ab89ecbc-c4f4-4fba-abcc-d9680da4ebab,1053216.0,6530.0,2.0,25769803775.0,12983.405139648985,5464363007.0,81381.10894463645,118672.03366798445,6933464.5823969375,316209668.1026297
102,102,0.3,2577036,16486,0.1,1,90.0,5.0,9e938cf9-3313-4601-9d4e-973f93a37cc2,1053216.0,9067.0,2.0,25769803775.0,27732.83879239009,14158163967.0,11828.856248442782,27330.276293951687,1554105.5606301697,119707506.8895328
103,103,0.3,2593580,16486,0.1,1,90.0,3.0,986053aa-64c2-4131-af95-bc5128ca5e90,1053216.0,12481.0,2.0,25769803775.0,31333.214779992115,14169608191.0,13673.402969819923,31639.016765547243,1794955.38336635,137765478.3911042
104,104,0.3,2560156,16486,0.1,1,90.0,3.0,c40c774e-36b0-426a-b245-f5e4f63f893d,1053216.0,13295.0,2.0,25769803775.0,32494.048924317995,8165687295.0,17792.611377416404,20277.011924662766,2003248.6246752038,69035185.95120408
105,105,0.3,2560144,16486,0.1,1,90.0,5.0,7a724fbb-07a2-450c-a169-2427723185f5,1053216.0,9567.0,2.0,25769803775.0,28738.427839877455,8165556223.0,16082.393872225883,18890.318125537684,1791928.6008988055,68497499.23833193
106,106,0.3,2513804,16486,0.1,1,90.0,3.0,34ab6802-7bdf-47d6-86a8-2f58561e7507,1053216.0,9565.0,2.0,25769803775.0,28741.55978645645,8213610495.0,10136.496331236896,9229.12473794549,1289794.1320754716,3286278.334381551
107,107,0.3,2561460,16486,0.1,1,90.0,5.0,30a1f941-a19f-433b-adbd-501ea043f529,1053216.0,13926.0,0.0,0.0,33112.36521131853,8215392255.0,14196.63385908955,16741.584084255042,1852724.7513929014,156678163.1594738
108,108,0.3,9271884,23361,0.1,1,90.0,5.0,2fe663ba-cb78-451b-b039-14bca989cc76,2543220.0,36668.0,2.0,25769803775.0,110047.82795898966,29146648575.0,16510.509058831558,20457.152550696148,2054838.4166796615,36088069.47498416
109,109,0.3,9270096,23361,0.1,1,90.0,3.0,89affe8f-b529-4388-84f2-38d30166f8ef,2543220.0,52899.0,2.0,25769803775.0,126354.4568490959,29154582527.0,22668.140160552502,26410.656054423875,170220785.77544376,37165052.29824798
110,110,0.3,2543124,16486,0.1,1,90.0,3.0,552c35d5-c9de-4b21-9350-deff3af065cd,1053216.0,8295.0,2.0,25769803775.0,16228.906767759348,5493379071.0,24030.6944599473,95729.92105101558,2748394.09149445,511372154.53190744
111,111,0.3,2543596,16486,0.1,1,90.0,5.0,1df56ddb-b6b4-4589-b2ef-5a673487bef4,1053216.0,7947.0,2.0,25769803775.0,15881.606128109608,5492707327.0,23780.6088878327,95606.03416436227,2716412.5072113723,198163814.52015212
112,112,0.3,2514512,16486,0.1,1,90.0,3.0,9ffe1498-b603-4c78-92dc-728cbc3351d4,1053216.0,9901.0,0.0,0.0,19254.182815570028,5478899711.0,24928.689230817894,42371.1116995715,67835497.25668462,311186021.2364211
113,113,0.3,2514916,16486,0.1,1,90.0,5.0,9fb2f061-4b6d-4b27-96c4-72593d6886bb,1053216.0,9314.0,0.0,0.0,18635.29019454547,5478756351.0,22633.021505376342,39618.55268817204,2464161.9167741938,310623359.59476554
114,114,0.3,2515712,16486,0.1,1,90.0,5.0,741dd0e6-9314-433c-958f-cda8410f9715,1053216.0,12156.0,3.0,25769803776.0,20723.839694268034,5473554431.0,18949.639954871374,31450.459135487705,2041796.3630024155,133131838.84152788
115,115,0.3,2559996,16486,0.1,1,90.0,3.0,6abf993b-f577-41af-81ee-849f6f437296,1053216.0,8555.0,3.0,25769803776.0,17068.98379855544,5470507007.0,22971.587435562622,37560.86651368095,2318169.5514940466,157432730.14075056
116,116,0.3,2572188,16486,0.1,1,90.0,3.0,b577918b-df0a-4705-b67b-54bcc9b61dc8,1053216.0,8891.0,0.0,0.0,26699.948020526095,8335818751.0,32380.160504488173,62176.975605314015,2152297.435331664,157822496.61428198
117,117,0.3,2572480,16486,0.1,1,90.0,5.0,fc61c332-9c17-47c3-8801-0f7878d020ba,1053216.0,11360.0,0.0,0.0,29181.00587799334,8339804159.0,33670.23062089809,63200.17806428071,3250929.7808764516,312544957.9990087
118,118,0.3,2572480,16486,0.1,1,90.0,5.0,fc61c332-9c17-47c3-8801-0f7878d020ba,1053216.0,11360.0,0.0,0.0,29181.426910427075,8339804159.0,33670.04643001971,63200.17806428071,3250964.956271046,312533685.3348725
119,119,0.3,2572136,16486,0.1,1,90.0,5.0,abafe0d5-1735-4884-b7c8-f2170c92c16a,1053216.0,14328.0,0.0,0.0,28707.792727944638,5548388351.0,13413.941176470587,14227.667226890757,1661895.4924369748,88552026.7092437
120,120,0.3,2574756,16486,0.1,1,90.0,3.0,d74ab1c6-36f9-470a-a6b0-3c1cf8564ecc,1053216.0,14882.0,0.0,0.0,29262.903962157965,5548503039.0,13663.977116574551,14451.042816968427,1692560.7471047456,88602844.0890134
121,121,0.3,2561624,16486,0.1,1,90.0,5.0,6fc05efa-1160-4eb6-b415-53b2e0c45b1f,1053216.0,9730.0,2.0,25769803775.0,17973.03177219433,5546852351.0,19744.852251234566,49063.33018767196,2523124.6064298907,539643206.2816752
122,122,0.3,2570956,16486,0.1,1,90.0,3.0,5c031606-834d-441e-995e-90a0e1b5e925,1053216.0,12479.0,2.0,25769803775.0,20697.2604802293,5548576767.0,16847.91222647838,31796.48778402887,50207765.75653272,157836983.59102702
123,123,0.3,2514680,16486,0.1,1,90.0,3.0,3425c32a-0ce1-4379-aa09-bd7ad83ac61c,1053216.0,11214.0,0.0,0.0,19709.89602814,5488500735.0,21001.369514233753,44092.188714647826,2363475.754442262,310897108.02118945
124,124,0.3,2515208,16486,0.1,1,90.0,5.0,eed23d36-3708-47f7-9f1b-132d054365d2,1053216.0,12665.0,2.0,25769803775.0,21214.047074990907,5490323455.0,17026.872078012173,28671.45489698519,1952925.6528333984,156966444.14883795
125,125,0.3,2515364,16486,0.1,1,90.0,3.0,685090c6-ba0d-4810-80ef-5a59c0a79a80,1053216.0,6567.0,2.0,25769803775.0,13136.753457689134,5457670143.0,11140.790627795586,8774.063989572924,1389254.5485823655,3260630.4829187207
126,126,0.3,2515848,16486,0.1,1,90.0,5.0,96a8348e-877b-4414-b23c-3e5169523c3f,1053216.0,8366.0,-1.0,-1.0,14925.619053320572,5457670143.0,28980.169827774145,50672.545850922565,2888417.9773143465,312788275.2178094
127,127,0.3,2549028,16486,0.1,1,90.0,5.0,946f8ae7-e5af-45bd-a2d6-3f4fa3ff8464,1053216.0,8103.0,2.0,25769803775.0,15543.119060788576,8260972543.0,16480.228328985766,39002.35260222093,68745711.73564154,163944561.04253888
128,128,0.3,2530472,16486,0.1,1,90.0,3.0,6ee22905-d7ad-4915-a1ec-d8ac3667bf3b,1053216.0,12173.0,-1.0,-1.0,24608.53952145028,8260673535.0,41427.51170338862,83803.22059562206,4135359.6479483177,485618916.88828516
129,129,0.3,2528340,16486,0.1,1,90.0,3.0,034a0656-e5bb-4059-877b-883b9bd373e3,1053216.0,12551.0,2.0,25769803775.0,24848.846782663495,5506953215.0,21385.572064455835,69170.64996067627,2520944.567912783,324600282.2240294
130,130,0.3,2528856,16486,0.1,1,90.0,5.0,5e55bfea-495a-422e-a47c-848442e60d09,1053216.0,12249.0,2.0,25769803775.0,24526.22564946207,5506953215.0,21213.824515686276,69004.48548907999,2499540.2394767976,324421857.73634744
131,131,0.3,9267284,23361,0.1,1,90.0,5.0,a86f9144-a335-4bff-aacb-fc324b30166f,2543220.0,27934.0,-1.0,-1.0,111713.85606989008,38806134784.0,57141.73841082353,149769.9668526924,5096000.807441831,1204782308.33309
132,132,0.3,9266472,23361,0.1,1,90.0,3.0,8c9a9c02-7652-4b29-a402-8e4e1d294017,2543220.0,43121.0,-1.0,-1.0,142163.697719417,38815010816.0,59520.18909926801,152361.66449472116,5403735.461562962,1205584095.8331633
133,133,0.3,9246164,23361,0.1,1,90.0,3.0,ce1246f3-d4fd-4e40-a405-f6383a4a642f,2543220.0,56537.0,-1.0,-1.0,110181.40554659642,19446349823.0,55168.303629858434,264030.46176093956,5054471.216886,1211120759.62252
134,134,0.3,9250332,23361,0.1,1,90.0,5.0,149d1da7-b38e-40d5-bb7b-e1db0593943c,2543220.0,53602.0,-1.0,-1.0,107204.38094179594,19444740095.0,54683.4442702501,263569.17775289284,4994846.047293766,1210585513.7806215
135,135,0.3,9258920,23361,0.1,1,90.0,3.0,e5c4b706-ab03-4289-8925-ee1719d65313,2543220.0,53948.0,-1.0,-1.0,106387.49130570769,19469672447.0,27589.270798331796,24086.305450733635,329766966.264636,21005026.703461133
136,136,0.3,9260544,23361,0.1,1,90.0,5.0,f556cfbb-fc5c-438c-913b-fd08b8d6cacb,2543220.0,52468.0,-1.0,-1.0,104834.96312661361,19469139967.0,44987.255078358154,155440.62930755387,4391367.0374460835,609624299.63649
137,137,0.3,9262636,23361,0.1,1,90.0,5.0,bdf10303-7a43-4109-a2ba-b7fa546b24ea,2543220.0,50154.0,-1.0,-1.0,100231.57297502593,19473121279.0,63392.341741432276,276136.09314667864,5781696.1513368655,1213355987.7379093
138,138,0.3,9260848,23361,0.1,1,90.0,3.0,a6b786fd-cb69-4e33-9182-c61e38bb126a,2543220.0,55373.0,-1.0,-1.0,105456.23639856107,19475009535.0,65418.97921942633,279116.51221127313,63019583.24019491,1213833341.6237106
139,139,0.3,9267212,23361,0.1,1,90.0,3.0,b074f2eb-0fbf-4c33-8f27-06a9b0471495,2543220.0,51588.0,-1.0,-1.0,103024.53136425404,19509518335.0,65053.570232307204,489024.46408635925,6117999.354042336,2121858243.4924145
140,140,0.3,9268188,23361,0.1,1,90.0,5.0,50a17424-7354-40c5-b09a-a65039ef95b8,2543220.0,52046.0,-1.0,-1.0,103506.02383595749,19509694463.0,67026.27192636394,490532.74863037205,72645592.77669692,2122273373.510979
141,141,0.3,9265548,23361,0.1,1,90.0,3.0,cedeeda0-5746-43e0-a682-2954f46dbe7e,2543220.0,29631.0,-1.0,-1.0,59208.20549788476,19433934847.0,91966.05106382979,228722.40244670722,7795240.528368793,1532486342.4475002
142,142,0.3,9274640,23361,0.1,1,90.0,5.0,e64cbd47-c487-4a6f-a1a7-25f739d8c24e,2543220.0,36268.0,-1.0,-1.0,65891.9205448324,19434815487.0,105121.08352982209,236393.32927160052,450522574.04181796,1533723532.1147814
143,143,0.3,9275684,23361,0.1,1,90.0,5.0,62072a5f-596f-49f6-8f5b-cda2c618869f,2543220.0,36252.0,-1.0,-1.0,72472.78630608227,19458662399.0,52557.65351926179,216206.9221375349,4633937.770774996,1209819098.6522539
144,144,0.3,9275216,23361,0.1,1,90.0,3.0,85916f15-f4f1-4905-94b2-0830527fb71f,2543220.0,39468.0,-1.0,-1.0,75715.55500822191,19458945023.0,53224.93111227589,217141.56839401575,4937915.24259151,1210127621.7737517
145,145,0.3,9259244,23361,0.1,1,90.0,5.0,bd8cf25b-a3a1-4161-afcf-520571d6d615,2543220.0,49507.0,-1.0,-1.0,99030.88828445027,19443011583.0,45259.7354466085,90423.84078329348,4666835.150972247,1498798719.6096509
146,146,0.3,9253976,23361,0.1,1,90.0,3.0,d83ff183-4a1a-43e7-98eb-f3fc2a381315,2543220.0,52653.0,-1.0,-1.0,102205.24656963217,19443859455.0,19133.88542250071,17840.175246326056,45233879.20712107,6018986.636608439
147,147,0.3,9272276,23361,0.1,1,90.0,5.0,c2c037f0-5da1-4ad0-994f-88c76a610d11,2543220.0,40996.0,-1.0,-1.0,122994.25294393345,29193768959.0,72373.28621003214,184840.66934476575,6071229.161189579,1206494007.1564596
148,148,0.3,9271024,23361,0.1,1,90.0,3.0,7ab30bb8-5e60-4570-9730-334b2746a950,2543220.0,50208.0,-1.0,-1.0,132290.60434991532,29194391551.0,27369.436961498708,25350.106786662225,449768174.94871086,6712247.874622045
149,149,0.3,9269916,23361,0.1,1,90.0,3.0,cdf6c951-1c5b-4ffb-816d-6d7c88be5b14,2543220.0,44895.0,-1.0,-1.0,89782.44201701223,29182529535.0,54515.96730966061,125225.55873900617,5402887.105766999,1695497558.7272518
150,150,0.3,9268180,23361,0.1,1,90.0,5.0,69dd7de5-8034-4cae-a214-9b8261375583,2543220.0,51769.0,2.0,25769803775.0,91352.89054747595,19472060415.0,28788.382195602695,33166.48860322264,339600098.59091693,21171853.814967744
151,151,0.3,9270520,23361,0.1,1,90.0,3.0,ab120658-a708-4f2c-9723-ebb6950bdc04,2543220.0,43916.0,-1.0,-1.0,131702.1866195561,29123432447.0,50661.99448621554,114215.62073365231,4456878.648120301,919025477.3360744
152,152,0.3,9271108,23361,0.1,1,90.0,5.0,bccafdcd-1aff-4454-9b12-2f1a1902a9d0,2543220.0,58030.0,-1.0,-1.0,145919.34700693213,29126967295.0,60447.09704996286,124207.02670501529,389422625.43433636,920545031.0185832
153,153,0.3,9262884,23361,0.1,1,90.0,3.0,58c98cc5-456c-46a2-a5bf-b925cb721024,2543220.0,50197.0,-1.0,-1.0,93191.60727211446,19441172479.0,58495.20463613789,205735.91482766854,150353885.07132182,1633980839.0221896
154,154,0.3,9264488,23361,0.1,1,90.0,5.0,af3453b7-b501-4afc-a3b7-94bf0f77a65e,2543220.0,42959.0,-1.0,-1.0,85923.21496809929,19440390143.0,51874.07482988586,197169.71143834147,4963410.352690915,1633141077.393062
155,155,0.3,9258376,23361,0.1,1,90.0,3.0,087bca48-c2bf-4e23-ad0b-bda696f46545,2543220.0,45428.0,-1.0,-1.0,134469.37396439945,29114478591.0,76434.88439584838,227212.73564291163,451366022.8038915,1784902410.2942905
156,156,0.3,9263884,23361,0.1,1,90.0,5.0,2719eabb-0611-493b-bcf7-de026a3a05f2,2543220.0,43559.0,-1.0,-1.0,130693.76750883009,29109985279.0,60592.15555692863,205467.03902117445,5603399.875318551,1783473545.0284662
157,157,0.3,9252024,23361,0.1,1,90.0,5.0,37c79178-3c86-4438-830f-29783cd1243b,2543220.0,40361.0,2.0,25769803775.0,77819.8313571059,29089533951.0,37461.9968880994,99147.52939065022,3990338.739013468,1203101900.3263364
158,158,0.3,9257492,23361,0.1,1,90.0,3.0,a2f9c648-d0de-41f7-8fe3-628ecb71438a,2543220.0,54906.0,2.0,25769803775.0,62884.62450346751,19403059200.0,34803.39344719868,68995.99788289514,448712310.5556021,602600251.6184788
159,159,0.3,9291136,23361,0.1,1,90.0,3.0,51e7dfb0-4693-4649-a678-399e76812385,2543220.0,42484.0,-1.0,-1.0,67188.98114350915,29160017919.0,102155.64996237788,201111.71002417838,8042012.800051002,1807511901.8144362
160,160,0.3,9283288,23361,0.1,1,90.0,5.0,1d3cbb2d-ec61-49f4-bdfb-54c50548471d,2543220.0,53306.0,2.0,25769803775.0,69344.57010305164,19457159167.0,21048.85676104235,36831.56353176953,237512507.26559913,296371217.9748284
