,start,end,runtime,model,num_questions,question_method,pdf_pages,pdf_load_time,Average GPU Utilization,Max GPU Utilization,Min GPU Utilization,Standard Deviation GPU Utilization
0,2024-07-29 22:37:21,2024-07-29 22:37:27,6,eci-io/climategpt-7b,1,shifted,48,14,21.803754266211605,100.0,0.0,37.83840041675127
1,2024-07-29 22:37:27,2024-07-29 22:37:36,9,eci-io/climategpt-7b,1,shifted,126,43,21.546928327645052,100.0,0.0,37.789434348381114
2,2024-07-29 22:37:38,2024-07-29 22:37:42,5,ECarbenia/grimoiresigils,1,shifted,48,14,21.545687446626815,100.0,0.0,37.71612711038211
3,2024-07-29 22:37:42,2024-07-29 22:37:48,6,ECarbenia/grimoiresigils,1,shifted,126,43,21.465870307167236,100.0,0.0,37.62752452512959
4,2024-07-29 22:37:48,2024-07-29 22:37:54,6,text-embedding-ada-002,1,shifted,48,14,21.273037542662117,100.0,0.0,37.59683912966241
5,2024-07-29 22:37:54,2024-07-29 22:37:58,3,text-embedding-ada-002,1,shifted,126,43,21.06058020477816,100.0,0.0,37.40685784047364
6,2024-07-29 22:37:58,2024-07-29 22:38:08,11,meta-llama/Meta-Llama-3-8B,1,shifted,48,14,21.225255972696246,100.0,0.0,37.589341708743405
7,2024-07-29 22:38:09,2024-07-29 22:38:19,10,meta-llama/Meta-Llama-3-8B,1,shifted,126,43,21.40478223740393,100.0,0.0,37.66451245507075
8,2024-07-29 22:38:19,2024-07-29 22:38:26,7,meta-llama/Meta-Llama-3-70B,1,shifted,48,14,21.480375426621162,100.0,0.0,37.62587809614872
9,2024-07-29 22:38:26,2024-07-29 22:38:34,8,meta-llama/Meta-Llama-3-70B,1,shifted,126,43,22.366040955631398,100.0,0.0,38.321819971592255
10,2024-07-29 22:38:34,2024-07-29 22:38:41,6,meta-llama/Meta-Llama-3.1-8B,1,shifted,48,14,22.58788395904437,100.0,0.0,38.4249903999341
11,2024-07-29 22:38:41,2024-07-29 22:38:48,7,meta-llama/Meta-Llama-3.1-8B,1,shifted,126,43,22.652433817250213,100.0,0.0,38.544519055238915
12,2024-07-29 22:38:48,2024-07-29 22:38:56,8,meta-llama/Meta-Llama-3.1-70B,1,shifted,48,14,22.592150170648463,100.0,0.0,38.53855686598863
13,2024-07-29 22:38:57,2024-07-29 22:39:02,6,meta-llama/Meta-Llama-3.1-70B,1,shifted,126,43,22.245733788395903,100.0,0.0,38.031462868913756
14,2024-07-29 22:39:03,2024-07-29 22:39:10,7,meta-llama/Meta-Llama-3.1-405B,1,shifted,48,14,22.01877133105802,100.0,0.0,38.01504923618152
15,2024-07-29 22:39:10,2024-07-29 22:39:14,4,meta-llama/Meta-Llama-3.1-405B,1,shifted,126,43,22.292662116040955,100.0,0.0,38.144234078291156
16,2024-07-29 22:39:14,2024-07-29 22:39:21,7,eci-io/climategpt-7b,2,shifted,48,14,22.273890784982935,100.0,0.0,38.19513788026675
17,2024-07-29 22:39:21,2024-07-29 22:39:29,8,eci-io/climategpt-7b,2,shifted,126,43,22.524744027303754,100.0,0.0,38.28082090116353
18,2024-07-29 22:39:29,2024-07-29 22:39:37,8,ECarbenia/grimoiresigils,2,shifted,48,14,22.2320819112628,100.0,0.0,38.2559012791698
19,2024-07-29 22:39:37,2024-07-29 22:39:43,6,ECarbenia/grimoiresigils,2,shifted,126,43,22.716723549488055,100.0,0.0,38.634064076973544
20,2024-07-29 22:39:43,2024-07-29 22:39:52,8,text-embedding-ada-002,2,shifted,48,14,22.706484641638227,100.0,0.0,38.7462461278258
21,2024-07-29 22:39:52,2024-07-29 22:39:59,7,text-embedding-ada-002,2,shifted,126,43,22.409556313993175,100.0,0.0,38.55597385010141
22,2024-07-29 22:39:59,2024-07-29 22:40:08,9,meta-llama/Meta-Llama-3-8B,2,shifted,48,14,22.71075085324232,100.0,0.0,38.73043920537442
23,2024-07-29 22:40:09,2024-07-29 22:40:16,7,meta-llama/Meta-Llama-3-8B,2,shifted,126,43,21.871160409556314,100.0,0.0,37.89224176097187
24,2024-07-29 22:40:16,2024-07-29 22:40:24,7,meta-llama/Meta-Llama-3-70B,2,shifted,48,14,21.37627986348123,100.0,0.0,37.60479306737107
25,2024-07-29 22:40:24,2024-07-29 22:40:33,9,meta-llama/Meta-Llama-3-70B,2,shifted,126,43,21.011092150170647,100.0,0.0,37.469701461114035
26,2024-07-29 22:40:33,2024-07-29 22:40:40,7,meta-llama/Meta-Llama-3.1-8B,2,shifted,48,14,21.081058020477816,100.0,0.0,37.50098546371593
27,2024-07-29 22:40:40,2024-07-29 22:40:48,8,meta-llama/Meta-Llama-3.1-8B,2,shifted,126,43,20.97354948805461,100.0,0.0,37.607008495600326
28,2024-07-29 22:40:48,2024-07-29 22:40:55,8,meta-llama/Meta-Llama-3.1-70B,2,shifted,48,14,21.610921501706486,100.0,0.0,37.95993865852288
29,2024-07-29 22:40:55,2024-07-29 22:41:03,7,meta-llama/Meta-Llama-3.1-70B,2,shifted,126,43,22.063993174061434,100.0,0.0,38.1987275230803
30,2024-07-29 22:41:03,2024-07-29 22:41:09,6,meta-llama/Meta-Llama-3.1-405B,2,shifted,48,14,22.10580204778157,100.0,0.0,38.1804882694954
31,2024-07-29 22:41:10,2024-07-29 22:41:16,6,meta-llama/Meta-Llama-3.1-405B,2,shifted,126,43,22.444539249146757,100.0,0.0,38.41838305187252
32,2024-07-29 22:41:16,2024-07-29 22:41:28,12,eci-io/climategpt-7b,3,shifted,48,14,22.8080204778157,100.0,0.0,38.57918320960139
33,2024-07-29 22:41:28,2024-07-29 22:41:40,13,eci-io/climategpt-7b,3,shifted,126,43,22.811272416737832,100.0,0.0,38.51811973653038
34,2024-07-29 22:41:41,2024-07-29 22:41:51,11,ECarbenia/grimoiresigils,3,shifted,48,14,22.370307167235495,100.0,0.0,38.089530992283734
35,2024-07-29 22:41:51,2024-07-29 22:42:05,13,ECarbenia/grimoiresigils,3,shifted,126,43,22.925767918088738,100.0,0.0,38.66250809066446
36,2024-07-29 22:42:05,2024-07-29 22:42:18,13,text-embedding-ada-002,3,shifted,48,14,22.841296928327644,100.0,0.0,38.67836323363077
37,2024-07-29 22:42:19,2024-07-29 22:42:28,10,text-embedding-ada-002,3,shifted,126,43,23.1991452991453,100.0,0.0,39.074916520259755
38,2024-07-29 22:42:29,2024-07-29 22:42:44,15,meta-llama/Meta-Llama-3-8B,3,shifted,48,14,22.855555555555554,100.0,0.0,38.9329729223468
39,2024-07-29 22:42:44,2024-07-29 22:42:59,15,meta-llama/Meta-Llama-3-8B,3,shifted,126,43,21.697098976109213,100.0,0.0,38.23822435724911
40,2024-07-29 22:42:59,2024-07-29 22:43:13,14,meta-llama/Meta-Llama-3-70B,3,shifted,48,14,21.366894197952217,100.0,0.0,37.8968693065894
41,2024-07-29 22:43:13,2024-07-29 22:43:25,12,meta-llama/Meta-Llama-3-70B,3,shifted,126,43,21.581058020477816,100.0,0.0,37.931162643365106
42,2024-07-29 22:43:25,2024-07-29 22:43:37,12,meta-llama/Meta-Llama-3.1-8B,3,shifted,48,14,22.69283276450512,100.0,0.0,38.537652463308774
43,2024-07-29 22:43:37,2024-07-29 22:43:55,18,meta-llama/Meta-Llama-3.1-8B,3,shifted,126,43,23.051194539249146,100.0,0.0,38.89670711463608
44,2024-07-29 22:43:55,2024-07-29 22:44:08,13,meta-llama/Meta-Llama-3.1-70B,3,shifted,48,14,22.9641638225256,100.0,0.0,38.58306437325667
45,2024-07-29 22:44:09,2024-07-29 22:44:20,12,meta-llama/Meta-Llama-3.1-70B,3,shifted,126,43,23.381725021349276,100.0,0.0,38.851287463024676
46,2024-07-29 22:44:21,2024-07-29 22:44:34,14,meta-llama/Meta-Llama-3.1-405B,3,shifted,48,14,23.02732707087959,100.0,0.0,38.56980712712604
47,2024-07-29 22:44:34,2024-07-29 22:44:47,13,meta-llama/Meta-Llama-3.1-405B,3,shifted,126,43,22.12809564474808,100.0,0.0,38.02116803186198
48,2024-07-29 22:44:47,2024-07-29 22:45:38,50,eci-io/climategpt-7b,4,shifted,48,14,21.923208191126278,100.0,0.0,37.97586865520216
49,2024-07-29 22:45:38,2024-07-29 22:45:52,14,eci-io/climategpt-7b,4,shifted,126,43,22.897610921501705,100.0,0.0,38.64858109855165
50,2024-07-29 22:45:52,2024-07-29 22:46:18,25,ECarbenia/grimoiresigils,4,shifted,48,14,23.395904436860068,100.0,0.0,38.97379509315885
51,2024-07-29 22:46:19,2024-07-29 22:46:32,13,ECarbenia/grimoiresigils,4,shifted,126,43,23.536689419795223,100.0,0.0,39.072459154127195
52,2024-07-29 22:46:32,2024-07-29 22:46:48,15,text-embedding-ada-002,4,shifted,48,14,22.811433447098977,100.0,0.0,38.719262918026914
53,2024-07-29 22:46:48,2024-07-29 22:47:03,15,text-embedding-ada-002,4,shifted,126,43,22.506837606837607,100.0,0.0,38.424316479538234
54,2024-07-29 22:47:03,2024-07-29 22:47:25,22,meta-llama/Meta-Llama-3-8B,4,shifted,48,14,22.47948717948718,100.0,0.0,38.25393529007621
55,2024-07-29 22:47:25,2024-07-29 22:47:57,32,meta-llama/Meta-Llama-3-8B,4,shifted,126,43,22.43941979522184,100.0,0.0,38.58669632209189
56,2024-07-29 22:47:57,2024-07-29 22:48:16,19,meta-llama/Meta-Llama-3-70B,4,shifted,48,14,22.214529914529916,100.0,0.0,38.08860446920903
57,2024-07-29 22:48:16,2024-07-29 22:48:33,17,meta-llama/Meta-Llama-3-70B,4,shifted,126,43,22.341296928327644,100.0,0.0,38.29912250945958
58,2024-07-29 22:48:33,2024-07-29 22:48:50,17,meta-llama/Meta-Llama-3.1-8B,4,shifted,48,14,22.27920962199313,100.0,0.0,38.30616419992773
59,2024-07-29 22:48:50,2024-07-29 22:49:20,30,meta-llama/Meta-Llama-3.1-8B,4,shifted,126,43,22.7679180887372,100.0,0.0,38.60933186445678
60,2024-07-29 22:49:21,2024-07-29 22:49:35,14,meta-llama/Meta-Llama-3.1-70B,4,shifted,48,14,22.461340206185568,100.0,0.0,38.27693876916625
61,2024-07-29 22:49:35,2024-07-29 22:49:51,16,meta-llama/Meta-Llama-3.1-70B,4,shifted,126,43,22.013651877133107,100.0,0.0,38.02688811824171
62,2024-07-29 22:49:51,2024-07-29 22:50:21,30,meta-llama/Meta-Llama-3.1-405B,4,shifted,48,14,22.040677966101693,100.0,0.0,38.02637412784664
63,2024-07-29 22:50:21,2024-07-29 22:50:46,24,meta-llama/Meta-Llama-3.1-405B,4,shifted,126,43,22.054237288135592,100.0,0.0,38.17668545029529
64,2024-07-29 22:50:46,2024-07-29 22:51:19,34,eci-io/climategpt-7b,5,shifted,48,14,22.033050847457627,100.0,0.0,38.07529827114645
65,2024-07-29 22:51:20,2024-07-29 22:51:34,15,eci-io/climategpt-7b,5,shifted,126,43,22.308474576271188,100.0,0.0,38.29353742731797
66,2024-07-29 22:51:34,2024-07-29 22:52:07,32,ECarbenia/grimoiresigils,5,shifted,48,14,21.636440677966103,100.0,0.0,37.618425197997176
67,2024-07-29 22:52:07,2024-07-29 22:52:26,19,ECarbenia/grimoiresigils,5,shifted,126,43,22.13305084745763,100.0,0.0,38.16965954927651
68,2024-07-29 22:52:26,2024-07-29 22:52:48,22,text-embedding-ada-002,5,shifted,48,14,22.644915254237286,100.0,0.0,38.528755324381784
69,2024-07-29 22:52:48,2024-07-29 22:53:12,23,text-embedding-ada-002,5,shifted,126,43,22.14915254237288,100.0,0.0,38.09213584889367
70,2024-07-29 22:53:12,2024-07-29 22:53:34,22,meta-llama/Meta-Llama-3-8B,5,shifted,48,14,22.022881355932203,100.0,0.0,38.078357475875336
71,2024-07-29 22:53:34,2024-07-29 22:53:58,23,meta-llama/Meta-Llama-3-8B,5,shifted,126,43,21.8,100.0,0.0,38.064883671919226
72,2024-07-29 22:53:58,2024-07-29 22:54:14,16,meta-llama/Meta-Llama-3-70B,5,shifted,48,14,22.575423728813558,100.0,0.0,38.63388413863011
73,2024-07-29 22:54:14,2024-07-29 22:54:39,25,meta-llama/Meta-Llama-3-70B,5,shifted,126,43,22.726271186440677,100.0,0.0,38.80180151979669
74,2024-07-29 22:54:40,2024-07-29 22:54:55,16,meta-llama/Meta-Llama-3.1-8B,5,shifted,48,14,22.627118644067796,100.0,0.0,38.63851230200408
75,2024-07-29 22:54:56,2024-07-29 22:55:24,28,meta-llama/Meta-Llama-3.1-8B,5,shifted,126,43,22.23813559322034,100.0,0.0,38.2812244996525
76,2024-07-29 22:55:24,2024-07-29 22:55:42,18,meta-llama/Meta-Llama-3.1-70B,5,shifted,48,14,21.9364406779661,100.0,0.0,38.1896103471287
77,2024-07-29 22:55:42,2024-07-29 22:55:59,17,meta-llama/Meta-Llama-3.1-70B,5,shifted,126,43,21.55,100.0,0.0,37.983725477991854
78,2024-07-29 22:55:59,2024-07-29 22:56:20,20,meta-llama/Meta-Llama-3.1-405B,5,shifted,48,14,21.874579124579125,100.0,0.0,38.12808538251621
79,2024-07-29 22:56:20,2024-07-29 22:56:49,30,meta-llama/Meta-Llama-3.1-405B,5,shifted,126,43,22.006734006734007,100.0,0.0,38.00518682873517
80,2024-07-29 22:56:50,2024-07-29 22:57:13,24,eci-io/climategpt-7b,6,shifted,48,14,21.5993265993266,100.0,0.0,38.02565621124688
81,2024-07-29 22:57:13,2024-07-29 22:58:11,57,eci-io/climategpt-7b,6,shifted,126,43,21.38888888888889,100.0,0.0,37.67142042553322
82,2024-07-29 22:58:11,2024-07-29 22:58:35,24,ECarbenia/grimoiresigils,6,shifted,48,14,21.05892255892256,100.0,0.0,37.36362312632789
83,2024-07-29 22:58:35,2024-07-29 22:58:56,21,ECarbenia/grimoiresigils,6,shifted,126,43,20.914141414141415,100.0,0.0,37.418546667792626
84,2024-07-29 22:58:56,2024-07-29 22:59:19,23,text-embedding-ada-002,6,shifted,48,14,20.714646464646464,100.0,0.0,37.07071346892031
85,2024-07-29 22:59:19,2024-07-29 22:59:46,27,text-embedding-ada-002,6,shifted,126,43,21.57154882154882,100.0,0.0,37.983733918850085
86,2024-07-29 22:59:46,2024-07-29 23:00:07,21,meta-llama/Meta-Llama-3-8B,6,shifted,48,14,21.36026936026936,100.0,0.0,37.78487197126994
87,2024-07-29 23:00:07,2024-07-29 23:00:35,28,meta-llama/Meta-Llama-3-8B,6,shifted,126,43,21.463804713804713,100.0,0.0,37.65391825429558
88,2024-07-29 23:00:35,2024-07-29 23:01:00,25,meta-llama/Meta-Llama-3-70B,6,shifted,48,14,20.525252525252526,100.0,0.0,37.06269015060654
89,2024-07-29 23:01:00,2024-07-29 23:01:19,19,meta-llama/Meta-Llama-3-70B,6,shifted,126,43,21.912384161752318,100.0,0.0,37.84136239914322
90,2024-07-29 23:01:19,2024-07-29 23:01:37,18,meta-llama/Meta-Llama-3.1-8B,6,shifted,48,14,21.17676767676768,100.0,0.0,37.41255323644262
91,2024-07-29 23:01:37,2024-07-29 23:01:59,22,meta-llama/Meta-Llama-3.1-8B,6,shifted,126,43,21.132996632996633,100.0,0.0,37.55332054810466
92,2024-07-29 23:01:59,2024-07-29 23:02:25,26,meta-llama/Meta-Llama-3.1-70B,6,shifted,48,14,22.173400673400675,100.0,0.0,38.31677788008068
93,2024-07-29 23:02:25,2024-07-29 23:02:44,19,meta-llama/Meta-Llama-3.1-70B,6,shifted,126,43,21.63804713804714,100.0,0.0,38.112682221814225
94,2024-07-29 23:02:44,2024-07-29 23:03:14,29,meta-llama/Meta-Llama-3.1-405B,6,shifted,48,14,21.64983164983165,100.0,0.0,37.95401742758315
95,2024-07-29 23:03:14,2024-07-29 23:03:32,18,meta-llama/Meta-Llama-3.1-405B,6,shifted,126,43,21.945286195286194,100.0,0.0,37.901675698137474
96,2024-07-29 23:03:32,2024-07-29 23:03:52,20,eci-io/climategpt-7b,7,shifted,48,14,21.891414141414142,100.0,0.0,37.945566835671414
97,2024-07-29 23:03:52,2024-07-29 23:04:33,41,eci-io/climategpt-7b,7,shifted,126,43,21.834175084175083,100.0,0.0,38.041948341364716
98,2024-07-29 23:04:33,2024-07-29 23:04:59,26,ECarbenia/grimoiresigils,7,shifted,48,14,20.70959595959596,100.0,0.0,37.06712882411775
99,2024-07-29 23:04:59,2024-07-29 23:05:36,37,ECarbenia/grimoiresigils,7,shifted,126,43,22.034511784511785,100.0,0.0,37.96286467549177
100,2024-07-29 23:05:36,2024-07-29 23:06:31,55,text-embedding-ada-002,7,shifted,48,14,21.512215669755687,100.0,0.0,37.668772240212206
101,2024-07-29 23:06:31,2024-07-29 23:07:32,61,text-embedding-ada-002,7,shifted,126,43,22.65226598898772,100.0,0.0,38.49066313360699
102,2024-07-29 23:07:32,2024-07-29 23:08:40,68,meta-llama/Meta-Llama-3-8B,7,shifted,48,14,23.38881829733164,100.0,0.0,38.87048826510151
103,2024-07-29 23:08:40,2024-07-29 23:10:01,82,meta-llama/Meta-Llama-3-8B,7,shifted,126,43,22.45173581710415,100.0,0.0,38.44989367400392
104,2024-07-29 23:10:02,2024-07-29 23:11:25,84,meta-llama/Meta-Llama-3-70B,7,shifted,48,14,21.942845046570703,100.0,0.0,38.10090086035667
105,2024-07-29 23:11:26,2024-07-29 23:12:23,57,meta-llama/Meta-Llama-3-70B,7,shifted,126,43,22.1696352841391,100.0,0.0,38.42062433531093
106,2024-07-29 23:12:24,2024-07-29 23:13:19,55,meta-llama/Meta-Llama-3.1-8B,7,shifted,48,14,22.55207451312447,100.0,0.0,38.19370841144091
107,2024-07-29 23:13:19,2024-07-29 23:14:19,60,meta-llama/Meta-Llama-3.1-8B,7,shifted,126,43,22.775613886536835,100.0,0.0,38.62249595945373
108,2024-07-29 23:14:20,2024-07-29 23:15:14,54,meta-llama/Meta-Llama-3.1-70B,7,shifted,48,14,22.878069432684168,100.0,0.0,38.78841389565881
109,2024-07-29 23:15:14,2024-07-29 23:16:42,87,meta-llama/Meta-Llama-3.1-70B,7,shifted,126,43,22.336155800169347,100.0,0.0,38.17212345441817
110,2024-07-29 23:16:42,2024-07-29 23:17:47,64,meta-llama/Meta-Llama-3.1-405B,7,shifted,48,14,23.248941574936495,100.0,0.0,38.48799227672715
111,2024-07-29 23:17:47,2024-07-29 23:18:51,64,meta-llama/Meta-Llama-3.1-405B,7,shifted,126,43,22.434599156118143,100.0,0.0,37.91452675859864
112,2024-07-29 23:18:52,2024-07-29 23:20:48,116,eci-io/climategpt-7b,8,shifted,48,14,22.314526315789475,100.0,0.0,37.94371329508028
113,2024-07-29 23:20:48,2024-07-29 23:22:25,97,eci-io/climategpt-7b,8,shifted,126,43,22.871157894736843,100.0,0.0,38.23825991877441
114,2024-07-29 23:22:25,2024-07-29 23:25:03,157,ECarbenia/grimoiresigils,8,shifted,48,14,23.03223997757219,100.0,0.0,38.404251188728566
115,2024-07-29 23:25:03,2024-07-29 23:26:23,80,ECarbenia/grimoiresigils,8,shifted,126,43,23.11354079058032,100.0,0.0,38.65660250354087
116,2024-07-29 23:26:23,2024-07-29 23:27:43,80,text-embedding-ada-002,8,shifted,48,14,23.557611438183347,100.0,0.0,38.82210057630172
117,2024-07-29 23:27:44,2024-07-29 23:30:06,142,text-embedding-ada-002,8,shifted,126,43,23.642176107683678,100.0,0.0,38.763415238204
118,2024-07-29 23:30:06,2024-07-29 23:32:14,128,meta-llama/Meta-Llama-3-8B,8,shifted,48,14,23.681155356141335,100.0,0.0,38.78236638106278
119,2024-07-29 23:32:14,2024-07-29 23:33:38,84,meta-llama/Meta-Llama-3-8B,8,shifted,126,43,23.770395290159797,100.0,0.0,38.91405930646883
120,2024-07-29 23:33:38,2024-07-29 23:34:51,73,meta-llama/Meta-Llama-3-70B,8,shifted,48,14,23.19057635675221,100.0,0.0,38.3949256438657
121,2024-07-29 23:34:52,2024-07-29 23:36:17,85,meta-llama/Meta-Llama-3-70B,8,shifted,126,43,23.384777123633306,100.0,0.0,38.60845668517743
122,2024-07-29 23:36:17,2024-07-29 23:37:41,83,meta-llama/Meta-Llama-3.1-8B,8,shifted,48,14,24.0744322960471,100.0,0.0,39.07480622988515
123,2024-07-29 23:37:41,2024-07-29 23:40:03,142,meta-llama/Meta-Llama-3.1-8B,8,shifted,126,43,24.394449116904962,100.0,0.0,39.286314065137205
124,2024-07-29 23:40:04,2024-07-29 23:41:21,78,meta-llama/Meta-Llama-3.1-70B,8,shifted,48,14,23.352396972245586,100.0,0.0,38.663062892108
125,2024-07-29 23:41:22,2024-07-29 23:42:05,43,meta-llama/Meta-Llama-3.1-70B,8,shifted,126,43,23.186711522287638,100.0,0.0,38.35404085008967
126,2024-07-29 23:42:05,2024-07-29 23:42:35,29,meta-llama/Meta-Llama-3.1-405B,8,shifted,48,14,22.760777683854606,100.0,0.0,38.21582777406898
127,2024-07-29 23:42:35,2024-07-29 23:43:18,43,meta-llama/Meta-Llama-3.1-405B,8,shifted,126,43,22.967199327165684,100.0,0.0,38.12346724604239
128,2024-07-29 23:43:18,2024-07-29 23:44:15,57,eci-io/climategpt-7b,9,shifted,48,14,23.190075693860386,100.0,0.0,38.58401828583705
129,2024-07-29 23:44:15,2024-07-29 23:45:20,65,eci-io/climategpt-7b,9,shifted,126,43,22.48738435660219,100.0,0.0,38.015198129463144
130,2024-07-29 23:45:20,2024-07-29 23:46:05,45,ECarbenia/grimoiresigils,9,shifted,48,14,22.705634987384357,100.0,0.0,38.0177941264402
131,2024-07-29 23:46:05,2024-07-29 23:47:21,76,ECarbenia/grimoiresigils,9,shifted,126,43,23.00883095037847,100.0,0.0,38.48598089584535
132,2024-07-29 23:47:22,2024-07-29 23:48:21,60,text-embedding-ada-002,9,shifted,48,14,23.015979814970564,100.0,0.0,38.38238732659136
133,2024-07-29 23:48:22,2024-07-29 23:49:10,49,text-embedding-ada-002,9,shifted,126,43,22.938983050847458,100.0,0.0,38.27497058144838
134,2024-07-29 23:49:11,2024-07-29 23:50:12,62,meta-llama/Meta-Llama-3-8B,9,shifted,48,14,22.89346349745331,100.0,0.0,38.31565322549984
135,2024-07-29 23:50:12,2024-07-29 23:51:20,68,meta-llama/Meta-Llama-3-8B,9,shifted,126,43,22.730293992330633,100.0,0.0,38.16124467436594
136,2024-07-29 23:51:21,2024-07-29 23:52:12,51,meta-llama/Meta-Llama-3-70B,9,shifted,48,14,22.820272572402043,100.0,0.0,38.156306580891055
137,2024-07-29 23:52:12,2024-07-29 23:53:08,56,meta-llama/Meta-Llama-3-70B,9,shifted,126,43,24.00425894378194,100.0,0.0,39.00550793625326
138,2024-07-29 23:53:08,2024-07-29 23:54:13,65,meta-llama/Meta-Llama-3.1-8B,9,shifted,48,14,23.07515923566879,100.0,0.0,38.41073740518258
139,2024-07-29 23:54:13,2024-07-29 23:55:22,69,meta-llama/Meta-Llama-3.1-8B,9,shifted,126,43,23.21012658227848,100.0,0.0,38.55450307623582
140,2024-07-29 23:55:23,2024-07-29 23:58:42,199,meta-llama/Meta-Llama-3.1-70B,9,shifted,48,14,23.641699978960656,100.0,0.0,38.628482798380126
141,2024-07-29 23:58:42,2024-07-29 23:59:24,42,meta-llama/Meta-Llama-3.1-70B,9,shifted,126,43,23.84317032040472,100.0,0.0,38.57032406480134
142,2024-07-29 23:59:24,2024-07-30 00:00:23,59,meta-llama/Meta-Llama-3.1-405B,9,shifted,48,14,23.814814814814813,100.0,0.0,38.8525744784706
143,2024-07-30 00:00:23,2024-07-30 00:01:32,69,meta-llama/Meta-Llama-3.1-405B,9,shifted,126,43,23.6233164983165,100.0,0.0,38.42408163894366
144,2024-07-30 00:01:33,2024-07-30 00:02:16,44,eci-io/climategpt-7b,10,shifted,48,14,23.97138047138047,100.0,0.0,38.808117023003405
145,2024-07-30 00:02:16,2024-07-30 00:03:08,52,eci-io/climategpt-7b,10,shifted,126,43,23.386363636363637,100.0,0.0,38.43667489950409
146,2024-07-30 00:03:08,2024-07-30 00:04:01,53,ECarbenia/grimoiresigils,10,shifted,48,14,22.978114478114477,100.0,0.0,38.19344447003464
147,2024-07-30 00:04:02,2024-07-30 00:04:57,55,ECarbenia/grimoiresigils,10,shifted,126,43,22.488215488215488,100.0,0.0,38.00426565665752
148,2024-07-30 00:04:57,2024-07-30 00:05:49,51,text-embedding-ada-002,10,shifted,48,14,23.09090909090909,100.0,0.0,38.24355705374635
149,2024-07-30 00:05:49,2024-07-30 00:06:40,51,text-embedding-ada-002,10,shifted,126,43,23.653198653198654,100.0,0.0,38.68773218482812
150,2024-07-30 00:06:40,2024-07-30 00:07:45,65,meta-llama/Meta-Llama-3-8B,10,shifted,48,14,23.272727272727273,100.0,0.0,38.41882911570847
151,2024-07-30 00:07:45,2024-07-30 00:08:37,52,meta-llama/Meta-Llama-3-8B,10,shifted,126,43,24.06986531986532,100.0,0.0,39.07055378228769
152,2024-07-30 00:08:37,2024-07-30 00:09:21,43,meta-llama/Meta-Llama-3-70B,10,shifted,48,14,23.47895622895623,100.0,0.0,38.45813568578243
153,2024-07-30 00:09:21,2024-07-30 00:10:11,50,meta-llama/Meta-Llama-3-70B,10,shifted,126,43,24.483164983164983,100.0,0.0,38.98627697235065
154,2024-07-30 00:10:13,2024-07-30 00:11:07,55,meta-llama/Meta-Llama-3.1-8B,10,shifted,48,14,24.623946037099493,100.0,0.0,39.356493359588455
155,2024-07-30 00:11:07,2024-07-30 00:11:56,49,meta-llama/Meta-Llama-3.1-8B,10,shifted,126,43,23.171717171717173,100.0,0.0,38.45463601330441
156,2024-07-30 00:11:56,2024-07-30 00:12:44,47,meta-llama/Meta-Llama-3.1-70B,10,shifted,48,14,23.524410774410775,100.0,0.0,38.52517303151657
157,2024-07-30 00:12:44,2024-07-30 00:13:43,59,meta-llama/Meta-Llama-3.1-70B,10,shifted,126,43,21.997474747474747,100.0,0.0,37.6362561627478
158,2024-07-30 00:13:44,2024-07-30 00:14:36,52,meta-llama/Meta-Llama-3.1-405B,10,shifted,48,14,22.237373737373737,100.0,0.0,38.033429411865384
159,2024-07-30 00:14:36,2024-07-30 00:15:38,62,meta-llama/Meta-Llama-3.1-405B,10,shifted,126,43,23.538299663299664,100.0,0.0,38.884641886269534
160,2024-07-30 00:15:38,2024-07-30 00:17:05,87,eci-io/climategpt-7b,11,shifted,48,14,23.164210526315788,100.0,0.0,38.602034715823706
161,2024-07-30 00:17:05,2024-07-30 00:18:18,73,eci-io/climategpt-7b,11,shifted,126,43,22.53324915824916,100.0,0.0,38.224606972976524
162,2024-07-30 00:18:18,2024-07-30 00:19:34,76,ECarbenia/grimoiresigils,11,shifted,48,14,22.782315789473685,100.0,0.0,38.427638850953244
163,2024-07-30 00:19:34,2024-07-30 00:20:22,48,ECarbenia/grimoiresigils,11,shifted,126,43,23.31255265374895,100.0,0.0,38.87528208651942
164,2024-07-30 00:20:23,2024-07-30 00:21:23,61,text-embedding-ada-002,11,shifted,48,14,23.85888795282224,100.0,0.0,39.136937067310434
165,2024-07-30 00:21:24,2024-07-30 00:22:25,61,text-embedding-ada-002,11,shifted,126,43,23.493894736842105,100.0,0.0,38.950434348282094
166,2024-07-30 00:22:25,2024-07-30 00:23:31,66,meta-llama/Meta-Llama-3-8B,11,shifted,48,14,22.841684210526317,100.0,0.0,38.55107703487581
167,2024-07-30 00:23:31,2024-07-30 00:24:34,63,meta-llama/Meta-Llama-3-8B,11,shifted,126,43,22.826526315789472,100.0,0.0,38.51500286922034
168,2024-07-30 00:24:34,2024-07-30 00:25:38,64,meta-llama/Meta-Llama-3-70B,11,shifted,48,14,22.783670033670035,100.0,0.0,38.33852978208081
169,2024-07-30 00:25:39,2024-07-30 00:26:55,76,meta-llama/Meta-Llama-3-70B,11,shifted,126,43,21.96752425137073,100.0,0.0,37.74811309095004
170,2024-07-30 00:26:55,2024-07-30 00:27:46,51,meta-llama/Meta-Llama-3.1-8B,11,shifted,48,14,21.22979797979798,100.0,0.0,37.10919093051888
171,2024-07-30 00:27:46,2024-07-30 00:28:27,41,meta-llama/Meta-Llama-3.1-8B,11,shifted,126,43,22.776936026936028,100.0,0.0,38.56693530442913
172,2024-07-30 00:28:27,2024-07-30 00:29:44,77,meta-llama/Meta-Llama-3.1-70B,11,shifted,48,14,21.94486531986532,100.0,0.0,37.80428144706922
173,2024-07-30 00:29:44,2024-07-30 00:31:19,94,meta-llama/Meta-Llama-3.1-70B,11,shifted,126,43,21.990315789473684,100.0,0.0,37.676642529237824
174,2024-07-30 00:31:19,2024-07-30 00:32:20,62,meta-llama/Meta-Llama-3.1-405B,11,shifted,48,14,23.069444444444443,100.0,0.0,38.46422010219596
175,2024-07-30 00:32:20,2024-07-30 00:33:30,69,meta-llama/Meta-Llama-3.1-405B,11,shifted,126,43,22.436394271272114,100.0,0.0,38.049892366695794
176,2024-07-30 00:33:30,2024-07-30 00:34:40,70,eci-io/climategpt-7b,12,shifted,48,14,21.70766638584667,100.0,0.0,37.44333052254057
177,2024-07-30 00:34:40,2024-07-30 00:35:39,59,eci-io/climategpt-7b,12,shifted,126,43,22.665824915824917,100.0,0.0,38.184895063743916
178,2024-07-30 00:35:39,2024-07-30 00:36:34,55,ECarbenia/grimoiresigils,12,shifted,48,14,22.78920741989882,100.0,0.0,38.20377631559648
179,2024-07-30 00:36:35,2024-07-30 00:37:28,53,ECarbenia/grimoiresigils,12,shifted,126,43,22.478114478114477,100.0,0.0,38.10129750974666
180,2024-07-30 00:37:28,2024-07-30 00:38:37,69,text-embedding-ada-002,12,shifted,48,14,23.425505050505052,100.0,0.0,38.77500450653305
181,2024-07-30 00:38:37,2024-07-30 00:39:42,65,text-embedding-ada-002,12,shifted,126,43,23.36378947368421,100.0,0.0,38.80272012702741
182,2024-07-30 00:39:42,2024-07-30 00:40:37,55,meta-llama/Meta-Llama-3-8B,12,shifted,48,14,21.63047138047138,100.0,0.0,37.44827127986103
183,2024-07-30 00:40:38,2024-07-30 00:41:50,72,meta-llama/Meta-Llama-3-8B,12,shifted,126,43,23.24421052631579,100.0,0.0,38.716934191849184
184,2024-07-30 00:41:50,2024-07-30 00:43:01,71,meta-llama/Meta-Llama-3-70B,12,shifted,48,14,23.06607744107744,100.0,0.0,38.69482558004637
185,2024-07-30 00:43:03,2024-07-30 00:44:17,74,meta-llama/Meta-Llama-3-70B,12,shifted,126,43,23.254844144903117,100.0,0.0,38.84846254697786
186,2024-07-30 00:44:18,2024-07-30 00:45:30,72,meta-llama/Meta-Llama-3.1-8B,12,shifted,48,14,22.56607744107744,100.0,0.0,38.282702571055445
187,2024-07-30 00:45:30,2024-07-30 00:46:31,60,meta-llama/Meta-Llama-3.1-8B,12,shifted,126,43,22.446127946127945,100.0,0.0,37.92228676414357
188,2024-07-30 00:46:31,2024-07-30 00:47:33,62,meta-llama/Meta-Llama-3.1-70B,12,shifted,48,14,22.343434343434343,100.0,0.0,37.81204351484775
189,2024-07-30 00:47:33,2024-07-30 00:48:25,52,meta-llama/Meta-Llama-3.1-70B,12,shifted,126,43,21.80892255892256,100.0,0.0,37.58434071179668
190,2024-07-30 00:48:25,2024-07-30 00:49:32,67,meta-llama/Meta-Llama-3.1-405B,12,shifted,48,14,22.194023569023567,100.0,0.0,38.12195143364698
191,2024-07-30 00:49:32,2024-07-30 00:50:36,64,meta-llama/Meta-Llama-3.1-405B,12,shifted,126,43,22.52020202020202,100.0,0.0,38.170713658251444
192,2024-07-30 00:50:36,2024-07-30 00:51:26,50,eci-io/climategpt-7b,13,shifted,48,14,22.653198653198654,100.0,0.0,38.21842423500528
193,2024-07-30 00:51:26,2024-07-30 00:52:10,43,eci-io/climategpt-7b,13,shifted,126,43,22.583333333333332,100.0,0.0,38.014947953433726
194,2024-07-30 00:52:10,2024-07-30 00:52:58,48,ECarbenia/grimoiresigils,13,shifted,48,14,22.315656565656564,100.0,0.0,37.67404015262991
195,2024-07-30 00:52:58,2024-07-30 00:53:52,54,ECarbenia/grimoiresigils,13,shifted,126,43,23.616161616161616,100.0,0.0,38.76471886337937
196,2024-07-30 00:53:52,2024-07-30 00:54:54,62,text-embedding-ada-002,13,shifted,48,14,22.759680134680135,100.0,0.0,38.22669101891423
197,2024-07-30 00:54:54,2024-07-30 00:55:36,42,text-embedding-ada-002,13,shifted,126,43,22.75841750841751,100.0,0.0,38.35841333375901
198,2024-07-30 00:55:36,2024-07-30 00:56:44,67,meta-llama/Meta-Llama-3-8B,13,shifted,48,14,22.675084175084177,100.0,0.0,38.29573105236427
199,2024-07-30 00:56:44,2024-07-30 00:57:52,68,meta-llama/Meta-Llama-3-8B,13,shifted,126,43,23.255050505050505,100.0,0.0,38.71393297070973
200,2024-07-30 00:57:52,2024-07-30 00:58:32,40,meta-llama/Meta-Llama-3-70B,13,shifted,48,14,23.394781144781145,100.0,0.0,38.830240428429654
201,2024-07-30 00:58:32,2024-07-30 00:59:12,39,meta-llama/Meta-Llama-3-70B,13,shifted,126,43,21.845959595959595,100.0,0.0,37.724613032876206
202,2024-07-30 00:59:12,2024-07-30 00:59:59,47,meta-llama/Meta-Llama-3.1-8B,13,shifted,48,14,22.949494949494948,100.0,0.0,38.31795074590501
203,2024-07-30 00:59:59,2024-07-30 01:01:05,66,meta-llama/Meta-Llama-3.1-8B,13,shifted,126,43,22.944444444444443,100.0,0.0,38.34026420943292
204,2024-07-30 01:01:05,2024-07-30 01:02:00,55,meta-llama/Meta-Llama-3.1-70B,13,shifted,48,14,23.29882154882155,100.0,0.0,38.51938448260074
205,2024-07-30 01:02:00,2024-07-30 01:02:55,55,meta-llama/Meta-Llama-3.1-70B,13,shifted,126,43,23.189393939393938,100.0,0.0,38.512663661598424
206,2024-07-30 01:02:55,2024-07-30 01:03:43,48,meta-llama/Meta-Llama-3.1-405B,13,shifted,48,14,22.745791245791246,100.0,0.0,38.32026206039847
207,2024-07-30 01:03:43,2024-07-30 01:04:58,75,meta-llama/Meta-Llama-3.1-405B,13,shifted,126,43,22.067340067340066,100.0,0.0,37.90206341051118
208,2024-07-30 01:04:58,2024-07-30 01:06:19,81,eci-io/climategpt-7b,14,shifted,48,14,22.50357894736842,100.0,0.0,38.165734661680155
209,2024-07-30 01:06:19,2024-07-30 01:07:44,84,eci-io/climategpt-7b,14,shifted,126,43,22.232744107744107,100.0,0.0,37.958505280917464
210,2024-07-30 01:07:44,2024-07-30 01:09:13,90,ECarbenia/grimoiresigils,14,shifted,48,14,22.193602693602692,100.0,0.0,37.96713782795212
211,2024-07-30 01:09:14,2024-07-30 01:10:29,75,ECarbenia/grimoiresigils,14,shifted,126,43,22.170454545454547,100.0,0.0,37.94790870548227
212,2024-07-30 01:10:29,2024-07-30 01:12:07,98,text-embedding-ada-002,14,shifted,48,14,22.132154882154882,100.0,0.0,38.090620496898424
213,2024-07-30 01:12:07,2024-07-30 01:13:16,68,text-embedding-ada-002,14,shifted,126,43,22.44570707070707,100.0,0.0,38.15905215755494
214,2024-07-30 01:13:16,2024-07-30 01:14:28,72,meta-llama/Meta-Llama-3-8B,14,shifted,48,14,22.7003367003367,100.0,0.0,38.126894167161765
215,2024-07-30 01:14:28,2024-07-30 01:15:52,84,meta-llama/Meta-Llama-3-8B,14,shifted,126,43,22.150252525252526,100.0,0.0,37.815092280024
216,2024-07-30 01:15:52,2024-07-30 01:17:29,97,meta-llama/Meta-Llama-3-70B,14,shifted,48,14,22.151094276094277,100.0,0.0,37.801892223064186
217,2024-07-30 01:17:29,2024-07-30 01:19:15,106,meta-llama/Meta-Llama-3-70B,14,shifted,126,43,22.270622895622896,100.0,0.0,37.93025727071152
218,2024-07-30 01:19:15,2024-07-30 01:20:32,77,meta-llama/Meta-Llama-3.1-8B,14,shifted,48,14,22.539141414141415,100.0,0.0,38.22398453354143
219,2024-07-30 01:20:32,2024-07-30 01:21:36,64,meta-llama/Meta-Llama-3.1-8B,14,shifted,126,43,22.222643097643097,100.0,0.0,37.85583301672333
220,2024-07-30 01:21:36,2024-07-30 01:22:48,72,meta-llama/Meta-Llama-3.1-70B,14,shifted,48,14,22.311026936026938,100.0,0.0,37.83462714217049
221,2024-07-30 01:22:49,2024-07-30 01:24:16,88,meta-llama/Meta-Llama-3.1-70B,14,shifted,126,43,22.258105263157894,100.0,0.0,37.74304993835824
222,2024-07-30 01:24:17,2024-07-30 01:25:48,91,meta-llama/Meta-Llama-3.1-405B,14,shifted,48,14,22.207912457912457,100.0,0.0,37.90790663948224
223,2024-07-30 01:25:48,2024-07-30 01:27:08,80,meta-llama/Meta-Llama-3.1-405B,14,shifted,126,43,21.318181818181817,100.0,0.0,37.32711420061099
224,2024-07-30 01:27:08,2024-07-30 01:28:05,57,eci-io/climategpt-7b,15,shifted,48,14,21.410774410774412,100.0,0.0,37.313778475259106
225,2024-07-30 01:28:05,2024-07-30 01:29:16,71,eci-io/climategpt-7b,15,shifted,126,43,21.210016835016834,100.0,0.0,37.3823273843858
226,2024-07-30 01:29:16,2024-07-30 01:30:38,82,ECarbenia/grimoiresigils,15,shifted,48,14,21.842171717171716,100.0,0.0,37.6540027334423
227,2024-07-30 01:30:38,2024-07-30 01:31:48,70,ECarbenia/grimoiresigils,15,shifted,126,43,21.54928390901432,100.0,0.0,37.35890852612306
228,2024-07-30 01:31:48,2024-07-30 01:32:45,57,text-embedding-ada-002,15,shifted,48,14,20.893097643097644,100.0,0.0,36.976955224737296
229,2024-07-30 01:32:45,2024-07-30 01:33:39,54,text-embedding-ada-002,15,shifted,126,43,21.186340640809444,100.0,0.0,37.102956524847315
230,2024-07-30 01:33:40,2024-07-30 01:34:41,61,meta-llama/Meta-Llama-3-8B,15,shifted,48,14,21.435368421052633,100.0,0.0,37.54573638348559
231,2024-07-30 01:34:41,2024-07-30 01:35:57,76,meta-llama/Meta-Llama-3-8B,15,shifted,126,43,21.152356902356903,100.0,0.0,37.15801165606344
232,2024-07-30 01:35:57,2024-07-30 01:37:20,83,meta-llama/Meta-Llama-3-70B,15,shifted,48,14,20.601180438448566,100.0,0.0,36.83168549479516
233,2024-07-30 01:37:20,2024-07-30 01:38:19,59,meta-llama/Meta-Llama-3-70B,15,shifted,126,43,21.23148148148148,100.0,0.0,37.50070308346899
234,2024-07-30 01:38:19,2024-07-30 01:39:21,62,meta-llama/Meta-Llama-3.1-8B,15,shifted,48,14,20.70286195286195,100.0,0.0,37.01946128607277
235,2024-07-30 01:39:21,2024-07-30 01:40:18,57,meta-llama/Meta-Llama-3.1-8B,15,shifted,126,43,20.92003367003367,100.0,0.0,37.29227672433609
236,2024-07-30 01:40:18,2024-07-30 01:42:44,146,meta-llama/Meta-Llama-3.1-70B,15,shifted,48,14,21.828282828282827,100.0,0.0,37.74497830625388
237,2024-07-30 01:42:44,2024-07-30 01:43:37,53,meta-llama/Meta-Llama-3.1-70B,15,shifted,126,43,21.864478114478114,100.0,0.0,37.827449113931614
238,2024-07-30 01:43:38,2024-07-30 01:44:37,60,meta-llama/Meta-Llama-3.1-405B,15,shifted,48,14,21.504208754208754,100.0,0.0,37.62136752995721
239,2024-07-30 01:44:38,2024-07-30 01:45:32,55,meta-llama/Meta-Llama-3.1-405B,15,shifted,126,43,21.03872053872054,100.0,0.0,36.8421370931425
240,2024-07-30 01:45:33,2024-07-30 01:46:54,81,eci-io/climategpt-7b,16,shifted,48,14,20.949915824915823,100.0,0.0,36.88506781017669
241,2024-07-30 01:46:54,2024-07-30 01:48:05,71,eci-io/climategpt-7b,16,shifted,126,43,20.978535353535353,100.0,0.0,36.843383496850734
242,2024-07-30 01:48:05,2024-07-30 01:49:19,74,ECarbenia/grimoiresigils,16,shifted,48,14,21.577263157894738,100.0,0.0,37.23251455296885
243,2024-07-30 01:49:19,2024-07-30 01:50:36,76,ECarbenia/grimoiresigils,16,shifted,126,43,21.471801346801346,100.0,0.0,37.36972098646731
244,2024-07-30 01:50:36,2024-07-30 01:51:44,68,text-embedding-ada-002,16,shifted,48,14,21.563552188552187,100.0,0.0,37.34810586964656
245,2024-07-30 01:51:44,2024-07-30 01:53:23,99,text-embedding-ada-002,16,shifted,126,43,21.325757575757574,100.0,0.0,37.32480402112395
246,2024-07-30 01:53:24,2024-07-30 01:54:28,64,meta-llama/Meta-Llama-3-8B,16,shifted,48,14,20.57323232323232,100.0,0.0,36.60803051144154
247,2024-07-30 01:54:28,2024-07-30 01:55:51,83,meta-llama/Meta-Llama-3-8B,16,shifted,126,43,19.94823232323232,100.0,0.0,36.22751866265409
248,2024-07-30 01:55:51,2024-07-30 01:57:08,77,meta-llama/Meta-Llama-3-70B,16,shifted,48,14,20.787457912457914,100.0,0.0,36.918947731174235
249,2024-07-30 01:57:08,2024-07-30 01:59:09,121,meta-llama/Meta-Llama-3-70B,16,shifted,126,43,20.13131313131313,100.0,0.0,36.2963777881892
250,2024-07-30 01:59:10,2024-07-30 02:00:18,68,meta-llama/Meta-Llama-3.1-8B,16,shifted,48,14,20.262205387205388,100.0,0.0,36.47718621445044
251,2024-07-30 02:00:18,2024-07-30 02:01:44,86,meta-llama/Meta-Llama-3.1-8B,16,shifted,126,43,20.023569023569024,100.0,0.0,36.367925024436346
252,2024-07-30 02:01:44,2024-07-30 02:03:10,85,meta-llama/Meta-Llama-3.1-70B,16,shifted,48,14,20.467565290648693,100.0,0.0,36.51448518794734
253,2024-07-30 02:03:10,2024-07-30 02:04:27,77,meta-llama/Meta-Llama-3.1-70B,16,shifted,126,43,19.907828282828284,100.0,0.0,36.397101182397186
254,2024-07-30 02:04:27,2024-07-30 02:05:47,80,meta-llama/Meta-Llama-3.1-405B,16,shifted,48,14,19.65909090909091,100.0,0.0,36.14048532360678
255,2024-07-30 02:05:47,2024-07-30 02:07:27,100,meta-llama/Meta-Llama-3.1-405B,16,shifted,126,43,20.036616161616163,100.0,0.0,36.44955455301529
256,2024-07-30 02:07:28,2024-07-30 02:09:04,96,eci-io/climategpt-7b,17,shifted,48,14,20.239478114478114,100.0,0.0,36.75656897654514
257,2024-07-30 02:09:04,2024-07-30 02:10:34,90,eci-io/climategpt-7b,17,shifted,126,43,20.53956228956229,100.0,0.0,36.69483991341953
258,2024-07-30 02:10:35,2024-07-30 02:12:14,99,ECarbenia/grimoiresigils,17,shifted,48,14,20.19023569023569,100.0,0.0,36.55543455006966
259,2024-07-30 02:12:14,2024-07-30 02:13:52,98,ECarbenia/grimoiresigils,17,shifted,126,43,19.55223251895535,100.0,0.0,36.03410043398701
260,2024-07-30 02:13:52,2024-07-30 02:15:41,109,text-embedding-ada-002,17,shifted,48,14,19.585858585858585,100.0,0.0,36.055573975088045
261,2024-07-30 02:15:41,2024-07-30 02:17:26,104,text-embedding-ada-002,17,shifted,126,43,19.428872053872055,100.0,0.0,35.999999879398274
262,2024-07-30 02:17:26,2024-07-30 02:19:01,96,meta-llama/Meta-Llama-3-8B,17,shifted,48,14,19.688552188552187,100.0,0.0,36.32915910840783
263,2024-07-30 02:19:02,2024-07-30 02:20:33,92,meta-llama/Meta-Llama-3-8B,17,shifted,126,43,20.17929292929293,100.0,0.0,36.415517925377976
264,2024-07-30 02:20:33,2024-07-30 02:22:04,90,meta-llama/Meta-Llama-3-70B,17,shifted,48,14,19.86111111111111,100.0,0.0,36.195098049418476
265,2024-07-30 02:22:04,2024-07-30 02:23:42,98,meta-llama/Meta-Llama-3-70B,17,shifted,126,43,19.576599326599325,100.0,0.0,35.826800076993585
266,2024-07-30 02:23:42,2024-07-30 02:25:14,91,meta-llama/Meta-Llama-3.1-8B,17,shifted,48,14,21.65361952861953,100.0,0.0,37.377166848630175
267,2024-07-30 02:25:14,2024-07-30 02:26:42,88,meta-llama/Meta-Llama-3.1-8B,17,shifted,126,43,20.612373737373737,100.0,0.0,36.707354755443035
268,2024-07-30 02:26:42,2024-07-30 02:28:16,94,meta-llama/Meta-Llama-3.1-70B,17,shifted,48,14,20.696969696969695,100.0,0.0,36.49426670577647
269,2024-07-30 02:28:16,2024-07-30 02:29:41,85,meta-llama/Meta-Llama-3.1-70B,17,shifted,126,43,19.38888888888889,100.0,0.0,36.0651963250571
270,2024-07-30 02:29:41,2024-07-30 02:31:18,97,meta-llama/Meta-Llama-3.1-405B,17,shifted,48,14,20.16750841750842,100.0,0.0,36.75016838715354
271,2024-07-30 02:31:18,2024-07-30 02:32:54,97,meta-llama/Meta-Llama-3.1-405B,17,shifted,126,43,21.232323232323232,100.0,0.0,36.996430880919235
272,2024-07-30 02:32:55,2024-07-30 02:34:16,81,eci-io/climategpt-7b,18,shifted,48,14,20.723063973063972,100.0,0.0,36.5509292910549
273,2024-07-30 02:34:16,2024-07-30 02:35:40,84,eci-io/climategpt-7b,18,shifted,126,43,20.994105263157895,100.0,0.0,37.03027016904713
274,2024-07-30 02:35:40,2024-07-30 02:36:54,73,ECarbenia/grimoiresigils,18,shifted,48,14,20.99452861952862,100.0,0.0,36.86790604804103
275,2024-07-30 02:36:54,2024-07-30 02:38:15,81,ECarbenia/grimoiresigils,18,shifted,126,43,20.184421052631578,100.0,0.0,36.423334815952444
276,2024-07-30 02:38:15,2024-07-30 02:39:34,79,text-embedding-ada-002,18,shifted,48,14,20.3766835016835,100.0,0.0,36.400589169702606
277,2024-07-30 02:39:34,2024-07-30 02:41:03,90,text-embedding-ada-002,18,shifted,126,43,20.655578947368422,100.0,0.0,36.626212891285526
278,2024-07-30 02:41:04,2024-07-30 02:42:36,93,meta-llama/Meta-Llama-3-8B,18,shifted,48,14,20.705387205387204,100.0,0.0,36.81578477855028
279,2024-07-30 02:42:37,2024-07-30 02:43:42,66,meta-llama/Meta-Llama-3-8B,18,shifted,126,43,21.242003367003367,100.0,0.0,37.29548497050053
280,2024-07-30 02:43:42,2024-07-30 02:45:04,82,meta-llama/Meta-Llama-3-70B,18,shifted,48,14,20.990319865319865,100.0,0.0,37.147346876186845
281,2024-07-30 02:45:05,2024-07-30 02:46:13,68,meta-llama/Meta-Llama-3-70B,18,shifted,126,43,20.39814814814815,100.0,0.0,36.78363109549139
282,2024-07-30 02:46:13,2024-07-30 02:47:39,86,meta-llama/Meta-Llama-3.1-8B,18,shifted,48,14,21.046296296296298,100.0,0.0,37.169420976798754
283,2024-07-30 02:47:39,2024-07-30 02:49:03,84,meta-llama/Meta-Llama-3.1-8B,18,shifted,126,43,21.50821052631579,100.0,0.0,37.341033970476815
284,2024-07-30 02:49:03,2024-07-30 02:50:23,79,meta-llama/Meta-Llama-3.1-70B,18,shifted,48,14,21.55723905723906,100.0,0.0,37.58732269760624
285,2024-07-30 02:50:23,2024-07-30 02:51:42,79,meta-llama/Meta-Llama-3.1-70B,18,shifted,126,43,21.686447811447813,100.0,0.0,37.47770370778101
286,2024-07-30 02:51:42,2024-07-30 02:52:41,59,meta-llama/Meta-Llama-3.1-405B,18,shifted,48,14,21.717171717171716,100.0,0.0,37.465119635444985
287,2024-07-30 02:52:41,2024-07-30 02:53:57,76,meta-llama/Meta-Llama-3.1-405B,18,shifted,126,43,21.03956228956229,100.0,0.0,37.14768410232627
288,2024-07-30 02:53:57,2024-07-30 02:55:38,101,eci-io/climategpt-7b,19,shifted,48,14,21.987373737373737,100.0,0.0,37.81737624126672
289,2024-07-30 02:55:38,2024-07-30 02:57:22,104,eci-io/climategpt-7b,19,shifted,126,43,20.352272727272727,100.0,0.0,36.693347440802995
290,2024-07-30 02:57:22,2024-07-30 02:59:00,97,ECarbenia/grimoiresigils,19,shifted,48,14,20.65993265993266,100.0,0.0,36.91731429810323
291,2024-07-30 02:59:00,2024-07-30 03:00:41,101,ECarbenia/grimoiresigils,19,shifted,126,43,20.596882898062344,100.0,0.0,36.745690522706134
292,2024-07-30 03:00:41,2024-07-30 03:02:38,117,text-embedding-ada-002,19,shifted,48,14,20.34964150147617,100.0,0.0,36.482370444461964
293,2024-07-30 03:02:38,2024-07-30 03:04:21,103,text-embedding-ada-002,19,shifted,126,43,21.270156184043902,100.0,0.0,37.07718335251026
294,2024-07-30 03:04:21,2024-07-30 03:06:23,122,meta-llama/Meta-Llama-3-8B,19,shifted,48,14,21.980078563411897,100.0,0.0,37.4228426386689
295,2024-07-30 03:06:23,2024-07-30 03:08:19,116,meta-llama/Meta-Llama-3-8B,19,shifted,126,43,21.811026936026938,100.0,0.0,37.20569368478447
296,2024-07-30 03:08:19,2024-07-30 03:10:07,108,meta-llama/Meta-Llama-3-70B,19,shifted,48,14,21.342171717171716,100.0,0.0,37.09556826641121
297,2024-07-30 03:10:07,2024-07-30 03:12:03,116,meta-llama/Meta-Llama-3-70B,19,shifted,126,43,21.045875420875422,100.0,0.0,36.834126050824835
298,2024-07-30 03:12:03,2024-07-30 03:13:37,94,meta-llama/Meta-Llama-3.1-8B,19,shifted,48,14,21.334738617200674,100.0,0.0,37.07834909982867
299,2024-07-30 03:13:38,2024-07-30 03:15:24,107,meta-llama/Meta-Llama-3.1-8B,19,shifted,126,43,21.369886123998313,100.0,0.0,37.05486074169195
300,2024-07-30 03:15:24,2024-07-30 03:16:56,92,meta-llama/Meta-Llama-3.1-70B,19,shifted,48,14,20.75915789473684,100.0,0.0,36.58049161237602
301,2024-07-30 03:16:56,2024-07-30 03:18:24,88,meta-llama/Meta-Llama-3.1-70B,19,shifted,126,43,21.286195286195287,100.0,0.0,37.040014705040775
302,2024-07-30 03:18:24,2024-07-30 03:20:04,100,meta-llama/Meta-Llama-3.1-405B,19,shifted,48,14,19.49915824915825,100.0,0.0,35.720635335403
303,2024-07-30 03:20:05,2024-07-30 03:21:31,87,meta-llama/Meta-Llama-3.1-405B,19,shifted,126,43,20.609006734006734,100.0,0.0,36.51907514396965
304,2024-07-30 03:21:31,2024-07-30 03:22:48,77,eci-io/climategpt-7b,20,shifted,48,14,20.3957805907173,100.0,0.0,36.5195886293072
305,2024-07-30 03:22:48,2024-07-30 03:24:16,87,eci-io/climategpt-7b,20,shifted,126,43,20.15725126475548,100.0,0.0,36.191104049869494
306,2024-07-30 03:24:16,2024-07-30 03:25:33,77,ECarbenia/grimoiresigils,20,shifted,48,14,20.182813816343725,100.0,0.0,36.30348421577026
307,2024-07-30 03:25:33,2024-07-30 03:27:06,92,ECarbenia/grimoiresigils,20,shifted,126,43,20.62005054759899,100.0,0.0,36.64711553378319
308,2024-07-30 03:27:06,2024-07-30 03:28:41,95,text-embedding-ada-002,20,shifted,48,14,20.78598564795272,100.0,0.0,36.76095221249105
309,2024-07-30 03:28:43,2024-07-30 03:29:54,72,text-embedding-ada-002,20,shifted,126,43,21.48652064026959,100.0,0.0,37.327984848769844
310,2024-07-30 03:29:55,2024-07-30 03:31:24,89,meta-llama/Meta-Llama-3-8B,20,shifted,48,14,20.37405541561713,100.0,0.0,36.549688964300366
311,2024-07-30 03:31:24,2024-07-30 03:32:39,75,meta-llama/Meta-Llama-3-8B,20,shifted,126,43,20.111715481171547,100.0,0.0,36.22363894480698
312,2024-07-30 03:32:40,2024-07-30 03:34:03,84,meta-llama/Meta-Llama-3-70B,20,shifted,48,14,19.58560066973629,100.0,0.0,35.8668773578065
313,2024-07-30 03:34:04,2024-07-30 03:35:28,84,meta-llama/Meta-Llama-3-70B,20,shifted,126,43,19.953039832285114,100.0,0.0,36.22844615210743
314,2024-07-30 03:35:28,2024-07-30 03:37:07,99,meta-llama/Meta-Llama-3.1-8B,20,shifted,48,14,20.589958158995817,100.0,0.0,36.86187583276719
315,2024-07-30 03:37:07,2024-07-30 03:38:37,90,meta-llama/Meta-Llama-3.1-8B,20,shifted,126,43,20.48053578903307,100.0,0.0,36.74339663616751
316,2024-07-30 03:38:38,2024-07-30 03:40:04,86,meta-llama/Meta-Llama-3.1-70B,20,shifted,48,14,20.273221757322176,100.0,0.0,36.65447701012691
317,2024-07-30 03:40:04,2024-07-30 03:41:16,72,meta-llama/Meta-Llama-3.1-70B,20,shifted,126,43,20.894560669456066,100.0,0.0,37.17119237537643
318,2024-07-30 03:41:16,2024-07-30 03:43:00,103,meta-llama/Meta-Llama-3.1-405B,20,shifted,48,14,20.52510460251046,100.0,0.0,36.761742321373674
319,2024-07-30 03:43:00,2024-07-30 03:44:18,78,meta-llama/Meta-Llama-3.1-405B,20,shifted,126,43,19.776475512766847,100.0,0.0,36.39809112654866
320,2024-07-30 03:44:18,2024-07-30 03:45:39,81,eci-io/climategpt-7b,21,shifted,48,14,20.001673640167365,100.0,0.0,36.58631424222255
321,2024-07-30 03:45:39,2024-07-30 03:47:11,92,eci-io/climategpt-7b,21,shifted,126,43,19.82928870292887,100.0,0.0,36.47834813568974
322,2024-07-30 03:47:12,2024-07-30 03:48:56,105,ECarbenia/grimoiresigils,21,shifted,48,14,19.823430962343096,100.0,0.0,36.45345712782477
323,2024-07-30 03:48:56,2024-07-30 03:50:44,108,ECarbenia/grimoiresigils,21,shifted,126,43,20.38326359832636,100.0,0.0,36.900763657905486
324,2024-07-30 03:50:44,2024-07-30 03:52:36,111,text-embedding-ada-002,21,shifted,48,14,20.09949622166247,100.0,0.0,36.728497607380646
325,2024-07-30 03:52:36,2024-07-30 03:53:56,80,text-embedding-ada-002,21,shifted,126,43,20.182998324958124,100.0,0.0,36.71559320146867
326,2024-07-30 03:53:56,2024-07-30 03:56:18,142,meta-llama/Meta-Llama-3-8B,21,shifted,48,14,19.912412831241284,100.0,0.0,36.698117294413386
327,2024-07-30 03:56:18,2024-07-30 03:57:38,80,meta-llama/Meta-Llama-3-8B,21,shifted,126,43,21.36359832635983,100.0,0.0,37.64244903650731
328,2024-07-30 03:57:38,2024-07-30 03:59:07,89,meta-llama/Meta-Llama-3-70B,21,shifted,48,14,20.238474434199496,100.0,0.0,36.854176396161506
329,2024-07-30 03:59:07,2024-07-30 04:00:47,99,meta-llama/Meta-Llama-3-70B,21,shifted,126,43,19.865319865319865,100.0,0.0,36.446719019798884
330,2024-07-30 04:00:47,2024-07-30 04:02:13,86,meta-llama/Meta-Llama-3.1-8B,21,shifted,48,14,19.943514644351463,100.0,0.0,36.50691531523605
331,2024-07-30 04:02:13,2024-07-30 04:03:54,101,meta-llama/Meta-Llama-3.1-8B,21,shifted,126,43,20.0836820083682,100.0,0.0,36.73616672185316
332,2024-07-30 04:03:54,2024-07-30 04:05:24,90,meta-llama/Meta-Llama-3.1-70B,21,shifted,48,14,19.38730025231287,100.0,0.0,36.09208701132179
333,2024-07-30 04:05:25,2024-07-30 04:06:51,86,meta-llama/Meta-Llama-3.1-70B,21,shifted,126,43,19.811715481171547,100.0,0.0,36.60836178185245
334,2024-07-30 04:06:51,2024-07-30 04:08:13,82,meta-llama/Meta-Llama-3.1-405B,21,shifted,48,14,19.94560669456067,100.0,0.0,36.65227488772692
335,2024-07-30 04:08:13,2024-07-30 04:09:34,80,meta-llama/Meta-Llama-3.1-405B,21,shifted,126,43,20.051046025104604,100.0,0.0,36.54275392086569
336,2024-07-30 04:09:34,2024-07-30 04:11:24,110,eci-io/climategpt-7b,22,shifted,48,14,20.29539748953975,100.0,0.0,37.064984561230155
337,2024-07-30 04:11:24,2024-07-30 04:13:12,107,eci-io/climategpt-7b,22,shifted,126,43,20.286610878661087,100.0,0.0,37.0417539092007
338,2024-07-30 04:13:12,2024-07-30 04:14:53,101,ECarbenia/grimoiresigils,22,shifted,48,14,20.421757322175733,100.0,0.0,37.14224841408724
339,2024-07-30 04:14:53,2024-07-30 04:16:48,116,ECarbenia/grimoiresigils,22,shifted,126,43,20.519665271966527,100.0,0.0,37.1779773394242
340,2024-07-30 04:16:49,2024-07-30 04:18:51,122,text-embedding-ada-002,22,shifted,48,14,19.48981868898187,100.0,0.0,36.38491625996986
341,2024-07-30 04:18:51,2024-07-30 04:20:52,121,text-embedding-ada-002,22,shifted,126,43,19.929149232914924,100.0,0.0,36.67904199437771
342,2024-07-30 04:20:52,2024-07-30 04:22:26,94,meta-llama/Meta-Llama-3-8B,22,shifted,48,14,20.02845188284519,100.0,0.0,36.752131321390046
343,2024-07-30 04:22:27,2024-07-30 04:24:24,117,meta-llama/Meta-Llama-3-8B,22,shifted,126,43,19.69568857262453,100.0,0.0,36.629327144133434
344,2024-07-30 04:24:24,2024-07-30 04:26:03,99,meta-llama/Meta-Llama-3-70B,22,shifted,48,14,19.502512562814072,100.0,0.0,36.38133567697609
345,2024-07-30 04:26:03,2024-07-30 04:27:27,84,meta-llama/Meta-Llama-3-70B,22,shifted,126,43,19.676150627615062,100.0,0.0,36.452560618321286
346,2024-07-30 04:27:27,2024-07-30 04:29:21,114,meta-llama/Meta-Llama-3.1-8B,22,shifted,48,14,20.140167364016737,100.0,0.0,36.77319557648288
347,2024-07-30 04:29:21,2024-07-30 04:30:35,74,meta-llama/Meta-Llama-3.1-8B,22,shifted,126,43,19.10794979079498,100.0,0.0,36.08580159841829
348,2024-07-30 04:30:35,2024-07-30 04:32:26,111,meta-llama/Meta-Llama-3.1-70B,22,shifted,48,14,19.12928870292887,100.0,0.0,36.116590943695414
349,2024-07-30 04:32:27,2024-07-30 04:34:09,103,meta-llama/Meta-Llama-3.1-70B,22,shifted,126,43,19.547589098532494,100.0,0.0,36.24430555040459
350,2024-07-30 04:34:09,2024-07-30 04:35:47,97,meta-llama/Meta-Llama-3.1-405B,22,shifted,48,14,19.531932773109244,100.0,0.0,36.49020881941378
351,2024-07-30 04:35:47,2024-07-30 04:37:10,82,meta-llama/Meta-Llama-3.1-405B,22,shifted,126,43,19.033123689727464,100.0,0.0,35.856177002109284
352,2024-07-30 04:37:10,2024-07-30 04:39:22,133,eci-io/climategpt-7b,23,shifted,48,14,18.609205020920502,100.0,0.0,35.555310503159596
353,2024-07-30 04:39:23,2024-07-30 04:41:02,100,eci-io/climategpt-7b,23,shifted,126,43,19.188284518828453,100.0,0.0,36.03250283791784
354,2024-07-30 04:41:02,2024-07-30 04:43:07,125,ECarbenia/grimoiresigils,23,shifted,48,14,19.986889818688983,100.0,0.0,36.73485924675308
355,2024-07-30 04:43:08,2024-07-30 04:44:41,93,ECarbenia/grimoiresigils,23,shifted,126,43,20.075732217573222,100.0,0.0,36.78470898026681
356,2024-07-30 04:44:41,2024-07-30 04:46:25,104,text-embedding-ada-002,23,shifted,48,14,19.979907911259943,100.0,0.0,36.65340308822586
357,2024-07-30 04:46:25,2024-07-30 04:48:25,120,text-embedding-ada-002,23,shifted,126,43,19.63207810320781,100.0,0.0,36.29330737808731
358,2024-07-30 04:48:25,2024-07-30 04:50:29,123,meta-llama/Meta-Llama-3-8B,23,shifted,48,14,20.09428172942817,100.0,0.0,36.6325493985824
359,2024-07-30 04:50:29,2024-07-30 04:52:17,108,meta-llama/Meta-Llama-3-8B,23,shifted,126,43,20.35663457513604,100.0,0.0,36.92172300340538
360,2024-07-30 04:52:17,2024-07-30 04:54:06,109,meta-llama/Meta-Llama-3-70B,23,shifted,48,14,20.293723849372384,100.0,0.0,36.88187679977317
361,2024-07-30 04:54:06,2024-07-30 04:56:03,117,meta-llama/Meta-Llama-3-70B,23,shifted,126,43,19.564016736401673,100.0,0.0,36.43997515964508
362,2024-07-30 04:56:04,2024-07-30 04:58:03,119,meta-llama/Meta-Llama-3.1-8B,23,shifted,48,14,20.023012552301257,100.0,0.0,36.865348042225705
363,2024-07-30 04:58:04,2024-07-30 05:00:24,140,meta-llama/Meta-Llama-3.1-8B,23,shifted,126,43,19.56931659693166,100.0,0.0,36.531057240210245
364,2024-07-30 05:00:24,2024-07-30 05:02:16,112,meta-llama/Meta-Llama-3.1-70B,23,shifted,48,14,19.594979079497907,100.0,0.0,36.38477422803867
365,2024-07-30 05:02:17,2024-07-30 05:03:38,81,meta-llama/Meta-Llama-3.1-70B,23,shifted,126,43,19.26747593135203,100.0,0.0,36.229702241242
366,2024-07-30 05:03:38,2024-07-30 05:05:25,107,meta-llama/Meta-Llama-3.1-405B,23,shifted,48,14,19.33012552301255,100.0,0.0,36.263699398740144
367,2024-07-30 05:05:25,2024-07-30 05:07:15,109,meta-llama/Meta-Llama-3.1-405B,23,shifted,126,43,20.118041021347846,100.0,0.0,36.84680536366117
368,2024-07-30 05:07:15,2024-07-30 05:08:57,102,eci-io/climategpt-7b,24,shifted,48,14,18.688702928870292,100.0,0.0,35.81477858951674
369,2024-07-30 05:08:57,2024-07-30 05:11:22,145,eci-io/climategpt-7b,24,shifted,126,43,19.312412831241282,100.0,0.0,36.081590397778946
370,2024-07-30 05:11:22,2024-07-30 05:13:37,135,ECarbenia/grimoiresigils,24,shifted,48,14,19.59218967921897,100.0,0.0,36.30254727952116
371,2024-07-30 05:13:38,2024-07-30 05:15:40,123,ECarbenia/grimoiresigils,24,shifted,126,43,19.995534468322635,100.0,0.0,36.69764158602577
372,2024-07-30 05:15:41,2024-07-30 05:18:06,146,text-embedding-ada-002,24,shifted,48,14,19.570432357043234,100.0,0.0,36.40190028364673
373,2024-07-30 05:18:06,2024-07-30 05:20:27,140,text-embedding-ada-002,24,shifted,126,43,20.05857740585774,100.0,0.0,36.79280980632509
374,2024-07-30 05:20:27,2024-07-30 05:22:27,120,meta-llama/Meta-Llama-3-8B,24,shifted,48,14,18.7860529986053,100.0,0.0,35.855157617117044
375,2024-07-30 05:22:27,2024-07-30 05:24:52,145,meta-llama/Meta-Llama-3-8B,24,shifted,126,43,19.145885634588563,100.0,0.0,36.027188943072126
376,2024-07-30 05:24:53,2024-07-30 05:27:24,152,meta-llama/Meta-Llama-3-70B,24,shifted,48,14,20.277266387726637,100.0,0.0,36.94071927146433
377,2024-07-30 05:27:25,2024-07-30 05:29:46,141,meta-llama/Meta-Llama-3-70B,24,shifted,126,43,19.688981868898185,100.0,0.0,36.535674739609256
378,2024-07-30 05:29:46,2024-07-30 05:32:09,143,meta-llama/Meta-Llama-3.1-8B,24,shifted,48,14,19.95481171548117,100.0,0.0,36.76143483839776
379,2024-07-30 05:32:09,2024-07-30 05:34:42,153,meta-llama/Meta-Llama-3.1-8B,24,shifted,126,43,19.82092050209205,100.0,0.0,36.71107264329373
380,2024-07-30 05:34:42,2024-07-30 05:37:14,152,meta-llama/Meta-Llama-3.1-70B,24,shifted,48,14,20.097350069735008,100.0,0.0,37.110059767462786
381,2024-07-30 05:37:14,2024-07-30 05:39:29,135,meta-llama/Meta-Llama-3.1-70B,24,shifted,126,43,19.590794979079497,100.0,0.0,36.433474631526586
382,2024-07-30 05:39:29,2024-07-30 05:41:55,146,meta-llama/Meta-Llama-3.1-405B,24,shifted,48,14,19.00837287189506,100.0,0.0,36.19795499070588
383,2024-07-30 05:41:55,2024-07-30 05:44:20,145,meta-llama/Meta-Llama-3.1-405B,24,shifted,126,43,19.3721059972106,100.0,0.0,36.4461580415992
384,2024-07-30 05:44:20,2024-07-30 05:46:35,135,eci-io/climategpt-7b,25,shifted,48,14,19.525537259279933,100.0,0.0,36.381214947336844
385,2024-07-30 05:46:35,2024-07-30 05:48:38,122,eci-io/climategpt-7b,25,shifted,126,43,19.767642956764295,100.0,0.0,36.510698371665946
386,2024-07-30 05:48:38,2024-07-30 05:50:30,112,ECarbenia/grimoiresigils,25,shifted,48,14,20.706276150627616,100.0,0.0,37.21923669983171
387,2024-07-30 05:50:30,2024-07-30 05:52:45,135,ECarbenia/grimoiresigils,25,shifted,126,43,19.15955369595537,100.0,0.0,35.971268045493716
388,2024-07-30 05:52:45,2024-07-30 05:54:59,133,text-embedding-ada-002,25,shifted,48,14,19.529986052998606,100.0,0.0,36.39222034432919
389,2024-07-30 05:54:59,2024-07-30 05:57:19,140,text-embedding-ada-002,25,shifted,126,43,20.8,100.0,0.0,37.344975697159434
390,2024-07-30 05:57:20,2024-07-30 05:59:43,143,meta-llama/Meta-Llama-3-8B,25,shifted,48,14,20.494560669456067,100.0,0.0,37.07775727849177
391,2024-07-30 05:59:43,2024-07-30 06:01:48,125,meta-llama/Meta-Llama-3-8B,25,shifted,126,43,20.045746164574616,100.0,0.0,36.654487830729465
392,2024-07-30 06:01:48,2024-07-30 06:04:11,143,meta-llama/Meta-Llama-3-70B,25,shifted,48,14,20.24100418410042,100.0,0.0,36.77883864677648
393,2024-07-30 06:04:11,2024-07-30 06:06:51,160,meta-llama/Meta-Llama-3-70B,25,shifted,126,43,20.289539748953974,100.0,0.0,36.895316201768914
394,2024-07-30 06:06:51,2024-07-30 06:09:27,156,meta-llama/Meta-Llama-3.1-8B,25,shifted,48,14,19.735212053571427,100.0,0.0,36.704398521775786
395,2024-07-30 06:09:27,2024-07-30 06:11:31,124,meta-llama/Meta-Llama-3.1-8B,25,shifted,126,43,19.135843793584378,100.0,0.0,36.13016230752984
396,2024-07-30 06:11:32,2024-07-30 06:13:52,140,meta-llama/Meta-Llama-3.1-70B,25,shifted,48,14,19.298744769874478,100.0,0.0,36.39888239502682
397,2024-07-30 06:13:52,2024-07-30 06:16:14,142,meta-llama/Meta-Llama-3.1-70B,25,shifted,126,43,20.144490934449095,100.0,0.0,37.00806482485061
398,2024-07-30 06:16:15,2024-07-30 06:18:14,120,meta-llama/Meta-Llama-3.1-405B,25,shifted,48,14,19.523012552301257,100.0,0.0,36.396761537855845
399,2024-07-30 06:18:15,2024-07-30 06:20:54,160,meta-llama/Meta-Llama-3.1-405B,25,shifted,126,43,19.19163179916318,100.0,0.0,36.296496308037646
400,2024-07-30 06:20:54,2024-07-30 06:23:27,153,eci-io/climategpt-7b,26,shifted,48,14,19.376395089285715,100.0,0.0,36.462166717534025
401,2024-07-30 06:23:27,2024-07-30 06:25:41,134,eci-io/climategpt-7b,26,shifted,126,43,19.40139470013947,100.0,0.0,36.49820121938474
402,2024-07-30 06:25:41,2024-07-30 06:28:11,150,ECarbenia/grimoiresigils,26,shifted,48,14,20.118270571827058,100.0,0.0,36.9372501701635
403,2024-07-30 06:28:11,2024-07-30 06:30:40,149,ECarbenia/grimoiresigils,26,shifted,126,43,20.019246861924685,100.0,0.0,36.728589760488106
404,2024-07-30 06:30:41,2024-07-30 06:32:45,124,text-embedding-ada-002,26,shifted,48,14,19.237935843793583,100.0,0.0,36.23445649179697
405,2024-07-30 06:32:45,2024-07-30 06:35:06,141,text-embedding-ada-002,26,shifted,126,43,19.4465829846583,100.0,0.0,36.362441148733105
406,2024-07-30 06:35:06,2024-07-30 06:37:44,158,meta-llama/Meta-Llama-3-8B,26,shifted,48,14,19.359832635983263,100.0,0.0,36.21537684549571
407,2024-07-30 06:37:44,2024-07-30 06:39:56,132,meta-llama/Meta-Llama-3-8B,26,shifted,126,43,18.956485355648535,100.0,0.0,35.77807499838772
408,2024-07-30 06:39:56,2024-07-30 06:42:23,146,meta-llama/Meta-Llama-3-70B,26,shifted,48,14,19.262203626220362,100.0,0.0,36.11083790227366
409,2024-07-30 06:42:23,2024-07-30 06:44:40,137,meta-llama/Meta-Llama-3-70B,26,shifted,126,43,19.356485355648534,100.0,0.0,36.29326394433427
410,2024-07-30 06:44:40,2024-07-30 06:46:51,131,meta-llama/Meta-Llama-3.1-8B,26,shifted,48,14,19.05355648535565,100.0,0.0,36.049103560417606
411,2024-07-30 06:46:51,2024-07-30 06:49:08,137,meta-llama/Meta-Llama-3.1-8B,26,shifted,126,43,19.027615062761505,100.0,0.0,36.104287910151385
412,2024-07-30 06:49:09,2024-07-30 06:50:59,111,meta-llama/Meta-Llama-3.1-70B,26,shifted,48,14,19.456867671691793,100.0,0.0,36.33872530215871
413,2024-07-30 06:50:59,2024-07-30 06:52:45,105,meta-llama/Meta-Llama-3.1-70B,26,shifted,126,43,20.04103852596315,100.0,0.0,36.81562195865983
414,2024-07-30 06:52:45,2024-07-30 06:54:47,122,meta-llama/Meta-Llama-3.1-405B,26,shifted,48,14,20.293411501954214,100.0,0.0,37.0521592266121
415,2024-07-30 06:54:47,2024-07-30 06:56:56,129,meta-llama/Meta-Llama-3.1-405B,26,shifted,126,43,19.8278940027894,100.0,0.0,36.60461863803641
416,2024-07-30 06:56:56,2024-07-30 06:59:35,158,eci-io/climategpt-7b,27,shifted,48,14,19.547559274755926,100.0,0.0,36.310871540905914
417,2024-07-30 06:59:35,2024-07-30 07:02:03,148,eci-io/climategpt-7b,27,shifted,126,43,19.91587479038569,100.0,0.0,36.6048254368836
418,2024-07-30 07:02:03,2024-07-30 07:04:41,158,ECarbenia/grimoiresigils,27,shifted,48,14,19.616350446428573,100.0,0.0,36.383901671305054
419,2024-07-30 07:04:41,2024-07-30 07:07:06,145,ECarbenia/grimoiresigils,27,shifted,126,43,19.32644512705948,100.0,0.0,36.23314243225079
420,2024-07-30 07:07:07,2024-07-30 07:09:25,138,text-embedding-ada-002,27,shifted,48,14,19.756485355648536,100.0,0.0,36.544601891058704
421,2024-07-30 07:09:25,2024-07-30 07:12:01,156,text-embedding-ada-002,27,shifted,126,43,20.010602678571427,100.0,0.0,36.60745749064212
422,2024-07-30 07:12:02,2024-07-30 07:14:26,145,meta-llama/Meta-Llama-3-8B,27,shifted,48,14,20.9813110181311,100.0,0.0,37.41981661069538
423,2024-07-30 07:14:26,2024-07-30 07:17:07,161,meta-llama/Meta-Llama-3-8B,27,shifted,126,43,21.188563458856347,100.0,0.0,37.34642112048112
424,2024-07-30 07:17:07,2024-07-30 07:20:03,176,meta-llama/Meta-Llama-3-70B,27,shifted,48,14,21.112165178571427,100.0,0.0,37.13232596379467
425,2024-07-30 07:20:03,2024-07-30 07:22:41,158,meta-llama/Meta-Llama-3-70B,27,shifted,126,43,21.28786610878661,100.0,0.0,37.4817996092284
426,2024-07-30 07:22:41,2024-07-30 07:25:13,153,meta-llama/Meta-Llama-3.1-8B,27,shifted,48,14,20.908507670850767,100.0,0.0,37.182817796908445
427,2024-07-30 07:25:14,2024-07-30 07:28:08,174,meta-llama/Meta-Llama-3.1-8B,27,shifted,126,43,19.90739191073919,100.0,0.0,36.335495139920134
428,2024-07-30 07:28:08,2024-07-30 07:30:35,147,meta-llama/Meta-Llama-3.1-70B,27,shifted,48,14,20.433314732142858,100.0,0.0,36.74922013644115
429,2024-07-30 07:30:35,2024-07-30 07:32:57,142,meta-llama/Meta-Llama-3.1-70B,27,shifted,126,43,20.681640625,100.0,0.0,36.993183220525424
430,2024-07-30 07:32:57,2024-07-30 07:35:20,142,meta-llama/Meta-Llama-3.1-405B,27,shifted,48,14,20.783542538354254,100.0,0.0,37.095512087351125
431,2024-07-30 07:35:20,2024-07-30 07:37:56,156,meta-llama/Meta-Llama-3.1-405B,27,shifted,126,43,20.249093444909345,100.0,0.0,36.63581842732272
432,2024-07-30 07:37:56,2024-07-30 07:40:18,142,eci-io/climategpt-7b,28,shifted,48,14,20.603905160390514,100.0,0.0,37.26043098097933
433,2024-07-30 07:40:18,2024-07-30 07:42:37,139,eci-io/climategpt-7b,28,shifted,126,43,20.74923291492329,100.0,0.0,37.38623203922942
434,2024-07-30 07:42:37,2024-07-30 07:45:24,167,ECarbenia/grimoiresigils,28,shifted,48,14,20.816457461645747,100.0,0.0,37.526907121347506
435,2024-07-30 07:45:25,2024-07-30 07:47:34,129,ECarbenia/grimoiresigils,28,shifted,126,43,19.384379358437936,100.0,0.0,36.26022148549944
436,2024-07-30 07:47:34,2024-07-30 07:49:22,108,text-embedding-ada-002,28,shifted,48,14,18.734728033472802,100.0,0.0,35.772464848609566
437,2024-07-30 07:49:22,2024-07-30 07:51:48,146,text-embedding-ada-002,28,shifted,126,43,19.57350069735007,100.0,0.0,36.545573319999484
438,2024-07-30 07:51:48,2024-07-30 07:54:07,139,meta-llama/Meta-Llama-3-8B,28,shifted,48,14,18.357880055788005,100.0,0.0,35.43220009455096
439,2024-07-30 07:54:08,2024-07-30 07:56:29,142,meta-llama/Meta-Llama-3-8B,28,shifted,126,43,17.267224546722456,100.0,0.0,34.73810658046615
440,2024-07-30 07:56:30,2024-07-30 07:58:46,137,meta-llama/Meta-Llama-3-70B,28,shifted,48,14,17.075034867503486,100.0,0.0,34.66030471747815
441,2024-07-30 07:58:47,2024-07-30 08:01:12,146,meta-llama/Meta-Llama-3-70B,28,shifted,126,43,16.959263392857142,100.0,0.0,34.44877947110263
442,2024-07-30 08:01:12,2024-07-30 08:03:21,129,meta-llama/Meta-Llama-3.1-8B,28,shifted,48,14,17.355747767857142,100.0,0.0,34.975975254295776
443,2024-07-30 08:03:22,2024-07-30 08:05:45,143,meta-llama/Meta-Llama-3.1-8B,28,shifted,126,43,16.695955369595538,100.0,0.0,34.31477106454731
444,2024-07-30 08:05:45,2024-07-30 08:07:40,115,meta-llama/Meta-Llama-3.1-70B,28,shifted,48,14,16.3744769874477,100.0,0.0,34.22196183548657
445,2024-07-30 08:07:40,2024-07-30 08:09:49,128,meta-llama/Meta-Llama-3.1-70B,28,shifted,126,43,17.872102764590895,100.0,0.0,35.49927776063715
446,2024-07-30 08:09:49,2024-07-30 08:12:03,134,meta-llama/Meta-Llama-3.1-405B,28,shifted,48,14,18.076987447698745,100.0,0.0,35.59056430723894
447,2024-07-30 08:12:03,2024-07-30 08:14:31,148,meta-llama/Meta-Llama-3.1-405B,28,shifted,126,43,18.892608089260808,100.0,0.0,36.25229231558452
448,2024-07-30 08:14:31,2024-07-30 08:17:29,177,eci-io/climategpt-7b,29,shifted,48,14,19.063895089285715,100.0,0.0,36.424139480998285
449,2024-07-30 08:17:29,2024-07-30 08:19:33,124,eci-io/climategpt-7b,29,shifted,126,43,19.98130058610103,100.0,0.0,37.21476200657242
450,2024-07-30 08:19:33,2024-07-30 08:21:53,140,ECarbenia/grimoiresigils,29,shifted,48,14,20.844909344490933,100.0,0.0,37.79482234946113
451,2024-07-30 08:21:54,2024-07-30 08:24:08,134,ECarbenia/grimoiresigils,29,shifted,126,43,21.516741071428573,100.0,0.0,38.256960554257915
452,2024-07-30 08:24:08,2024-07-30 08:26:56,168,text-embedding-ada-002,29,shifted,48,14,21.72780569514238,100.0,0.0,38.45521521676129
453,2024-07-30 08:26:57,2024-07-30 08:29:38,161,text-embedding-ada-002,29,shifted,126,43,21.898158482142858,100.0,0.0,38.63413128868665
454,2024-07-30 08:29:39,2024-07-30 08:31:45,126,meta-llama/Meta-Llama-3-8B,29,shifted,48,14,22.19732068099358,100.0,0.0,38.95598560820223
455,2024-07-30 08:31:45,2024-07-30 08:34:05,140,meta-llama/Meta-Llama-3-8B,29,shifted,126,43,21.847892827239743,100.0,0.0,38.57581924867631
456,2024-07-30 08:34:05,2024-07-30 08:36:46,160,meta-llama/Meta-Llama-3-70B,29,shifted,48,14,22.021199442119944,100.0,0.0,38.60343244954818
457,2024-07-30 08:36:46,2024-07-30 08:39:06,140,meta-llama/Meta-Llama-3-70B,29,shifted,126,43,21.62287308228731,100.0,0.0,38.624574244963554
458,2024-07-30 08:39:06,2024-07-30 08:41:33,147,meta-llama/Meta-Llama-3.1-8B,29,shifted,48,14,21.829846582984658,100.0,0.0,38.60557115958692
459,2024-07-30 08:41:33,2024-07-30 08:44:07,153,meta-llama/Meta-Llama-3.1-8B,29,shifted,126,43,21.572942817294283,100.0,0.0,38.32668832281082
460,2024-07-30 08:44:07,2024-07-30 08:46:06,119,meta-llama/Meta-Llama-3.1-70B,29,shifted,48,14,21.44225941422594,100.0,0.0,38.114110858661284
461,2024-07-30 08:46:06,2024-07-30 08:48:23,137,meta-llama/Meta-Llama-3.1-70B,29,shifted,126,43,21.56931659693166,100.0,0.0,38.21344769909938
462,2024-07-30 08:48:23,2024-07-30 08:50:46,143,meta-llama/Meta-Llama-3.1-405B,29,shifted,48,14,21.803905160390517,100.0,0.0,38.43374381083498
463,2024-07-30 08:50:47,2024-07-30 08:53:18,151,meta-llama/Meta-Llama-3.1-405B,29,shifted,126,43,22.29205020920502,100.0,0.0,38.70487444295356
464,2024-07-30 08:53:18,2024-07-30 08:56:27,189,eci-io/climategpt-7b,30,shifted,48,14,21.871757322175732,100.0,0.0,38.62254335552925
465,2024-07-30 08:56:27,2024-07-30 08:59:02,155,eci-io/climategpt-7b,30,shifted,126,43,22.00334728033473,100.0,0.0,38.687240218925844
466,2024-07-30 08:59:02,2024-07-30 09:01:36,153,ECarbenia/grimoiresigils,30,shifted,48,14,22.583147321428573,100.0,0.0,39.02242219572321
467,2024-07-30 09:01:36,2024-07-30 09:03:47,131,ECarbenia/grimoiresigils,30,shifted,126,43,23.07029288702929,100.0,0.0,39.437288763699016
468,2024-07-30 09:03:47,2024-07-30 09:06:27,160,text-embedding-ada-002,30,shifted,48,14,22.828730822873084,100.0,0.0,39.25396946177453
469,2024-07-30 09:06:27,2024-07-30 09:08:28,121,text-embedding-ada-002,30,shifted,126,43,22.510460251046027,100.0,0.0,38.978194230693326
470,2024-07-30 09:08:29,2024-07-30 09:10:56,147,meta-llama/Meta-Llama-3-8B,30,shifted,48,14,22.702649930264993,100.0,0.0,39.00650638558837
471,2024-07-30 09:10:56,2024-07-30 09:13:21,145,meta-llama/Meta-Llama-3-8B,30,shifted,126,43,22.124128312412832,100.0,0.0,38.863082990923715
472,2024-07-30 09:13:21,2024-07-30 09:16:05,164,meta-llama/Meta-Llama-3-70B,30,shifted,48,14,22.670850767085078,100.0,0.0,39.27142558096202
473,2024-07-30 09:16:05,2024-07-30 09:18:21,135,meta-llama/Meta-Llama-3-70B,30,shifted,126,43,22.139191073919108,100.0,0.0,38.82863401022395
474,2024-07-30 09:18:21,2024-07-30 09:20:44,143,meta-llama/Meta-Llama-3.1-8B,30,shifted,48,14,22.704044630404464,100.0,0.0,39.28001934141954
475,2024-07-30 09:20:44,2024-07-30 09:23:17,153,meta-llama/Meta-Llama-3.1-8B,30,shifted,126,43,22.244909344490935,100.0,0.0,38.899083066206224
476,2024-07-30 09:23:17,2024-07-30 09:25:30,133,meta-llama/Meta-Llama-3.1-70B,30,shifted,48,14,22.752022315202233,100.0,0.0,39.2434826959413
477,2024-07-30 09:25:30,2024-07-30 09:28:05,155,meta-llama/Meta-Llama-3.1-70B,30,shifted,126,43,21.602510460251047,100.0,0.0,38.39981666668626
478,2024-07-30 09:28:05,2024-07-30 09:30:43,158,meta-llama/Meta-Llama-3.1-405B,30,shifted,48,14,21.75536959553696,100.0,0.0,38.628187206455124
479,2024-07-30 09:30:43,2024-07-30 09:33:48,185,meta-llama/Meta-Llama-3.1-405B,30,shifted,126,43,22.08012552301255,100.0,0.0,38.92054216761086
480,2024-07-30 09:33:48,2024-07-30 09:36:15,147,eci-io/climategpt-7b,31,shifted,48,14,21.773779637377963,100.0,0.0,38.5609716040812
481,2024-07-30 09:36:16,2024-07-30 09:38:32,136,eci-io/climategpt-7b,31,shifted,126,43,21.825383542538354,100.0,0.0,38.53154396140338
482,2024-07-30 09:38:32,2024-07-30 09:40:59,147,ECarbenia/grimoiresigils,31,shifted,48,14,21.87726638772664,100.0,0.0,38.63101691609616
483,2024-07-30 09:40:59,2024-07-30 09:43:39,160,ECarbenia/grimoiresigils,31,shifted,126,43,21.933035714285715,100.0,0.0,38.7748675208815
484,2024-07-30 09:43:40,2024-07-30 09:46:24,164,text-embedding-ada-002,31,shifted,48,14,21.479497907949792,100.0,0.0,38.34694888237028
485,2024-07-30 09:46:24,2024-07-30 09:48:55,151,text-embedding-ada-002,31,shifted,126,43,21.705718270571825,100.0,0.0,38.59608882725047
486,2024-07-30 09:48:55,2024-07-30 09:51:34,160,meta-llama/Meta-Llama-3-8B,31,shifted,48,14,21.92747559274756,100.0,0.0,38.739230731538136
487,2024-07-30 09:51:34,2024-07-30 09:54:06,151,meta-llama/Meta-Llama-3-8B,31,shifted,126,43,22.52189679218968,100.0,0.0,39.106905228869074
488,2024-07-30 09:54:06,2024-07-30 09:56:46,160,meta-llama/Meta-Llama-3-70B,31,shifted,48,14,22.401673640167363,100.0,0.0,39.03531764932702
489,2024-07-30 09:56:46,2024-07-30 09:59:18,152,meta-llama/Meta-Llama-3-70B,31,shifted,126,43,22.98744769874477,100.0,0.0,39.46608100616347
490,2024-07-30 09:59:18,2024-07-30 10:01:34,136,meta-llama/Meta-Llama-3.1-8B,31,shifted,48,14,22.27112970711297,100.0,0.0,38.91255672465537
491,2024-07-30 10:01:35,2024-07-30 10:04:27,173,meta-llama/Meta-Llama-3.1-8B,31,shifted,126,43,21.645746164574618,100.0,0.0,38.482617603242375
492,2024-07-30 10:04:27,2024-07-30 10:06:35,128,meta-llama/Meta-Llama-3.1-70B,31,shifted,48,14,21.697907949790796,100.0,0.0,38.431234369949635
493,2024-07-30 10:06:35,2024-07-30 10:09:08,153,meta-llama/Meta-Llama-3.1-70B,31,shifted,126,43,22.047698744769875,100.0,0.0,38.60714177545308
494,2024-07-30 10:09:08,2024-07-30 10:11:46,157,meta-llama/Meta-Llama-3.1-405B,31,shifted,48,14,21.16234309623431,100.0,0.0,38.053817903179805
495,2024-07-30 10:11:46,2024-07-30 10:13:58,131,meta-llama/Meta-Llama-3.1-405B,31,shifted,126,43,21.195258019525802,100.0,0.0,37.98486143833475
496,2024-07-30 10:13:59,2024-07-30 10:17:08,189,eci-io/climategpt-7b,32,shifted,48,14,20.970292887029288,100.0,0.0,37.86997109218745
497,2024-07-30 10:17:08,2024-07-30 10:19:58,170,eci-io/climategpt-7b,32,shifted,126,43,21.027630477253698,100.0,0.0,37.811318075285115
498,2024-07-30 10:19:58,2024-07-30 10:22:47,169,ECarbenia/grimoiresigils,32,shifted,48,14,21.36180904522613,100.0,0.0,38.12891716721609
499,2024-07-30 10:22:47,2024-07-30 10:25:34,167,ECarbenia/grimoiresigils,32,shifted,126,43,21.034588563458858,100.0,0.0,37.98506855017845
500,2024-07-30 10:25:34,2024-07-30 10:28:00,146,text-embedding-ada-002,32,shifted,48,14,20.736122733612273,100.0,0.0,37.75244778349672
501,2024-07-30 10:28:01,2024-07-30 10:30:36,155,text-embedding-ada-002,32,shifted,126,43,20.83542538354254,100.0,0.0,37.70836790842379
502,2024-07-30 10:30:36,2024-07-30 10:34:01,205,meta-llama/Meta-Llama-3-8B,32,shifted,48,14,20.858338564553254,100.0,0.0,37.8518102967251
503,2024-07-30 10:34:01,2024-07-30 10:37:07,186,meta-llama/Meta-Llama-3-8B,32,shifted,126,43,20.21255230125523,100.0,0.0,37.18282494071224
504,2024-07-30 10:37:08,2024-07-30 10:40:27,199,meta-llama/Meta-Llama-3-70B,32,shifted,48,14,20.42498430634024,100.0,0.0,37.403387076180394
505,2024-07-30 10:40:27,2024-07-30 10:43:54,207,meta-llama/Meta-Llama-3-70B,32,shifted,126,43,20.394935119296775,100.0,0.0,37.437922262411035
506,2024-07-30 10:43:54,2024-07-30 10:47:05,190,meta-llama/Meta-Llama-3.1-8B,32,shifted,48,14,20.438912133891215,100.0,0.0,37.33546077905911
507,2024-07-30 10:47:05,2024-07-30 10:50:01,176,meta-llama/Meta-Llama-3.1-8B,32,shifted,126,43,20.001115760111578,100.0,0.0,36.9262960238425
508,2024-07-30 10:50:01,2024-07-30 10:52:29,148,meta-llama/Meta-Llama-3.1-70B,32,shifted,48,14,19.902901785714285,100.0,0.0,36.89092101016658
509,2024-07-30 10:52:29,2024-07-30 10:55:31,181,meta-llama/Meta-Llama-3.1-70B,32,shifted,126,43,21.062343096234308,100.0,0.0,38.04824368360315
510,2024-07-30 10:55:31,2024-07-30 10:58:33,182,meta-llama/Meta-Llama-3.1-405B,32,shifted,48,14,20.836995187277672,100.0,0.0,37.95407112710804
511,2024-07-30 10:58:33,2024-07-30 11:01:59,206,meta-llama/Meta-Llama-3.1-405B,32,shifted,126,43,21.307386482527725,100.0,0.0,38.23672012966068
512,2024-07-30 11:01:59,2024-07-30 11:04:20,141,eci-io/climategpt-7b,33,shifted,48,14,20.365411436541144,100.0,0.0,37.367956929476144
513,2024-07-30 11:04:20,2024-07-30 11:06:55,155,eci-io/climategpt-7b,33,shifted,126,43,20.653556485355647,100.0,0.0,37.53863975495876
514,2024-07-30 11:06:56,2024-07-30 11:09:27,152,ECarbenia/grimoiresigils,33,shifted,48,14,20.996931659693168,100.0,0.0,37.80217157585683
515,2024-07-30 11:09:27,2024-07-30 11:12:20,173,ECarbenia/grimoiresigils,33,shifted,126,43,19.843514644351465,100.0,0.0,37.02164097646479
516,2024-07-30 11:12:20,2024-07-30 11:15:14,174,text-embedding-ada-002,33,shifted,48,14,19.511018131101814,100.0,0.0,36.67856963736191
517,2024-07-30 11:15:14,2024-07-30 11:17:53,158,text-embedding-ada-002,33,shifted,126,43,19.862482566248257,100.0,0.0,37.068511632665235
518,2024-07-30 11:17:53,2024-07-30 11:20:27,154,meta-llama/Meta-Llama-3-8B,33,shifted,48,14,19.916039051603907,100.0,0.0,37.1007080208154
519,2024-07-30 11:20:27,2024-07-30 11:23:10,163,meta-llama/Meta-Llama-3-8B,33,shifted,126,43,19.761506276150627,100.0,0.0,36.878007927661194
520,2024-07-30 11:23:11,2024-07-30 11:25:49,158,meta-llama/Meta-Llama-3-70B,33,shifted,48,14,20.10934449093445,100.0,0.0,37.12169724726676
521,2024-07-30 11:25:49,2024-07-30 11:28:30,161,meta-llama/Meta-Llama-3-70B,33,shifted,126,43,19.52524407252441,100.0,0.0,36.667096896447354
522,2024-07-30 11:28:30,2024-07-30 11:31:08,157,meta-llama/Meta-Llama-3.1-8B,33,shifted,48,14,19.5860529986053,100.0,0.0,36.78677286886483
523,2024-07-30 11:31:08,2024-07-30 11:34:02,174,meta-llama/Meta-Llama-3.1-8B,33,shifted,126,43,20.267299107142858,100.0,0.0,37.39129346636374
524,2024-07-30 11:34:02,2024-07-30 11:36:43,161,meta-llama/Meta-Llama-3.1-70B,33,shifted,48,14,20.18326359832636,100.0,0.0,37.29816440562443
525,2024-07-30 11:36:44,2024-07-30 11:39:53,190,meta-llama/Meta-Llama-3.1-70B,33,shifted,126,43,20.22510460251046,100.0,0.0,37.224754073735866
526,2024-07-30 11:39:53,2024-07-30 11:42:25,151,meta-llama/Meta-Llama-3.1-405B,33,shifted,48,14,20.813110181311018,100.0,0.0,37.688931741866156
527,2024-07-30 11:42:25,2024-07-30 11:45:12,168,meta-llama/Meta-Llama-3.1-405B,33,shifted,126,43,20.494140625,100.0,0.0,37.50488246921485
528,2024-07-30 11:45:13,2024-07-30 11:48:28,195,eci-io/climategpt-7b,34,shifted,48,14,20.146356783919597,100.0,0.0,37.337612653480804
529,2024-07-30 11:48:28,2024-07-30 11:51:02,154,eci-io/climategpt-7b,34,shifted,126,43,19.069735006973502,100.0,0.0,36.4849014999035
530,2024-07-30 11:51:02,2024-07-30 11:53:26,144,ECarbenia/grimoiresigils,34,shifted,48,14,19.17489539748954,100.0,0.0,36.4509644191081
531,2024-07-30 11:53:26,2024-07-30 11:56:54,207,ECarbenia/grimoiresigils,34,shifted,126,43,19.963598326359833,100.0,0.0,37.142294560520945
532,2024-07-30 11:56:55,2024-07-30 11:59:26,151,text-embedding-ada-002,34,shifted,48,14,20.2326359832636,100.0,0.0,37.300518466892434
533,2024-07-30 11:59:26,2024-07-30 12:02:15,169,text-embedding-ada-002,34,shifted,126,43,20.430404463040446,100.0,0.0,37.6111110084884
534,2024-07-30 12:02:15,2024-07-30 12:05:01,166,meta-llama/Meta-Llama-3-8B,34,shifted,48,14,20.290097629009765,100.0,0.0,37.27104323244037
535,2024-07-30 12:05:01,2024-07-30 12:07:27,146,meta-llama/Meta-Llama-3-8B,34,shifted,126,43,20.07172760256768,100.0,0.0,37.22474848884205
536,2024-07-30 12:07:27,2024-07-30 12:10:04,157,meta-llama/Meta-Llama-3-70B,34,shifted,48,14,19.602399553571427,100.0,0.0,36.85386283789251
537,2024-07-30 12:10:05,2024-07-30 12:12:50,165,meta-llama/Meta-Llama-3-70B,34,shifted,126,43,18.583542538354255,100.0,0.0,36.08611827561098
538,2024-07-30 12:12:50,2024-07-30 12:15:25,155,meta-llama/Meta-Llama-3.1-8B,34,shifted,48,14,19.465829846582984,100.0,0.0,36.8238903679296
539,2024-07-30 12:15:26,2024-07-30 12:18:35,189,meta-llama/Meta-Llama-3.1-8B,34,shifted,126,43,19.552092050209204,100.0,0.0,36.82728056285818
540,2024-07-30 12:18:35,2024-07-30 12:21:24,169,meta-llama/Meta-Llama-3.1-70B,34,shifted,48,14,19.698465829846583,100.0,0.0,36.847080235269864
541,2024-07-30 12:21:24,2024-07-30 12:24:15,171,meta-llama/Meta-Llama-3.1-70B,34,shifted,126,43,19.906276150627615,100.0,0.0,37.040723655523195
542,2024-07-30 12:24:15,2024-07-30 12:26:58,163,meta-llama/Meta-Llama-3.1-405B,34,shifted,48,14,19.352859135285915,100.0,0.0,36.67606992636784
543,2024-07-30 12:26:58,2024-07-30 12:29:32,154,meta-llama/Meta-Llama-3.1-405B,34,shifted,126,43,19.657740585774057,100.0,0.0,36.85499248267576
544,2024-07-30 12:29:32,2024-07-30 12:32:36,184,eci-io/climategpt-7b,35,shifted,48,14,18.083089158643784,100.0,0.0,35.70652367378623
545,2024-07-30 12:32:36,2024-07-30 12:35:37,181,eci-io/climategpt-7b,35,shifted,126,43,18.39560669456067,100.0,0.0,35.83816273603803
546,2024-07-30 12:35:37,2024-07-30 12:38:40,183,ECarbenia/grimoiresigils,35,shifted,48,14,18.782008368200838,100.0,0.0,36.1370031837775
547,2024-07-30 12:38:41,2024-07-30 12:41:43,183,ECarbenia/grimoiresigils,35,shifted,126,43,19.052521448001674,100.0,0.0,36.37448765637565
548,2024-07-30 12:41:43,2024-07-30 12:44:56,193,text-embedding-ada-002,35,shifted,48,14,18.673640167364017,100.0,0.0,35.947652294913865
549,2024-07-30 12:44:56,2024-07-30 12:47:35,159,text-embedding-ada-002,35,shifted,126,43,18.182705718270572,100.0,0.0,35.60617190333836
550,2024-07-30 12:47:36,2024-07-30 12:50:42,187,meta-llama/Meta-Llama-3-8B,35,shifted,48,14,18.480117203850984,100.0,0.0,35.88916780504704
551,2024-07-30 12:50:42,2024-07-30 12:53:52,190,meta-llama/Meta-Llama-3-8B,35,shifted,126,43,18.167573221757323,100.0,0.0,35.630296837090455
552,2024-07-30 12:53:53,2024-07-30 12:56:35,162,meta-llama/Meta-Llama-3-70B,35,shifted,48,14,18.03347280334728,100.0,0.0,35.59056129602285
553,2024-07-30 12:56:35,2024-07-30 13:00:32,237,meta-llama/Meta-Llama-3-70B,35,shifted,126,43,18.676778242677823,100.0,0.0,36.02699350215819
554,2024-07-30 13:00:33,2024-07-30 13:03:47,194,meta-llama/Meta-Llama-3.1-8B,35,shifted,48,14,18.808118853316593,100.0,0.0,36.288894334599526
555,2024-07-30 13:03:47,2024-07-30 13:07:00,193,meta-llama/Meta-Llama-3.1-8B,35,shifted,126,43,20.143514644351466,6250.0,0.0,97.18498135167371
556,2024-07-30 13:07:00,2024-07-30 13:09:49,169,meta-llama/Meta-Llama-3.1-70B,35,shifted,48,14,19.078940027894003,100.0,0.0,36.444967762579125
557,2024-07-30 13:09:49,2024-07-30 13:12:56,187,meta-llama/Meta-Llama-3.1-70B,35,shifted,126,43,18.80418410041841,100.0,0.0,36.32706027015563
558,2024-07-30 13:12:56,2024-07-30 13:15:55,179,meta-llama/Meta-Llama-3.1-405B,35,shifted,48,14,18.593305439330543,100.0,0.0,35.99457052051138
559,2024-07-30 13:15:56,2024-07-30 13:18:54,178,meta-llama/Meta-Llama-3.1-405B,35,shifted,126,43,18.98967921896792,100.0,0.0,36.513255215033716
560,2024-07-30 13:18:54,2024-07-30 13:21:55,181,eci-io/climategpt-7b,36,shifted,48,14,18.627196652719665,100.0,0.0,36.0733879871223
561,2024-07-30 13:21:55,2024-07-30 13:24:35,160,eci-io/climategpt-7b,36,shifted,126,43,18.523849372384937,100.0,0.0,35.98386842068934
562,2024-07-30 13:24:35,2024-07-30 13:27:59,203,ECarbenia/grimoiresigils,36,shifted,48,14,18.62962962962963,100.0,0.0,36.03519756386546
563,2024-07-30 13:27:59,2024-07-30 13:31:34,215,ECarbenia/grimoiresigils,36,shifted,126,43,18.696025104602512,100.0,0.0,36.06789337502882
564,2024-07-30 13:31:34,2024-07-30 13:35:10,216,text-embedding-ada-002,36,shifted,48,14,18.19560669456067,100.0,0.0,35.66868216768198
565,2024-07-30 13:35:10,2024-07-30 13:38:32,202,text-embedding-ada-002,36,shifted,126,43,18.57510460251046,100.0,0.0,35.954139599078765
566,2024-07-30 13:38:32,2024-07-30 13:41:54,202,meta-llama/Meta-Llama-3-8B,36,shifted,48,14,19.062565390249006,100.0,0.0,36.51531755677536
567,2024-07-30 13:41:54,2024-07-30 13:44:57,183,meta-llama/Meta-Llama-3-8B,36,shifted,126,43,18.88702928870293,100.0,0.0,36.35885463086254
568,2024-07-30 13:44:57,2024-07-30 13:48:02,185,meta-llama/Meta-Llama-3-70B,36,shifted,48,14,18.65,100.0,0.0,36.13010785273845
569,2024-07-30 13:48:02,2024-07-30 13:51:25,203,meta-llama/Meta-Llama-3-70B,36,shifted,126,43,18.09267782426778,100.0,0.0,35.6434646057162
570,2024-07-30 13:51:25,2024-07-30 13:54:51,205,meta-llama/Meta-Llama-3.1-8B,36,shifted,48,14,17.923012552301255,100.0,0.0,35.49638340306626
571,2024-07-30 13:54:51,2024-07-30 13:58:01,190,meta-llama/Meta-Llama-3.1-8B,36,shifted,126,43,18.691841004184102,100.0,0.0,35.99716073583976
572,2024-07-30 13:58:01,2024-07-30 14:00:57,176,meta-llama/Meta-Llama-3.1-70B,36,shifted,48,14,18.707670850767084,100.0,0.0,36.09168647105128
573,2024-07-30 14:00:57,2024-07-30 14:04:35,218,meta-llama/Meta-Llama-3.1-70B,36,shifted,126,43,19.062343096234308,100.0,0.0,36.406051563570095
574,2024-07-30 14:04:35,2024-07-30 14:08:14,219,meta-llama/Meta-Llama-3.1-405B,36,shifted,48,14,19.164644351464435,100.0,0.0,36.44817463138747
575,2024-07-30 14:08:16,2024-07-30 14:11:12,177,meta-llama/Meta-Llama-3.1-405B,36,shifted,126,43,18.7922150658079,100.0,0.0,36.18995877102393
576,2024-07-30 14:11:12,2024-07-30 14:14:27,195,eci-io/climategpt-7b,37,shifted,48,14,18.126262626262626,100.0,0.0,35.59140491842666
577,2024-07-30 14:14:27,2024-07-30 14:17:51,204,eci-io/climategpt-7b,37,shifted,126,43,18.626055743243242,100.0,0.0,36.05204130275161
578,2024-07-30 14:17:52,2024-07-30 14:21:18,207,ECarbenia/grimoiresigils,37,shifted,48,14,18.134350497986862,100.0,0.0,35.60719839781662
579,2024-07-30 14:21:19,2024-07-30 14:24:32,194,ECarbenia/grimoiresigils,37,shifted,126,43,18.24655208996393,100.0,0.0,35.78893603894291
580,2024-07-30 14:24:33,2024-07-30 14:27:47,194,text-embedding-ada-002,37,shifted,48,14,17.692941673710905,100.0,0.0,35.22062853999116
581,2024-07-30 14:27:47,2024-07-30 14:30:54,187,text-embedding-ada-002,37,shifted,126,43,16.814409100484518,100.0,0.0,34.42563301792267
582,2024-07-30 14:30:54,2024-07-30 14:34:32,218,meta-llama/Meta-Llama-3-8B,37,shifted,48,14,17.2342532125553,100.0,0.0,34.822860116442854
583,2024-07-30 14:34:32,2024-07-30 14:37:51,199,meta-llama/Meta-Llama-3-8B,37,shifted,126,43,16.986037656018617,100.0,0.0,34.65258040173622
584,2024-07-30 14:37:51,2024-07-30 14:40:51,180,meta-llama/Meta-Llama-3-70B,37,shifted,48,14,18.119560625264047,100.0,0.0,35.6264285391554
585,2024-07-30 14:40:52,2024-07-30 14:44:26,215,meta-llama/Meta-Llama-3-70B,37,shifted,126,43,18.133488470488683,100.0,0.0,35.635565360645174
586,2024-07-30 14:44:26,2024-07-30 14:47:36,190,meta-llama/Meta-Llama-3.1-8B,37,shifted,48,14,17.960314091680814,100.0,0.0,35.38394670926465
587,2024-07-30 14:47:36,2024-07-30 14:51:00,203,meta-llama/Meta-Llama-3.1-8B,37,shifted,126,43,17.48163871789429,100.0,0.0,35.0660225385927
588,2024-07-30 14:51:00,2024-07-30 14:54:40,220,meta-llama/Meta-Llama-3.1-70B,37,shifted,48,14,17.4080118694362,100.0,0.0,34.99526476084815
589,2024-07-30 14:54:41,2024-07-30 14:57:45,185,meta-llama/Meta-Llama-3.1-70B,37,shifted,126,43,17.84995773457312,100.0,0.0,35.58755690261827
590,2024-07-30 14:57:46,2024-07-30 15:00:56,191,meta-llama/Meta-Llama-3.1-405B,37,shifted,48,14,17.39835164835165,100.0,0.0,35.10149582151467
591,2024-07-30 15:00:57,2024-07-30 15:04:50,234,meta-llama/Meta-Llama-3.1-405B,37,shifted,126,43,17.62299239222316,100.0,0.0,35.46700074307831
592,2024-07-30 16:18:25,2024-07-30 16:23:04,279,eci-io/climategpt-7b,38,shifted,48,15,19.87240506329114,100.0,0.0,36.52018287600804
593,2024-07-30 16:23:04,2024-07-30 16:26:50,225,eci-io/climategpt-7b,38,shifted,126,52,19.862869198312236,100.0,0.0,36.527260225796574
594,2024-07-30 16:26:50,2024-07-30 16:31:11,261,ECarbenia/grimoiresigils,38,shifted,48,15,19.396793248945148,100.0,0.0,36.02537775675881
595,2024-07-30 16:31:11,2024-07-30 16:34:56,224,ECarbenia/grimoiresigils,38,shifted,126,52,19.03334740396792,100.0,0.0,35.81614184554891
596,2024-07-30 16:34:56,2024-07-30 16:38:57,241,text-embedding-ada-002,38,shifted,48,15,19.515279419213236,100.0,0.0,36.127460592331744
597,2024-07-30 16:38:57,2024-07-30 16:42:57,239,text-embedding-ada-002,38,shifted,126,52,19.24628629304524,100.0,0.0,35.977673466515576
598,2024-07-30 16:42:58,2024-07-30 16:47:07,250,meta-llama/Meta-Llama-3-8B,38,shifted,48,15,18.704253882511818,100.0,0.0,35.53735934147916
599,2024-07-30 16:47:08,2024-07-30 16:50:31,203,meta-llama/Meta-Llama-3-8B,38,shifted,126,52,18.03568412162162,100.0,0.0,35.11394927762897
600,2024-07-30 16:50:31,2024-07-30 16:54:31,240,meta-llama/Meta-Llama-3-70B,38,shifted,48,15,17.421159371303027,100.0,0.0,34.58974391128574
601,2024-07-30 16:54:32,2024-07-30 16:58:02,210,meta-llama/Meta-Llama-3-70B,38,shifted,126,52,16.37637130801688,100.0,0.0,33.5964298688692
602,2024-07-30 16:58:02,2024-07-30 17:01:48,226,meta-llama/Meta-Llama-3.1-8B,38,shifted,48,15,17.44240506329114,100.0,0.0,34.38785908752385
603,2024-07-30 17:01:48,2024-07-30 17:05:56,248,meta-llama/Meta-Llama-3.1-8B,38,shifted,126,52,17.32253164556962,100.0,0.0,34.31120888331768
604,2024-07-30 17:05:57,2024-07-30 17:09:16,200,meta-llama/Meta-Llama-3.1-70B,38,shifted,48,15,16.65801687763713,100.0,0.0,33.670137025526266
605,2024-07-30 17:09:17,2024-07-30 17:13:08,231,meta-llama/Meta-Llama-3.1-70B,38,shifted,126,52,16.810759493670886,100.0,0.0,33.76677094199707
606,2024-07-30 17:13:08,2024-07-30 17:17:09,242,meta-llama/Meta-Llama-3.1-405B,38,shifted,48,15,17.13926401080351,100.0,0.0,33.97818893815535
607,2024-07-30 17:17:10,2024-07-30 17:21:11,241,meta-llama/Meta-Llama-3.1-405B,38,shifted,126,52,16.64567859554355,100.0,0.0,33.63207107092893
608,2024-07-30 23:36:36,2024-07-31 00:03:32,1616,eci-io/climategpt-7b,231,shifted,48,16,21.68803765622464,100.0,0.0,37.893528370087715
609,2024-07-31 00:03:32,2024-07-31 00:30:40,1628,eci-io/climategpt-7b,231,shifted,126,45,20.784728083926204,100.0,0.0,37.59428160562998
610,2024-07-31 00:30:41,2024-07-31 00:56:09,1527,ECarbenia/grimoiresigils,231,shifted,48,16,21.776605072581432,100.0,0.0,38.28178936597321
611,2024-07-31 00:56:09,2024-07-31 01:22:13,1564,ECarbenia/grimoiresigils,231,shifted,126,45,22.772609253292458,100.0,0.0,38.98729216078106
612,2024-07-31 01:22:14,2024-07-31 01:47:20,1507,text-embedding-ada-002,231,shifted,48,16,24.137684689072902,100.0,0.0,39.84071854713582
613,2024-07-31 01:47:21,2024-07-31 02:13:53,1592,text-embedding-ada-002,231,shifted,126,45,24.813320825515948,100.0,0.0,40.305200586590395
614,2024-07-31 02:13:54,2024-07-31 02:39:46,1553,meta-llama/Meta-Llama-3-8B,231,shifted,48,16,23.734967532467532,100.0,0.0,39.54269891933085
615,2024-07-31 02:39:46,2024-07-31 03:06:34,1607,meta-llama/Meta-Llama-3-8B,231,shifted,126,45,24.960711383384385,100.0,0.0,40.10049405929102
616,2024-07-31 03:06:34,2024-07-31 03:33:25,1611,meta-llama/Meta-Llama-3-70B,231,shifted,48,16,23.073838936669272,100.0,0.0,38.97459074235193
617,2024-07-31 03:33:25,2024-07-31 04:00:05,1600,meta-llama/Meta-Llama-3-70B,231,shifted,126,45,23.032739212007506,100.0,0.0,39.0038515851532
618,2024-07-31 16:17:11,2024-07-31 16:42:47,1536,meta-llama/Meta-Llama-3.1-8B,231,shifted,48,16,23.70436819976249,100.0,0.0,39.33453210381969
619,2024-07-31 16:42:48,2024-07-31 17:18:21,2133,meta-llama/Meta-Llama-3.1-8B,231,shifted,126,50,22.414878670254566,100.0,0.0,38.293825599671784
620,2024-07-31 17:18:21,2024-07-31 17:50:09,1908,meta-llama/Meta-Llama-3.1-70B,231,shifted,48,16,21.698524628555074,100.0,0.0,37.238015064891755
621,2024-07-31 17:50:09,2024-07-31 18:32:10,2520,meta-llama/Meta-Llama-3.1-70B,231,shifted,126,50,22.025862236094685,100.0,0.0,37.471966385913184
622,2024-07-31 18:32:10,2024-07-31 18:59:34,1644,meta-llama/Meta-Llama-3.1-405B,231,shifted,48,16,21.98464925328732,100.0,0.0,37.83183964450964
623,2024-07-31 18:59:34,2024-07-31 19:25:33,1559,meta-llama/Meta-Llama-3.1-405B,231,shifted,126,50,23.092838792549774,100.0,0.0,38.48742501845961
624,2024-07-31 20:12:42,2024-07-31 20:39:13,1591,meta-llama/Meta-Llama-3.1-8B,232,shifted,48,15,20.626451854627202,100.0,0.0,37.00421658607373
625,2024-07-31 20:39:14,2024-07-31 21:03:26,1452,meta-llama/Meta-Llama-3.1-8B,232,shifted,126,46,21.891927346115036,100.0,0.0,37.96688647295743
626,2024-07-31 21:03:27,2024-07-31 21:26:50,1403,meta-llama/Meta-Llama-3.1-70B,232,shifted,48,15,22.109262826125022,100.0,0.0,38.10722380872551
